
--
-- Table structure for table `villagegeographycategory_村庄地理类`
--

DROP TABLE IF EXISTS `villagegeographycategory_村庄地理类`;
/*!40101 SET @saved_cs_client     = @@character_set_client */;
/*!50503 SET character_set_client = utf8mb4 */;
CREATE TABLE `villagegeographycategory_村庄地理类` (
  `categoryId_类别代码` int NOT NULL,
  `name_名称` varchar(100) NOT NULL,
  `parentId_父类代码` int DEFAULT NULL,
  PRIMARY KEY (`categoryId_类别代码`)
) ENGINE=InnoDB DEFAULT CHARSET=utf8 COLLATE=utf8_general_ci;
/*!40101 SET character_set_client = @saved_cs_client */;

--
-- Dumping data for table `villagegeographycategory_村庄地理类`
--

LOCK TABLES `villagegeographycategory_村庄地理类` WRITE;
/*!40000 ALTER TABLE `villagegeographycategory_村庄地理类` DISABLE KEYS */;
INSERT INTO `villagegeographycategory_村庄地理类` VALUES (1,'村庄总面积 Total Area',NULL),(2,'纬度 Latitude',NULL),(3,'经度 Longitude',NULL),(4,'距隶属县城距离 Distance to Affiliated to the county town',NULL);
/*!40000 ALTER TABLE `villagegeographycategory_村庄地理类` ENABLE KEYS */;
UNLOCK TABLES;

--
-- Table structure for table `villagegeographyunit_村庄地理单位`
--

DROP TABLE IF EXISTS `villagegeographyunit_村庄地理单位`;
/*!40101 SET @saved_cs_client     = @@character_set_client */;
/*!50503 SET character_set_client = utf8mb4 */;
CREATE TABLE `villagegeographyunit_村庄地理单位` (
  `unitId_单位代码` int NOT NULL AUTO_INCREMENT,
  `name_名称` varchar(100) NOT NULL,
  PRIMARY KEY (`unitId_单位代码`)
) ENGINE=InnoDB AUTO_INCREMENT=16 DEFAULT CHARSET=utf8 COLLATE=utf8_general_ci;
/*!40101 SET character_set_client = @saved_cs_client */;

--
-- Dumping data for table `villagegeographyunit_村庄地理单位`
--

LOCK TABLES `villagegeographyunit_村庄地理单位` WRITE;
/*!40000 ALTER TABLE `villagegeographyunit_村庄地理单位` DISABLE KEYS */;
INSERT INTO `villagegeographyunit_村庄地理单位` VALUES (1,'没有相关数据 No Available Data'),(2,'平方千米 / 平方公里 square kilometers'),(3,'平方华里 square huali'),(4,'亩 mu'),(5,'平方米 square meters'),(6,'公顷 hectares'),(7,'万亩 10K mu'),(8,'万平方米 10K square meters'),(9,'度分秒 DMS (degrees-minutes-seconds)'),(10,'十进制 DD (decimal degrees)'),(11,'度分秒范围 Range in DMS (degrees-minutes-seconds)'),(12,'十进制范围 Range in DD (decimal degrees)'),(13,'公里/千米 kilometer'),(14,'里 li');
/*!40000 ALTER TABLE `villagegeographyunit_村庄地理单位` ENABLE KEYS */;
UNLOCK TABLES;
/*!40103 SET TIME_ZONE=@OLD_TIME_ZONE */;

/*!40101 SET SQL_MODE=@OLD_SQL_MODE */;
/*!40014 SET FOREIGN_KEY_CHECKS=@OLD_FOREIGN_KEY_CHECKS */;
/*!40014 SET UNIQUE_CHECKS=@OLD_UNIQUE_CHECKS */;
/*!40101 SET CHARACTER_SET_CLIENT=@OLD_CHARACTER_SET_CLIENT */;
/*!40101 SET CHARACTER_SET_RESULTS=@OLD_CHARACTER_SET_RESULTS */;
/*!40101 SET COLLATION_CONNECTION=@OLD_COLLATION_CONNECTION */;
/*!40111 SET SQL_NOTES=@OLD_SQL_NOTES */;

-- Dump completed on 2021-02-03 10:34:20


DROP TABLE IF EXISTS `villagegeography_村庄地理`;
/*!40101 SET @saved_cs_client     = @@character_set_client */;
/*!50503 SET character_set_client = utf8mb4 */;
CREATE TABLE `villagegeography_村庄地理` (
  `gazetteerId_村志代码` int NOT NULL,
  `villageInnerId_村庄内部代码` varchar(100) NOT NULL,
  `categoryId_类别代码` int NOT NULL,
  `unitId_单位代码` int NOT NULL,
  `data_数据` varchar(100) DEFAULT NULL,
  PRIMARY KEY (`gazetteerId_村志代码`,`villageInnerId_村庄内部代码`,`categoryId_类别代码`,`unitId_单位代码`),
  KEY `gazetteerId_村志代码` (`gazetteerId_村志代码`),
  KEY `categoryId_类别代码` (`categoryId_类别代码`),
  KEY `villagegeography_村庄地理_ibfk_3_idx` (`unitId_单位代码`),
  KEY `villagegeography_村庄地理_ibfk_4_idx` (`villageInnerId_村庄内部代码`),
  CONSTRAINT `villagegeography_村庄地理_ibfk_1` FOREIGN KEY (`gazetteerId_村志代码`) REFERENCES `gazetteerinformation_村志信息` (`gazetteerId_村志代码`),
  CONSTRAINT `villagegeography_村庄地理_ibfk_2` FOREIGN KEY (`categoryId_类别代码`) REFERENCES `villagegeographycategory_村庄地理类` (`categoryId_类别代码`),
  CONSTRAINT `villagegeography_村庄地理_ibfk_3` FOREIGN KEY (`unitId_单位代码`) REFERENCES `villagegeographyunit_村庄地理单位` (`unitId_单位代码`),
  CONSTRAINT `villagegeography_村庄地理_ibfk_4` FOREIGN KEY (`villageInnerId_村庄内部代码`) REFERENCES `village_村` (`villageInnerId_村庄内部代码`)
) ENGINE=InnoDB DEFAULT CHARSET=utf8 COLLATE=utf8_general_ci;
/*!40101 SET character_set_client = @saved_cs_client */;

--
-- Dumping data for table `villagegeography_村庄地理`
--

LOCK TABLES `villagegeography_村庄地理` WRITE;
/*!40000 ALTER TABLE `villagegeography_村庄地理` DISABLE KEYS */;
INSERT INTO `villagegeography_村庄地理` VALUES (1,'1',1,1,NULL),(1,'1',2,1,NULL),(1,'1',3,1,NULL),(1,'1',4,13,'4'),(2,'2',1,2,'7.5'),(2,'2',2,9,'30°47′N'),(2,'2',3,9,'114°11′E'),(2,'2',4,13,'5'),(3,'3',1,2,'7.5'),(3,'3',2,9,'250°9′N'),(3,'3',3,9,'105°48′E'),(3,'3',4,13,'25.3'),(4,'4',1,2,'5.534'),(4,'4',2,9,'22°51′N'),(4,'4',3,9,'108°18′E'),(4,'4',4,1,NULL),(5,'5',1,1,NULL),(5,'5',2,1,NULL),(5,'5',3,1,NULL),(5,'5',4,13,'9'),(6,'6',1,3,'6.0'),(6,'6',2,9,'37°32′N'),(6,'6',3,9,'114°32′E'),(6,'6',4,13,'15'),(7,'7',1,4,'5528.4'),(7,'7',2,1,NULL),(7,'7',3,1,NULL),(7,'7',4,1,NULL),(8,'8',1,2,'22.278000000000002'),(8,'8',2,1,NULL),(8,'8',3,1,NULL),(8,'8',4,13,'7'),(9,'9',1,2,'4.6'),(9,'9',2,9,'36°51′N'),(9,'9',3,9,'115°29′E'),(9,'9',4,13,'17'),(10,'10',1,4,'1400.0'),(10,'10',2,1,NULL),(10,'10',3,1,NULL),(10,'10',4,1,NULL),(11,'11',1,2,'1.95'),(11,'11',2,9,'22°58′38″N'),(11,'11',3,9,'113°59′18″E'),(11,'11',4,1,NULL),(12,'12',1,2,'0.88'),(12,'12',2,1,NULL),(12,'12',3,1,NULL),(12,'12',4,13,'6'),(13,'13',1,2,'2.6'),(13,'13',2,1,NULL),(13,'13',3,1,NULL),(13,'13',4,1,NULL),(14,'14',1,2,'42.4'),(14,'14',2,9,'36°16′N'),(14,'14',3,9,'113°48′E'),(14,'14',4,13,'25'),(15,'15',1,2,'4.2'),(15,'15',2,1,NULL),(15,'15',3,1,NULL),(15,'15',4,13,'12'),(16,'16',1,1,NULL),(16,'16',2,1,NULL),(16,'16',3,1,NULL),(16,'16',4,1,NULL),(17,'17',1,2,'1.3'),(17,'17',2,1,NULL),(17,'17',3,1,NULL),(17,'17',4,1,NULL),(18,'18',1,1,NULL),(18,'18',2,9,'36°09′N'),(18,'18',3,9,'121°09′E'),(18,'18',4,1,NULL),(19,'19',1,2,'3.0'),(19,'19',2,9,'30°55′N'),(19,'19',3,9,'121°27′E'),(19,'19',4,1,NULL),(20,'20',1,2,'0.03'),(20,'20',2,9,'39°42′N'),(20,'20',3,9,NULL),(20,'20',4,1,NULL),(21,'21',1,2,'4.4'),(21,'21',2,9,'39.4°N'),(21,'21',3,9,'94.1°E'),(21,'21',4,14,'80'),(22,'22',1,5,'3126067.0'),(22,'22',2,1,NULL),(22,'22',3,1,NULL),(22,'22',4,1,NULL),(23,'23',1,4,'13869.0'),(23,'23',2,1,NULL),(23,'23',3,1,NULL),(23,'23',4,1,NULL),(24,'24',1,2,'37.6'),(24,'24',2,1,NULL),(24,'24',3,1,NULL),(24,'24',4,13,'30'),(25,'25',1,2,'22.07'),(25,'25',2,1,NULL),(25,'25',3,1,NULL),(25,'25',4,13,'28'),(26,'26',1,2,'4.0'),(26,'26',2,1,NULL),(26,'26',3,1,NULL),(26,'26',4,1,NULL),(27,'27',1,2,'4.0'),(27,'27',2,9,'18°18′N'),(27,'27',3,9,'106°19′E'),(27,'27',4,1,NULL),(28,'28',1,2,'12.0'),(28,'28',2,1,NULL),(28,'28',3,1,NULL),(28,'28',4,1,NULL),(29,'29',1,2,'35.0'),(29,'29',2,1,NULL),(29,'29',3,1,NULL),(29,'29',4,13,'60'),(30,'30',1,2,'3.3'),(30,'30',2,9,'26°14′N'),(30,'30',3,9,'105°55′E'),(30,'30',4,1,NULL),(31,'31',1,1,NULL),(31,'31',2,1,NULL),(31,'31',3,1,NULL),(31,'31',4,13,'50'),(32,'32',1,2,'2.14'),(32,'32',2,1,NULL),(32,'32',3,1,NULL),(32,'32',4,1,NULL),(33,'33',1,2,'16.0'),(33,'33',2,9,'37°26\'N'),(33,'33',3,9,'114°2\'E'),(33,'33',4,13,'44'),(34,'34',1,2,'11.3'),(34,'34',2,9,'43°54′34″N'),(34,'34',3,9,'125°22′5″E'),(34,'34',4,1,NULL),(35,'35',1,2,'5.37'),(35,'35',2,9,'24°32\'N'),(35,'35',3,9,NULL),(35,'35',4,1,NULL),(36,'36',1,2,'1.1'),(36,'36',2,1,NULL),(36,'36',3,1,NULL),(36,'36',4,13,'6'),(37,'37',1,2,'2.91'),(37,'37',2,1,NULL),(37,'37',3,1,NULL),(37,'37',4,1,NULL),(38,'38',1,1,NULL),(38,'38',2,1,NULL),(38,'38',3,1,NULL),(38,'38',4,13,'30'),(39,'39',1,2,'3.7'),(39,'39',2,1,NULL),(39,'39',3,1,NULL),(39,'39',4,1,NULL),(40,'40',1,2,'4.68'),(40,'40',2,1,NULL),(40,'40',3,1,NULL),(40,'40',4,1,NULL),(41,'41',1,2,'5.5'),(41,'41',2,1,NULL),(41,'41',3,1,NULL),(41,'41',4,1,NULL),(42,'42',1,2,'2.0'),(42,'42',2,1,NULL),(42,'42',3,1,NULL),(42,'42',4,1,NULL),(43,'43',1,4,'6800.0'),(43,'43',2,9,'40°4\'N'),(43,'43',3,9,'116°6\'E'),(43,'43',4,1,NULL),(44,'44',1,2,'6.52'),(44,'44',2,9,'35°40′N'),(44,'44',3,9,'114°58′E'),(44,'44',4,13,'28'),(45,'45',1,4,'8360.7'),(45,'45',2,9,'39°28′50″N'),(45,'45',3,9,'99°40′E'),(45,'45',4,13,'14'),(46,'46',1,2,'2.71'),(46,'46',2,9,'38°49′N'),(46,'46',3,9,'121°09′E'),(46,'46',4,13,'5'),(47,'47',1,2,'4.76'),(47,'47',2,9,'30.47°N'),(47,'47',3,9,'120.4°E'),(47,'47',4,1,NULL),(48,'48',1,6,'353.8'),(48,'48',2,9,'39.57°N'),(48,'48',3,9,'116.5°E'),(48,'48',4,1,NULL),(49,'49',1,1,NULL),(49,'49',2,1,NULL),(49,'49',3,1,NULL),(49,'49',4,13,'6'),(50,'50',1,2,'8.0'),(50,'50',2,1,NULL),(50,'50',3,1,NULL),(50,'50',4,1,NULL),(51,'51',1,2,'3.8'),(51,'51',2,9,'23°34′N'),(51,'51',3,9,'116°17′E'),(51,'51',4,1,NULL),(52,'52',1,2,'3.8529'),(52,'52',2,9,'38°49\'N'),(52,'52',3,9,'121°20\'E'),(52,'52',4,13,'5'),(53,'53',1,2,'2.1'),(53,'53',2,9,'31°N'),(53,'53',3,9,'120°E'),(53,'53',4,13,'18'),(54,'54',1,2,'3.4676'),(54,'54',2,9,'35°53′08″N'),(54,'54',3,9,'114°23′40″E'),(54,'54',4,13,'5'),(55,'55',1,1,NULL),(55,'55',2,9,'26°5′N'),(55,'55',3,9,'119°20′E'),(55,'55',4,1,NULL),(56,'56',1,2,'1.2792'),(56,'56',2,1,NULL),(56,'56',3,1,NULL),(56,'56',4,1,NULL),(57,'57',1,2,'33.4'),(57,'57',2,1,NULL),(57,'57',3,1,NULL),(57,'57',4,13,'90'),(58,'58',1,2,'6.3'),(58,'58',2,1,NULL),(58,'58',3,1,NULL),(58,'58',4,13,'20'),(59,'59',1,2,'9.0'),(59,'59',2,1,NULL),(59,'59',3,1,NULL),(59,'59',4,13,'20'),(60,'60',1,2,'2.67'),(60,'60',2,9,'23°7′4″N'),(60,'60',3,9,'113°9′1″E'),(60,'60',4,1,NULL),(61,'61',1,2,'3.3'),(61,'61',2,9,'38°N'),(61,'61',3,9,'115°E'),(61,'61',4,1,NULL),(62,'62',1,1,NULL),(62,'62',2,1,NULL),(62,'62',3,1,NULL),(62,'62',4,1,NULL),(63,'63',1,2,'30.0'),(63,'63',2,9,'36°20′14″N'),(63,'63',3,9,'113°48′25″E'),(63,'63',4,1,NULL),(64,'64',1,2,'1.7'),(64,'64',2,9,'39°53′N'),(64,'64',3,9,'116°16′E'),(64,'64',4,13,'3.7'),(65,'65',1,2,'3.2'),(65,'65',2,1,NULL),(65,'65',3,1,NULL),(65,'65',4,13,'5.5'),(66,'66',1,2,'19.1'),(66,'66',2,1,NULL),(66,'66',3,1,NULL),(66,'66',4,1,NULL),(67,'67',1,2,'1.5'),(67,'67',2,9,'36°45′N'),(67,'67',3,9,'114°15′E'),(67,'67',4,13,'20'),(68,'68',1,2,'24.0'),(68,'68',2,1,NULL),(68,'68',3,1,NULL),(68,'68',4,13,'23'),(69,'69',1,4,'1650.0'),(69,'69',2,1,NULL),(69,'69',3,1,NULL),(69,'69',4,13,'13'),(70,'70',1,2,'3.75'),(70,'70',2,9,NULL),(70,'70',3,9,'112°49′E'),(70,'70',4,13,'5'),(71,'71',1,2,'3.5'),(71,'71',2,9,'38°52′N'),(71,'71',3,9,'121°13′E'),(71,'71',4,1,NULL),(72,'72',1,2,'1.87'),(72,'72',2,1,NULL),(72,'72',3,1,NULL),(72,'72',4,13,'11'),(73,'73',1,1,NULL),(73,'73',2,1,NULL),(73,'73',3,1,NULL),(73,'73',4,13,'12'),(74,'74',1,4,'7988.0'),(74,'74',2,1,NULL),(74,'74',3,1,NULL),(74,'74',4,13,'11.8'),(75,'75',1,4,'2047.0'),(75,'75',2,1,NULL),(75,'75',3,1,NULL),(75,'75',4,13,'39'),(76,'76',1,2,'2.59'),(76,'76',2,9,'39°41′57.75″N'),(76,'76',3,9,'116°35′00.78″E'),(76,'76',4,1,NULL),(77,'77',1,2,'6.99'),(77,'77',2,1,NULL),(77,'77',3,1,NULL),(77,'77',4,1,NULL),(78,'78',1,2,'3.423'),(78,'78',2,1,NULL),(78,'78',3,1,NULL),(78,'78',4,1,NULL),(79,'79',1,2,'1.73'),(79,'79',2,9,'27°54′44.73″N'),(79,'79',3,9,'120°47′51.02″'),(79,'79',4,1,NULL),(80,'80',1,1,NULL),(80,'80',2,1,NULL),(80,'80',3,1,NULL),(80,'80',4,1,NULL),(81,'81',1,4,'4500.0'),(81,'81',2,1,NULL),(81,'81',3,1,NULL),(81,'81',4,13,'5'),(82,'82',1,4,'11170.0'),(82,'82',2,9,NULL),(82,'82',3,9,'112°66′E'),(82,'82',4,13,'35'),(83,'83',1,2,'1.7'),(83,'83',2,9,'35°5′N'),(83,'83',3,9,'112°5′E'),(83,'83',4,13,'10'),(84,'84',1,1,NULL),(84,'84',2,1,NULL),(84,'84',3,1,NULL),(84,'84',4,1,NULL),(85,'85',1,4,'7500.0'),(85,'85',2,1,NULL),(85,'85',3,1,NULL),(85,'85',4,13,'15'),(86,'86',1,2,'7.7'),(86,'86',2,1,NULL),(86,'86',3,1,NULL),(86,'86',4,1,NULL),(87,'87',1,2,'1.32'),(87,'87',2,1,NULL),(87,'87',3,1,NULL),(87,'87',4,1,NULL),(88,'88',1,2,'3.9'),(88,'88',2,9,'38°53′N'),(88,'88',3,9,'117°25′E'),(88,'88',4,13,'25'),(89,'89',1,2,'5.3'),(89,'89',2,9,'39°5′N'),(89,'89',3,9,'117°20′E'),(89,'89',4,13,'5'),(90,'90',1,2,'4.5'),(90,'90',2,9,'22°19′N'),(90,'90',3,9,'110°18′E'),(90,'90',4,1,NULL),(91,'91',1,2,'2.155'),(91,'91',2,1,NULL),(91,'91',3,1,NULL),(91,'91',4,13,'12'),(92,'92',1,2,'50.0'),(92,'92',2,1,NULL),(92,'92',3,1,NULL),(92,'92',4,13,'49'),(93,'93',1,2,'6.64'),(93,'93',2,10,'39.17°N'),(93,'93',3,10,'117.18°E'),(93,'93',4,1,NULL),(94,'94',1,2,'2.5'),(94,'94',2,1,NULL),(94,'94',3,1,NULL),(94,'94',4,1,NULL),(95,'95',1,2,'4.96'),(95,'95',2,1,NULL),(95,'95',3,1,NULL),(95,'95',4,1,NULL),(96,'96',1,5,'96500.0'),(96,'96',2,1,NULL),(96,'96',3,1,NULL),(96,'96',4,1,NULL),(97,'97',1,2,'1.8'),(97,'97',2,1,NULL),(97,'97',3,1,NULL),(97,'97',4,13,'19'),(98,'98',1,2,'1.99'),(98,'98',2,1,NULL),(98,'98',3,1,NULL),(98,'98',4,1,NULL),(99,'99',1,1,NULL),(99,'99',2,1,NULL),(99,'99',3,1,NULL),(99,'99',4,1,NULL),(100,'100',1,2,'20.23'),(100,'100',2,1,NULL),(100,'100',3,1,NULL),(100,'100',4,13,'35'),(101,'101',1,2,'12.9'),(101,'101',2,1,NULL),(101,'101',3,1,NULL),(101,'101',4,13,'16'),(102,'102',1,1,NULL),(102,'102',2,1,NULL),(102,'102',3,1,NULL),(102,'102',4,13,'2.5'),(103,'103',1,2,'6.8'),(103,'103',2,1,NULL),(103,'103',3,1,NULL),(103,'103',4,1,NULL),(104,'104',1,6,'1029.07'),(104,'104',2,1,NULL),(104,'104',3,1,NULL),(104,'104',4,1,NULL),(105,'105',1,2,'13.0'),(105,'105',2,1,NULL),(105,'105',3,1,NULL),(105,'105',4,13,'13'),(106,'106',1,7,'5.99'),(106,'106',2,1,NULL),(106,'106',3,1,NULL),(106,'106',4,1,NULL),(107,'107',1,2,'24.0'),(107,'107',2,1,NULL),(107,'107',3,1,NULL),(107,'107',4,1,NULL),(108,'108',1,1,NULL),(108,'108',2,1,NULL),(108,'108',3,1,NULL),(108,'108',4,13,'30'),(109,'109',1,2,'12.3'),(109,'109',2,1,NULL),(109,'109',3,1,NULL),(109,'109',4,13,'28'),(110,'110',1,1,NULL),(110,'110',2,1,NULL),(110,'110',3,1,NULL),(110,'110',4,13,'26'),(111,'111',1,1,NULL),(111,'111',2,1,NULL),(111,'111',3,1,NULL),(111,'111',4,1,NULL),(112,'112',1,1,NULL),(112,'112',2,1,NULL),(112,'112',3,1,NULL),(112,'112',4,1,NULL),(113,'113',1,2,'6.7'),(113,'113',2,9,'35°44′N'),(113,'113',3,9,'104°10′E'),(113,'113',4,1,NULL),(114,'114',1,2,'5.68'),(114,'114',2,1,NULL),(114,'114',3,1,NULL),(114,'114',4,1,NULL),(115,'115',1,2,'2.3'),(115,'115',2,1,NULL),(115,'115',3,1,NULL),(115,'115',4,1,NULL),(116,'116',1,2,'5.08'),(116,'116',2,1,NULL),(116,'116',3,1,NULL),(116,'116',4,1,NULL),(117,'117',1,2,'9.0'),(117,'117',2,1,NULL),(117,'117',3,1,NULL),(117,'117',4,13,'9'),(118,'118',1,4,'3500.0'),(118,'118',2,1,NULL),(118,'118',3,1,NULL),(118,'118',4,1,NULL),(119,'119',1,2,'8.6'),(119,'119',2,1,NULL),(119,'119',3,1,NULL),(119,'119',4,13,'58'),(120,'120',1,1,NULL),(120,'120',2,1,NULL),(120,'120',3,1,NULL),(120,'120',4,13,'35'),(121,'121',1,2,'7.0'),(121,'121',2,9,'110°02′N'),(121,'121',3,9,'19°57′E'),(121,'121',4,13,'45'),(123,'123',1,2,'17.5'),(123,'123',2,9,'50°09′N'),(123,'123',3,9,'127°29′E'),(123,'123',4,13,'12'),(124,'124',1,2,'1.2'),(124,'124',2,1,NULL),(124,'124',3,1,NULL),(124,'124',4,13,'2.5'),(125,'125',1,4,'4435.0'),(125,'125',2,1,NULL),(125,'125',3,1,NULL),(125,'125',4,14,'10'),(126,'126',1,6,'750.0'),(126,'126',2,9,'19°57′N'),(126,'126',3,9,'110°02′E'),(126,'126',4,13,'26'),(127,'127',1,1,NULL),(127,'127',2,9,'36°21′N'),(127,'127',3,9,'102°17′E'),(127,'127',4,1,NULL),(128,'128',1,2,'5.2'),(128,'128',2,1,NULL),(128,'128',3,1,NULL),(128,'128',4,13,'3'),(129,'129',1,2,'28.0'),(129,'129',2,9,'36°27′N'),(129,'129',3,9,'102°31′E'),(129,'129',4,13,'15'),(130,'130',1,1,NULL),(130,'130',2,9,'35.6°N'),(130,'130',3,9,'102.6°E'),(130,'130',4,1,NULL),(131,'131',1,1,NULL),(131,'131',2,1,NULL),(131,'131',3,1,NULL),(131,'131',4,1,NULL),(132,'132',1,2,'4.5'),(132,'132',2,9,'36°12′N'),(132,'132',3,9,'120°29′E'),(132,'132',4,1,NULL),(133,'133',1,4,'3224.2'),(133,'133',2,1,NULL),(133,'133',3,1,NULL),(133,'133',4,13,'3.5'),(134,'134',1,2,'2.1'),(134,'134',2,9,'35°26\'58.17\"N'),(134,'134',3,9,'106°05\'35.52\"E'),(134,'134',4,13,'35'),(135,'135',1,2,'12.0'),(135,'135',2,9,'40°36′2″N'),(135,'135',3,9,'110°12′2″E'),(135,'135',4,1,NULL),(136,'136',1,1,NULL),(136,'136',2,9,'18°N'),(136,'136',3,9,'108°E'),(136,'136',4,1,NULL),(137,'137',1,4,'1720.0'),(137,'137',2,1,NULL),(137,'137',3,1,NULL),(137,'137',4,1,NULL),(138,'138',1,2,'6.2'),(138,'138',2,9,'35°27′42″N'),(138,'138',3,9,'111°09′00″E'),(138,'138',4,13,'12.5'),(139,'139',1,2,'23.0'),(139,'139',2,9,'26°40′55.04″N'),(139,'139',3,9,'109°05′16.31″E'),(139,'139',4,13,'16'),(140,'140',1,6,'2841.8'),(140,'140',2,1,NULL),(140,'140',3,1,NULL),(140,'140',4,13,'30'),(141,'141',1,2,'8.2'),(141,'141',2,1,NULL),(141,'141',3,1,NULL),(141,'141',4,1,NULL),(142,'142',1,2,'4.94'),(142,'142',2,9,'38°16\'57\"N'),(142,'142',3,9,'106°14\'58\"E'),(142,'142',4,13,'20'),(143,'143',1,1,NULL),(143,'143',2,9,'43°30′N'),(143,'143',3,9,'130°18′E'),(143,'143',4,1,NULL),(144,'144',1,2,'17.5'),(144,'144',2,9,'30°08′N'),(144,'144',3,9,'118°26′E'),(144,'144',4,13,'39'),(145,'145',1,2,'4.74'),(145,'145',2,9,'30°32′N'),(145,'145',3,9,'104°17′E'),(145,'145',4,13,'20'),(146,'146',1,1,NULL),(146,'146',2,1,NULL),(146,'146',3,1,NULL),(146,'146',4,13,'24'),(147,'147',1,1,NULL),(147,'147',2,1,NULL),(147,'147',3,1,NULL),(147,'147',4,14,'20'),(148,'148',1,2,'21.014'),(148,'148',2,9,'40°23′N'),(148,'148',3,9,'111°35′E'),(148,'148',4,13,'40'),(149,'149',1,2,'1.2'),(149,'149',2,9,'36°18″N'),(149,'149',3,9,'101°24″E'),(149,'149',4,13,'15'),(150,'150',1,2,'7.0'),(150,'150',2,1,NULL),(150,'150',3,1,NULL),(150,'150',4,13,'1.7'),(151,'151',1,1,NULL),(151,'151',2,1,NULL),(151,'151',3,1,NULL),(151,'151',4,13,'20'),(152,'152',1,1,NULL),(152,'152',2,9,'20°N'),(152,'152',3,9,'112°E'),(152,'152',4,1,NULL),(153,'153',1,4,'10592.8'),(153,'153',2,1,NULL),(153,'153',3,1,NULL),(153,'153',4,13,'6'),(154,'154',1,2,'9.24'),(154,'154',2,1,NULL),(154,'154',3,1,NULL),(154,'154',4,13,'10'),(156,'156',1,2,'3.3'),(156,'156',2,9,'26°35′N'),(156,'156',3,9,'111°51′E'),(156,'156',4,1,NULL),(157,'157',1,2,'1.8'),(157,'157',2,1,NULL),(157,'157',3,1,NULL),(157,'157',4,13,'6'),(158,'158',1,2,'5.2'),(158,'158',2,1,NULL),(158,'158',3,1,NULL),(158,'158',4,13,'2'),(159,'159',1,4,'500.0'),(159,'159',2,9,'34°13′N'),(159,'159',3,9,'108°56′E'),(159,'159',4,1,NULL),(160,'160',1,4,'8092.1'),(160,'160',2,1,NULL),(160,'160',3,1,NULL),(160,'160',4,1,NULL),(161,'161',1,2,'16.5'),(161,'161',2,1,NULL),(161,'161',3,1,NULL),(161,'161',4,13,'37'),(162,'162',1,2,'14.2'),(162,'162',2,1,NULL),(162,'162',3,1,NULL),(162,'162',4,13,'38'),(163,'163',1,1,NULL),(163,'163',2,1,NULL),(163,'163',3,1,NULL),(163,'163',4,1,NULL),(164,'164',1,2,'17.0'),(164,'164',2,1,NULL),(164,'164',3,1,NULL),(164,'164',4,13,'18'),(165,'165',1,2,'9.7'),(165,'165',2,1,NULL),(165,'165',3,1,NULL),(165,'165',4,14,'90'),(166,'166',1,2,'33.33'),(166,'166',2,1,NULL),(166,'166',3,1,NULL),(166,'166',4,1,NULL),(167,'167',1,2,'8.65'),(167,'167',2,1,NULL),(167,'167',3,1,NULL),(167,'167',4,1,NULL),(168,'168',1,4,'459.0'),(168,'168',2,1,NULL),(168,'168',3,1,NULL),(168,'168',4,1,NULL),(169,'169',1,2,'6.5'),(169,'169',2,1,NULL),(169,'169',3,1,NULL),(169,'169',4,1,NULL),(170,'170',1,2,'9.0'),(170,'170',2,1,NULL),(170,'170',3,1,NULL),(170,'170',4,13,'18'),(171,'171',1,2,'9.1'),(171,'171',2,1,NULL),(171,'171',3,1,NULL),(171,'171',4,13,'20'),(172,'172',1,4,'14399.1'),(172,'172',2,9,'39°27\'59\"N'),(172,'172',3,9,'99°39\'35\"E'),(172,'172',4,13,'17'),(173,'173',1,2,'1.88'),(173,'173',2,9,'30°33′N'),(173,'173',3,9,'106°39′E'),(173,'173',4,13,'9'),(174,'174',1,1,NULL),(174,'174',2,9,'29°23′N'),(174,'174',3,9,'120°27′E'),(174,'174',4,13,'32.5'),(176,'176',1,2,'83.0'),(176,'176',2,9,'36°46′N'),(176,'176',3,9,'106°26′E'),(176,'176',4,1,NULL),(177,'177',1,2,'1.8'),(177,'177',2,1,NULL),(177,'177',3,1,NULL),(177,'177',4,1,NULL),(178,'178',1,1,NULL),(178,'178',2,1,NULL),(178,'178',3,1,NULL),(178,'178',4,13,'6.3'),(179,'179',1,2,'26.0'),(179,'179',2,1,NULL),(179,'179',3,1,NULL),(179,'179',4,13,'6'),(180,'180',1,2,'6.7'),(180,'180',2,9,'44°20′15″N'),(180,'180',3,9,'129°24′15″E'),(180,'180',4,1,NULL),(181,'181',1,2,'0.8'),(181,'181',2,9,'23°1′ N'),(181,'181',3,9,'113°2′ E'),(181,'181',4,13,'20'),(183,'183',1,2,'4.0'),(183,'183',2,1,NULL),(183,'183',3,1,NULL),(183,'183',4,13,'20'),(184,'184',1,4,'233.6'),(184,'184',2,1,NULL),(184,'184',3,1,NULL),(184,'184',4,13,'52'),(185,'185',1,2,'14.0'),(185,'185',2,9,'20°N'),(185,'185',3,9,'110°E'),(185,'185',4,1,NULL),(186,'186',1,2,'13.0'),(186,'186',2,1,NULL),(186,'186',3,1,NULL),(186,'186',4,1,NULL),(187,'187',1,1,NULL),(187,'187',2,1,NULL),(187,'187',3,1,NULL),(187,'187',4,13,'2.5'),(188,'188',1,2,'9.0'),(188,'188',2,9,'20°55′N'),(188,'188',3,9,'11°28′E'),(188,'188',4,1,NULL),(189,'189',1,2,'2.25'),(189,'189',2,9,'38°57′N'),(189,'189',3,9,'116°25′E'),(189,'189',4,13,'20'),(190,'190',1,4,'1200.0'),(190,'190',2,1,NULL),(190,'190',3,1,NULL),(190,'190',4,1,NULL),(191,'191',1,2,'4.3'),(191,'191',2,1,NULL),(191,'191',3,1,NULL),(191,'191',4,13,'18'),(192,'192',1,4,'2476.0'),(192,'192',2,1,NULL),(192,'192',3,1,NULL),(192,'192',4,13,'10'),(193,'193',1,2,'7.5'),(193,'193',2,1,NULL),(193,'193',3,1,NULL),(193,'193',4,1,NULL),(194,'194',1,2,'6.0'),(194,'194',2,9,'28°34′N'),(194,'194',3,9,'119°20′E'),(194,'194',4,13,'20'),(195,'195',1,1,NULL),(195,'195',2,1,NULL),(195,'195',3,1,NULL),(195,'195',4,13,'18'),(196,'196',1,1,NULL),(196,'196',2,9,'37°41′N'),(196,'196',3,9,'110°39′E'),(196,'196',4,13,'50'),(197,'197',1,2,'7.3'),(197,'197',2,9,'36°33′N'),(197,'197',3,9,'112°14′53″E'),(197,'197',4,13,'15'),(198,'198',1,2,'20.0'),(198,'198',2,9,'35°33′N'),(198,'198',3,9,'110°15′E'),(198,'198',4,1,NULL),(199,'199',1,2,'6.11'),(199,'199',2,1,NULL),(199,'199',3,1,NULL),(199,'199',4,13,'45'),(200,'200',1,4,'315.0'),(200,'200',2,1,NULL),(200,'200',3,1,NULL),(200,'200',4,13,'6'),(201,'201',1,2,'10.5'),(201,'201',2,9,'31°86′N'),(201,'201',3,9,'120°74′E'),(201,'201',4,13,'20'),(203,'203',1,2,'5.81'),(203,'203',2,1,NULL),(203,'203',3,1,NULL),(203,'203',4,1,NULL),(204,'204',1,2,'9.73'),(204,'204',2,9,'24°10′N'),(204,'204',3,9,'102°41′E'),(204,'204',4,13,'12'),(205,'205',1,2,'3.0'),(205,'205',2,1,NULL),(205,'205',3,1,NULL),(205,'205',4,13,'3'),(206,'206',1,4,'24285.0'),(206,'206',2,9,'25°58′N'),(206,'206',3,9,'100°27′E'),(206,'206',4,1,NULL),(207,'207',1,2,'1.5'),(207,'207',2,9,'30°46′N'),(207,'207',3,9,'104°02′E'),(207,'207',4,1,NULL),(208,'208',1,2,'2.5'),(208,'208',2,9,'30°41′N'),(208,'208',3,9,'104°08′E'),(208,'208',4,1,NULL),(209,'209',1,2,'1.5'),(209,'209',2,11,'24°54′N - 24°93′N'),(209,'209',3,11,'102°45′E - 102°72′E'),(209,'209',4,1,NULL),(210,'210',1,2,'14.38'),(210,'210',2,11,'24°12′N - 24°32′N'),(210,'210',3,11,'102°35′E - 102°55′E'),(210,'210',4,1,NULL),(211,'211',1,2,'13.72'),(211,'211',2,9,'24°36′N'),(211,'211',3,9,'99°14′E'),(211,'211',4,13,'15'),(212,'212',1,2,'2.24'),(212,'212',2,9,'30°45′N'),(212,'212',3,9,'103°46′E'),(212,'212',4,1,NULL),(213,'213',1,2,'3.38'),(213,'213',2,1,NULL),(213,'213',3,1,NULL),(213,'213',4,13,'15'),(214,'214',1,2,'2.98'),(214,'214',2,9,'24°58′N'),(214,'214',3,9,'102°45′E'),(214,'214',4,13,'7'),(215,'215',1,2,'14.28'),(215,'215',2,1,NULL),(215,'215',3,1,NULL),(215,'215',4,13,'5'),(216,'216',1,4,'5247.0'),(216,'216',2,9,'30°56′N'),(216,'216',3,9,'103°40′E'),(216,'216',4,13,'7'),(217,'217',1,2,'3.71'),(217,'217',2,9,'30°25\'22.43\"N'),(217,'217',3,9,'104°6\'54.56\"E'),(217,'217',4,1,NULL),(218,'218',1,4,'1785.3'),(218,'218',2,1,NULL),(218,'218',3,1,NULL),(218,'218',4,13,'5'),(219,'219',1,2,'10.0'),(219,'219',2,11,'26°23′20″N - 26°23′13″N'),(219,'219',3,11,'99°24′00″E - 99°30′00″E'),(219,'219',4,1,NULL),(220,'220',1,2,'9.2'),(220,'220',2,11,'22°43′N - 22°52′N'),(220,'220',3,11,'102°55′E - 103°03′E'),(220,'220',4,13,'35'),(221,'221',1,2,'4.79'),(221,'221',2,1,NULL),(221,'221',3,1,NULL),(221,'221',4,1,NULL),(222,'222',1,4,'5910.0'),(222,'222',2,1,NULL),(222,'222',3,1,NULL),(222,'222',4,1,NULL),(223,'223',1,1,NULL),(223,'223',2,1,NULL),(223,'223',3,1,NULL),(223,'223',4,1,NULL),(224,'224',1,2,'7.91'),(224,'224',2,1,NULL),(224,'224',3,1,NULL),(224,'224',4,1,NULL),(225,'225',1,8,'25.24'),(225,'225',2,1,NULL),(225,'225',3,1,NULL),(225,'225',4,1,NULL),(226,'226',1,2,'4.0'),(226,'226',2,1,NULL),(226,'226',3,1,NULL),(226,'226',4,1,NULL),(227,'227',1,1,NULL),(227,'227',2,1,NULL),(227,'227',3,1,NULL),(227,'227',4,1,NULL),(228,'228',1,2,'4.06'),(228,'228',2,1,NULL),(228,'228',3,1,NULL),(228,'228',4,1,NULL),(229,'229',1,2,'11.66'),(229,'229',2,1,NULL),(229,'229',3,1,NULL),(229,'229',4,1,NULL),(230,'230',1,2,'3.235'),(230,'230',2,9,'31°03′N'),(230,'230',3,9,'121°39′E'),(230,'230',4,1,NULL),(231,'231',1,2,'3.96'),(231,'231',2,9,'31°03′N'),(231,'231',3,9,'121°39′E'),(231,'231',4,1,NULL),(232,'232',1,6,'29.3'),(232,'232',2,9,'40°N'),(232,'232',3,9,NULL),(232,'232',4,1,NULL),(233,'233',1,2,'5.28'),(233,'233',2,1,NULL),(233,'233',3,1,NULL),(233,'233',4,1,NULL),(234,'234',1,2,'1.67'),(234,'234',2,1,NULL),(234,'234',3,1,NULL),(234,'234',4,13,'11'),(235,'235',1,2,'18.8'),(235,'235',2,1,NULL),(235,'235',3,1,NULL),(235,'235',4,13,'3'),(236,'236',1,2,'7.7'),(236,'236',2,1,NULL),(236,'236',3,1,NULL),(236,'236',4,13,'10'),(238,'238',1,2,'2.98'),(238,'238',2,9,'31°11′N'),(238,'238',3,9,'121°41′E'),(238,'238',4,1,NULL),(239,'239',1,2,'8.13'),(239,'239',2,1,NULL),(239,'239',3,1,NULL),(239,'239',4,13,'5'),(241,'241',1,2,'2.2'),(241,'241',2,1,NULL),(241,'241',3,1,NULL),(241,'241',4,1,NULL),(242,'242',1,2,'4.04'),(242,'242',2,9,'30°30′N'),(242,'242',3,9,'120°75′E'),(242,'242',4,1,NULL),(243,'243',1,2,'1.41'),(243,'243',2,1,NULL),(243,'243',3,1,NULL),(243,'243',4,13,'40'),(244,'244',1,2,'2.02'),(244,'244',2,9,'30°58′N'),(244,'244',3,9,'121°34′E'),(244,'244',4,1,NULL),(245,'245',1,2,'0.56'),(245,'245',2,9,'28°03′N'),(245,'245',3,9,'120°54′E'),(245,'245',4,13,'11'),(246,'246',1,2,'2.93'),(246,'246',2,1,NULL),(246,'246',3,1,NULL),(246,'246',4,1,NULL),(247,'247',1,2,'6.69'),(247,'247',2,9,'30°N'),(247,'247',3,9,'121°E'),(247,'247',4,1,NULL),(248,'248',1,2,'0.6'),(248,'248',2,1,NULL),(248,'248',3,1,NULL),(248,'248',4,1,NULL),(249,'249',1,2,'1.6'),(249,'249',2,1,NULL),(249,'249',3,1,NULL),(249,'249',4,1,NULL),(250,'250',1,2,'7.3'),(250,'250',2,1,NULL),(250,'250',3,1,NULL),(250,'250',4,1,NULL),(251,'251',1,2,'55.44'),(251,'251',2,1,NULL),(251,'251',3,1,NULL),(251,'251',4,13,'13'),(252,'252',1,1,NULL),(252,'252',2,1,NULL),(252,'252',3,1,NULL),(252,'252',4,1,NULL),(253,'253',1,2,'3.81'),(253,'253',2,9,'31°09′N'),(253,'253',3,9,'120°01′E'),(253,'253',4,1,NULL),(254,'254',1,6,'464.17'),(254,'254',2,1,NULL),(254,'254',3,1,NULL),(254,'254',4,13,'19'),(255,'255',1,2,'4.9'),(255,'255',2,1,NULL),(255,'255',3,1,NULL),(255,'255',4,1,NULL),(256,'256',1,2,'20.2'),(256,'256',2,1,NULL),(256,'256',3,1,NULL),(256,'256',4,1,NULL),(257,'257',1,2,'2.5'),(257,'257',2,1,NULL),(257,'257',3,1,NULL),(257,'257',4,1,NULL),(258,'258',1,2,'1.5'),(258,'258',2,1,NULL),(258,'258',3,1,NULL),(258,'258',4,1,NULL),(259,'259',1,2,'6.5'),(259,'259',2,9,'26°27′N'),(259,'259',3,9,'99°26′E'),(259,'259',4,1,NULL),(260,'260',1,2,'2.08'),(260,'260',2,1,NULL),(260,'260',3,1,NULL),(260,'260',4,13,'3.5'),(261,'261',1,2,'25.3'),(261,'261',2,1,NULL),(261,'261',3,1,NULL),(261,'261',4,13,'23'),(262,'262',1,2,'0.57'),(262,'262',2,1,NULL),(262,'262',3,1,NULL),(262,'262',4,13,'20'),(263,'263',1,8,'55.3'),(263,'263',2,1,NULL),(263,'263',3,1,NULL),(263,'263',4,1,NULL),(264,'264',1,2,'3.0'),(264,'264',2,9,'25°59′N'),(264,'264',3,9,'119°37′E'),(264,'264',4,13,'20'),(265,'265',1,2,'10.0'),(265,'265',2,1,NULL),(265,'265',3,1,NULL),(265,'265',4,1,NULL),(266,'266',1,2,'6.0'),(266,'266',2,1,NULL),(266,'266',3,1,NULL),(266,'266',4,1,NULL),(267,'267',1,2,'2.7'),(267,'267',2,9,'35°30′N'),(267,'267',3,9,'110°30′E'),(267,'267',4,13,'1.23'),(268,'268',1,2,'4.0'),(268,'268',2,11,'34°41′N - 35°57′N'),(268,'268',3,11,'112°29′20″E - 112°38′50″E'),(268,'268',4,13,'34'),(269,'269',1,6,'456.0'),(269,'269',2,1,NULL),(269,'269',3,1,NULL),(269,'269',4,1,NULL),(270,'270',1,2,'12.9'),(270,'270',2,9,'29°13′N'),(270,'270',3,9,'119°31′E'),(270,'270',4,13,'8'),(271,'271',1,2,'2.23'),(271,'271',2,9,'35°14′0″N'),(271,'271',3,9,'110°08′0″E'),(271,'271',4,1,NULL),(272,'272',1,2,'16.42'),(272,'272',2,1,NULL),(272,'272',3,1,NULL),(272,'272',4,1,NULL),(273,'273',1,1,NULL),(273,'273',2,1,NULL),(273,'273',3,1,NULL),(273,'273',4,13,'20'),(274,'274',1,2,'4.5'),(274,'274',2,9,'22°36′N'),(274,'274',3,9,'113°49′E'),(274,'274',4,1,NULL),(275,'275',1,2,'8.89'),(275,'275',2,1,NULL),(275,'275',3,1,NULL),(275,'275',4,1,NULL),(276,'276',1,2,'3.5'),(276,'276',2,1,NULL),(276,'276',3,1,NULL),(276,'276',4,13,'14'),(277,'277',1,4,'6752.75'),(277,'277',2,1,NULL),(277,'277',3,1,NULL),(277,'277',4,1,NULL),(278,'278',1,2,'1.8'),(278,'278',2,9,'30°07′19″N'),(278,'278',3,9,'120°30′59″E'),(278,'278',4,1,NULL),(279,'279',1,2,'2.021'),(279,'279',2,9,'38°50′N'),(279,'279',3,9,'101°20′E'),(279,'279',4,13,'25'),(280,'280',1,8,'140.0'),(280,'280',2,9,'36°30′N'),(280,'280',3,9,'114°3′E'),(280,'280',4,13,'5'),(281,'281',1,2,'33.0'),(281,'281',2,1,NULL),(281,'281',3,1,NULL),(281,'281',4,13,'36'),(282,'282',1,2,'1.5'),(282,'282',2,1,NULL),(282,'282',3,1,NULL),(282,'282',4,1,NULL),(283,'283',1,1,NULL),(283,'283',2,1,NULL),(283,'283',3,1,NULL),(283,'283',4,13,'12.3'),(285,'285',1,2,'8.7'),(285,'285',2,9,'22°58′40″N'),(285,'285',3,9,'113°59′18″E'),(285,'285',4,1,NULL),(286,'286',1,6,'142.1'),(286,'286',2,1,NULL),(286,'286',3,1,NULL),(286,'286',4,1,NULL),(287,'287',1,2,'3.3'),(287,'287',2,9,'30°45′N'),(287,'287',3,9,'121°21′E'),(287,'287',4,1,NULL),(288,'288',1,4,'4370.0'),(288,'288',2,1,NULL),(288,'288',3,1,NULL),(288,'288',4,1,NULL),(289,'289',1,2,'26.0'),(289,'289',2,9,'26°13′N'),(289,'289',3,9,'119°41′E'),(289,'289',4,13,'15'),(290,'290',1,4,'31713.2'),(290,'290',2,1,NULL),(290,'290',3,1,NULL),(290,'290',4,13,'17'),(291,'291',1,2,'1.0'),(291,'291',2,9,'37°47′N'),(291,'291',3,9,'120°44′E'),(291,'291',4,1,NULL),(292,'292',1,2,'0.56'),(292,'292',2,9,'34°24′N'),(292,'292',3,9,'111°1′E'),(292,'292',4,13,'25'),(293,'293',1,2,'6.3'),(293,'293',2,9,'36°45′N'),(293,'293',3,9,'109°22′E'),(293,'293',4,13,'10'),(294,'294',1,5,'108650.0'),(294,'294',2,1,NULL),(294,'294',3,1,NULL),(294,'294',4,13,'3'),(295,'295',1,4,'524.9'),(295,'295',2,1,NULL),(295,'295',3,1,NULL),(295,'295',4,13,'1.5'),(296,'296',1,4,'2815.53'),(296,'296',2,9,'36°57′N'),(296,'296',3,9,'117°51′E'),(296,'296',4,13,'12.5'),(297,'297',1,2,'10.6'),(297,'297',2,9,'36°52′32″N'),(297,'297',3,9,'114°08′10″E'),(297,'297',4,13,'32.5'),(298,'298',1,1,NULL),(298,'298',2,1,NULL),(298,'298',3,1,NULL),(298,'298',4,1,NULL),(299,'299',1,4,'25620.0'),(299,'299',2,9,'42°N'),(299,'299',3,9,'121°53′35″E'),(299,'299',4,1,NULL),(300,'300',1,2,'3.299'),(300,'300',2,1,NULL),(300,'300',3,1,NULL),(300,'300',4,13,'10'),(301,'301',1,1,NULL),(301,'301',2,9,'29°N'),(301,'301',3,9,'119.5°E'),(301,'301',4,13,'15'),(302,'302',1,2,'1.84'),(302,'302',2,1,NULL),(302,'302',3,1,NULL),(302,'302',4,13,'0.23'),(303,'303',1,2,'10.3'),(303,'303',2,1,NULL),(303,'303',3,1,NULL),(303,'303',4,1,NULL),(304,'304',1,2,'9.33'),(304,'304',2,9,'25°59′N'),(304,'304',3,9,'119°37′E'),(304,'304',4,13,'19'),(305,'305',1,2,'1.5'),(305,'305',2,9,'34°40′N'),(305,'305',3,9,'118°10′E'),(305,'305',4,1,NULL),(306,'306',1,2,'13.6'),(306,'306',2,9,'27°04′35″N'),(306,'306',3,9,'113°68′12″E'),(306,'306',4,13,'45'),(307,'307',1,1,NULL),(307,'307',2,9,'29°N'),(307,'307',3,9,'121°E'),(307,'307',4,13,'10'),(309,'309',1,2,'4.5'),(309,'309',2,9,'30°29′N'),(309,'309',3,9,'120°49′E'),(309,'309',4,1,NULL),(310,'310',1,1,NULL),(310,'310',2,1,NULL),(310,'310',3,1,NULL),(310,'310',4,13,'37'),(312,'312',1,4,'14813.0'),(312,'312',2,1,NULL),(312,'312',3,1,NULL),(312,'312',4,13,'4'),(313,'313',1,2,'0.5'),(313,'313',2,1,NULL),(313,'313',3,1,NULL),(313,'313',4,13,'2'),(314,'314',1,2,'8.2'),(314,'314',2,11,'23°6′0″N - 23°14′45″N'),(314,'314',3,11,'113°15′55″E - 113°26′30″E'),(314,'314',4,1,NULL),(315,'315',1,4,'3200.0'),(315,'315',2,1,NULL),(315,'315',3,1,NULL),(315,'315',4,13,'8'),(316,'316',1,2,'1.99'),(316,'316',2,9,'36°49′N'),(316,'316',3,9,'117°00′E'),(316,'316',4,13,'2'),(317,'317',1,2,'144.33'),(317,'317',2,11,'48°08′N - 48°18′N'),(317,'317',3,11,'133°40′E - 134°01′E'),(317,'317',4,1,NULL),(318,'318',1,2,'5.0'),(318,'318',2,1,NULL),(318,'318',3,1,NULL),(318,'318',4,13,'9'),(319,'319',1,2,'14.54'),(319,'319',2,11,'33°05′N - 33°48′N'),(319,'319',3,11,'111°01′E - 111°46′E'),(319,'319',4,1,NULL),(320,'320',1,2,'4.0'),(320,'320',2,1,NULL),(320,'320',3,1,NULL),(320,'320',4,1,NULL),(321,'321',1,2,'2.2'),(321,'321',2,1,NULL),(321,'321',3,1,NULL),(321,'321',4,13,'28'),(322,'322',1,2,'46.0'),(322,'322',2,9,'26°N'),(322,'322',3,9,'118°E'),(322,'322',4,1,NULL),(323,'323',1,2,'1.953'),(323,'323',2,1,NULL),(323,'323',3,1,NULL),(323,'323',4,13,'25.5'),(324,'324',1,2,'2.04'),(324,'324',2,1,NULL),(324,'324',3,1,NULL),(324,'324',4,13,'25'),(325,'325',1,2,'40.0'),(325,'325',2,1,NULL),(325,'325',3,1,NULL),(325,'325',4,1,NULL),(326,'326',1,2,'3.46'),(326,'326',2,1,NULL),(326,'326',3,1,NULL),(326,'326',4,1,NULL),(327,'327',1,2,'37.7'),(327,'327',2,11,'40°27′20.26″N - 40°31′45.31″N'),(327,'327',3,11,'123°57′09.70″E - 124°01′41.01″E'),(327,'327',4,1,NULL),(329,'329',1,2,'3.0'),(329,'329',2,1,NULL),(329,'329',3,1,NULL),(329,'329',4,13,'10'),(330,'330',1,2,'14.4'),(330,'330',2,9,'41°16′30″N'),(330,'330',3,9,'116°25′E'),(330,'330',4,13,'6'),(331,'331',1,2,'5.68'),(331,'331',2,1,NULL),(331,'331',3,1,NULL),(331,'331',4,1,NULL),(332,'332',1,2,'1.5'),(332,'332',2,1,NULL),(332,'332',3,1,NULL),(332,'332',4,1,NULL),(333,'333',1,2,'1.8'),(333,'333',2,9,'34°23′45″N'),(333,'333',3,9,'108°58′04″E'),(333,'333',4,1,NULL),(334,'334',1,2,'3.0'),(334,'334',2,1,NULL),(334,'334',3,1,NULL),(334,'334',4,1,NULL),(335,'335',1,2,'7.0'),(335,'335',2,1,NULL),(335,'335',3,1,NULL),(335,'335',4,13,'30'),(336,'336',1,1,NULL),(336,'336',2,1,NULL),(336,'336',3,1,NULL),(336,'336',4,1,NULL),(337,'337',1,2,'7.01'),(337,'337',2,1,NULL),(337,'337',3,1,NULL),(337,'337',4,13,'6'),(338,'338',1,2,'24.0'),(338,'338',2,9,'42°51′5″N'),(338,'338',3,9,'89°41′5″E'),(338,'338',4,13,'41'),(339,'339',1,2,'3.15'),(339,'339',2,1,NULL),(339,'339',3,1,NULL),(339,'339',4,13,'7.5'),(340,'340',1,2,'4.5'),(340,'340',2,9,'33°20′22″N'),(340,'340',3,9,'119°39′37″E'),(340,'340',4,1,NULL),(341,'341',1,2,'2.6'),(341,'341',2,11,'37°04′N - 37°05′N'),(341,'341',3,11,'111°48′E - 111°49′E'),(341,'341',4,13,'11.5'),(342,'342',1,2,'8.186'),(342,'342',2,1,NULL),(342,'342',3,1,NULL),(342,'342',4,1,NULL),(343,'343',1,2,'3.597'),(343,'343',2,9,'37°22′N'),(343,'343',3,9,'112°33′E'),(343,'343',4,1,NULL),(344,'344',1,2,'0.32'),(344,'344',2,1,NULL),(344,'344',3,1,NULL),(344,'344',4,1,NULL),(345,'345',1,3,'6.0'),(345,'345',2,9,'36°1′60″N'),(345,'345',3,9,'112°59′40″E'),(345,'345',4,13,'4'),(346,'346',1,1,NULL),(346,'346',2,9,'35°47′N'),(346,'346',3,9,'115°08′E'),(346,'346',4,1,NULL),(347,'347',1,2,'2.22'),(347,'347',2,1,NULL),(347,'347',3,1,NULL),(347,'347',4,1,NULL),(348,'348',1,8,'36.0'),(348,'348',2,1,NULL),(348,'348',3,1,NULL),(348,'348',4,1,NULL),(349,'349',1,2,'5.379'),(349,'349',2,9,'40°29′N'),(349,'349',3,9,'122°20′E'),(349,'349',4,13,'10'),(350,'350',1,2,'3.61'),(350,'350',2,1,NULL),(350,'350',3,1,NULL),(350,'350',4,1,NULL),(351,'351',1,1,NULL),(351,'351',2,9,'37°21′N'),(351,'351',3,9,'110°23′E'),(351,'351',4,1,NULL),(352,'352',1,2,'4.2'),(352,'352',2,1,NULL),(352,'352',3,1,NULL),(352,'352',4,13,'20'),(353,'353',1,4,'5238.3'),(353,'353',2,9,'37°33′N'),(353,'353',3,9,'112°08′E'),(353,'353',4,13,'0.5'),(354,'354',1,2,'0.27'),(354,'354',2,1,NULL),(354,'354',3,1,NULL),(354,'354',4,13,'13'),(355,'355',1,2,'2.2'),(355,'355',2,1,NULL),(355,'355',3,1,NULL),(355,'355',4,13,'30'),(356,'356',1,4,'5839.0'),(356,'356',2,9,'34°30′41″N'),(356,'356',3,9,'110°50′2″E'),(356,'356',4,1,NULL),(357,'357',1,2,'4.042'),(357,'357',2,11,'37°49′N - 37°51′N'),(357,'357',3,11,'113°36′E - 113°38′E'),(357,'357',4,13,'2.5'),(358,'358',1,2,'9.6'),(358,'358',2,1,NULL),(358,'358',3,1,NULL),(358,'358',4,13,'9'),(359,'359',1,2,'4.289'),(359,'359',2,1,NULL),(359,'359',3,1,NULL),(359,'359',4,1,NULL),(360,'360',1,2,'2.4'),(360,'360',2,9,'22°52′N'),(360,'360',3,9,'113°02′E'),(360,'360',4,13,'20'),(361,'361',1,2,'10.8'),(361,'361',2,9,'22°45′N'),(361,'361',3,9,'114°9′E'),(361,'361',4,13,'25'),(362,'362',1,2,'3.1'),(362,'362',2,9,'23°10′N'),(362,'362',3,9,'113°20′E'),(362,'362',4,13,'9.5'),(363,'363',1,2,'8.0'),(363,'363',2,9,'23°8′N'),(363,'363',3,9,'113°18′E'),(363,'363',4,1,NULL),(364,'364',1,2,'10.3'),(364,'364',2,11,'22°68′N - 22°78′N'),(364,'364',3,11,'114°10′E - 114°16′E'),(364,'364',4,13,'60'),(365,'365',1,2,'5.5'),(365,'365',2,1,NULL),(365,'365',3,1,NULL),(365,'365',4,1,NULL),(366,'366',1,2,'6.007000000000001'),(366,'366',2,11,'35°21′N - 35°21.8′N'),(366,'366',3,11,'113°52′E - 113°53.1′E'),(366,'366',4,13,'6'),(367,'367',1,1,NULL),(367,'367',2,9,'22°36′N'),(367,'367',3,9,'113°49′E'),(367,'367',4,1,NULL),(368,'368',1,2,'7.2'),(368,'368',2,11,'22°42.2′N - 22°44.54′N'),(368,'368',3,11,'114°9.22′E - 114°31.26′E'),(368,'368',4,13,'21'),(369,'369',1,2,'1.396'),(369,'369',2,9,'35°23′N'),(369,'369',3,9,'113°54′E'),(369,'369',4,13,'10'),(370,'370',1,2,'8.0'),(370,'370',2,1,NULL),(370,'370',3,1,NULL),(370,'370',4,13,'30'),(371,'371',1,2,'0.6057'),(371,'371',2,11,'35°30′N - 35°50′N'),(371,'371',3,11,'113°23′E - 113°57′E'),(371,'371',4,13,'25'),(372,'372',1,1,NULL),(372,'372',2,11,'35°7′89″N - 35°28′32″N'),(372,'372',3,11,'113°08′17″E - 113°32′03″E'),(372,'372',4,13,'5'),(373,'373',1,2,'4.08'),(373,'373',2,9,'31° 45′ N'),(373,'373',3,9,'120° 54′ E'),(373,'373',4,1,NULL),(374,'374',1,2,'1.32'),(374,'374',2,1,NULL),(374,'374',3,1,NULL),(374,'374',4,1,NULL),(375,'375',1,2,'3.46'),(375,'375',2,9,'31°68′N'),(375,'375',3,9,'119°99′E'),(375,'375',4,13,'5'),(376,'376',1,2,'5.18'),(376,'376',2,9,'39°14′N'),(376,'376',3,9,'116°19′E'),(376,'376',4,13,'25'),(377,'377',1,1,NULL),(377,'377',2,1,NULL),(377,'377',3,1,NULL),(377,'377',4,13,'7.5'),(378,'378',1,2,'7.6'),(378,'378',2,1,NULL),(378,'378',3,1,NULL),(378,'378',4,1,NULL),(379,'379',1,2,'5.2'),(379,'379',2,1,NULL),(379,'379',3,1,NULL),(379,'379',4,1,NULL),(380,'380',1,2,'1.67'),(380,'380',2,9,'37°07′N'),(380,'380',3,9,'118°48′E'),(380,'380',4,1,NULL),(381,'381',1,1,NULL),(381,'381',2,9,'38°50′N'),(381,'381',3,9,'115°30′E'),(381,'381',4,1,NULL),(382,'382',1,2,'5.0'),(382,'382',2,11,'23°35′13″N - 23°37′17″N'),(382,'382',3,11,'110°13′57″E - 110°15′7″E'),(382,'382',4,1,NULL),(383,'383',1,2,'1.6'),(383,'383',2,9,'36°47′N'),(383,'383',3,9,'117°00′E'),(383,'383',4,1,NULL),(384,'384',1,2,'2.3'),(384,'384',2,1,NULL),(384,'384',3,1,NULL),(384,'384',4,13,'2.5'),(385,'385',1,1,NULL),(385,'385',2,11,'33°46′N - 34°16′N'),(385,'385',3,11,'108°22′E - 108°46′E'),(385,'385',4,1,NULL),(386,'386',1,2,'6.0'),(386,'386',2,9,'38°23′42.87″N'),(386,'386',3,9,'110°43′46.86″E'),(386,'386',4,13,'60'),(387,'387',1,8,'20.0'),(387,'387',2,1,NULL),(387,'387',3,1,NULL),(387,'387',4,13,'2.7'),(388,'388',1,2,'5.801'),(388,'388',2,9,'38°86′N'),(388,'388',3,9,'121°32′E'),(388,'388',4,1,NULL),(389,'389',1,2,'8.0'),(389,'389',2,11,'36°06′27″N - 36°08′01″N'),(389,'389',3,11,'111°36′39″E - 111°38′37″E'),(389,'389',4,1,NULL),(390,'390',1,2,'3.24'),(390,'390',2,9,'35°42′5″N'),(390,'390',3,9,'107°38′12″E'),(390,'390',4,1,NULL),(391,'391',1,2,'4.031000000000001'),(391,'391',2,9,'31°68′N'),(391,'391',3,9,'119°99′E'),(391,'391',4,1,NULL),(392,'392',1,2,'3.6'),(392,'392',2,1,NULL),(392,'392',3,1,NULL),(392,'392',4,1,NULL),(393,'393',1,2,'1.38'),(393,'393',2,9,'40°00′N'),(393,'393',3,9,'116°31′E'),(393,'393',4,1,NULL),(394,'394',1,2,'3.61'),(394,'394',2,9,'23°137′N'),(394,'394',3,9,'113°10′E'),(394,'394',4,1,NULL),(395,'395',1,1,NULL),(395,'395',2,1,NULL),(395,'395',3,1,NULL),(395,'395',4,1,NULL),(396,'396',1,1,NULL),(396,'396',2,1,NULL),(396,'396',3,1,NULL),(396,'396',4,13,'16'),(397,'397',1,2,'59.1'),(397,'397',2,1,NULL),(397,'397',3,1,NULL),(397,'397',4,13,'8'),(398,'398',1,2,'15.6'),(398,'398',2,11,'35°55′N - 36°14′N'),(398,'398',3,11,'111°06′E - 111°14′E'),(398,'398',4,13,'30'),(399,'399',1,2,'7.98'),(399,'399',2,1,NULL),(399,'399',3,1,NULL),(399,'399',4,1,NULL),(400,'400',1,2,'23.6'),(400,'400',2,9,'30°02′43″N'),(400,'400',3,9,'111°52′58.81″E'),(400,'400',4,1,NULL),(401,'401',1,2,'4.37'),(401,'401',2,9,'36°20′N'),(401,'401',3,9,'114°31′E'),(401,'401',4,13,'8'),(402,'402',1,2,'1.65'),(402,'402',2,11,'31°35.07′7″N - 31°35.08′4″N'),(402,'402',3,11,'120°40.5′64.1″E - 120°40.5′64.5″E'),(402,'402',4,13,'8'),(404,'404',1,2,'5.0'),(404,'404',2,11,'27°32′02″N - 28°01′46″N'),(404,'404',3,11,'109°24′43″E - 110°06′22″E'),(404,'404',4,1,NULL),(405,'405',1,2,'6.5'),(405,'405',2,1,NULL),(405,'405',3,1,NULL),(405,'405',4,1,NULL),(406,'406',1,2,'6.12'),(406,'406',2,1,NULL),(406,'406',3,1,NULL),(406,'406',4,13,'5'),(407,'407',1,2,'2.1'),(407,'407',2,11,'34°35′N - 34°40′N'),(407,'407',3,11,'113°E - 113° 30′E'),(407,'407',4,1,NULL),(408,'408',1,2,'20.0'),(408,'408',2,11,'35°38′47″N - 35°41′20″N'),(408,'408',3,11,'110°34′52″E - 110°38′30″E'),(408,'408',4,13,'14'),(409,'409',1,2,'4.49'),(409,'409',2,1,NULL),(409,'409',3,1,NULL),(409,'409',4,1,NULL),(411,'411',1,2,'7.7'),(411,'411',2,1,NULL),(411,'411',3,1,NULL),(411,'411',4,1,NULL),(412,'412',1,2,'35.8'),(412,'412',2,1,NULL),(412,'412',3,1,NULL),(412,'412',4,13,'17.5'),(413,'413',1,2,'60.0'),(413,'413',2,9,'38°36′30″N'),(413,'413',3,9,'100°35′10″E'),(413,'413',4,13,'32'),(414,'414',1,1,NULL),(414,'414',2,1,NULL),(414,'414',3,1,NULL),(414,'414',4,14,'5'),(415,'415',1,4,'7301.0'),(415,'415',2,1,NULL),(415,'415',3,1,NULL),(415,'415',4,13,'17'),(416,'416',1,8,'44.2'),(416,'416',2,9,'30°03′N'),(416,'416',3,9,'120°10′E'),(416,'416',4,1,NULL),(417,'417',1,2,'10.0'),(417,'417',2,1,NULL),(417,'417',3,1,NULL),(417,'417',4,1,NULL),(418,'418',1,7,'2.0'),(418,'418',2,11,'22°35′N - 22°36′N'),(418,'418',3,11,'107°47′E - 107°48′E'),(418,'418',4,13,'15'),(419,'419',1,2,'5.6'),(419,'419',2,9,'34°56′N'),(419,'419',3,9,'120°44′E'),(419,'419',4,13,'2.5'),(420,'420',1,2,'3.13'),(420,'420',2,1,NULL),(420,'420',3,1,NULL),(420,'420',4,1,NULL),(421,'421',1,2,'6.0'),(421,'421',2,1,NULL),(421,'421',3,1,NULL),(421,'421',4,1,NULL),(422,'422',1,2,'2.8'),(422,'422',2,1,NULL),(422,'422',3,1,NULL),(422,'422',4,1,NULL),(423,'423',1,2,'2.5'),(423,'423',2,9,'40°1′N'),(423,'423',3,9,'116°27′12″E'),(423,'423',4,1,NULL),(424,'424',1,2,'4.5'),(424,'424',2,9,'34°16′N'),(424,'424',3,9,'107°58′E'),(424,'424',4,13,'10'),(425,'425',1,2,'0.7170000000000001'),(425,'425',2,1,NULL),(425,'425',3,1,NULL),(425,'425',4,1,NULL),(427,'427',1,4,'10470.0'),(427,'427',2,1,NULL),(427,'427',3,1,NULL),(427,'427',4,13,'3.4'),(428,'428',1,2,'7.05'),(428,'428',2,11,'39°13′35″N - 39°19′21″N'),(428,'428',3,11,'100°21′25″E - 100°25′02″E'),(428,'428',4,1,NULL),(429,'429',1,2,'8.8'),(429,'429',2,1,NULL),(429,'429',3,1,NULL),(429,'429',4,13,'7'),(430,'430',1,1,NULL),(430,'430',2,1,NULL),(430,'430',3,1,NULL),(430,'430',4,13,'18'),(431,'431',1,2,'4.44'),(431,'431',2,11,'38°50′N - 38°53′N'),(431,'431',3,11,'121°13′E - 121°18′E'),(431,'431',4,1,NULL),(432,'432',1,2,'4.5'),(432,'432',2,11,'27°N - 28°N'),(432,'432',3,11,'110°E - 112°E'),(432,'432',4,13,'40'),(433,'433',1,2,'11.0'),(433,'433',2,9,'37°07′N'),(433,'433',3,9,'118°01′E'),(433,'433',4,13,'30'),(434,'434',1,2,'6.85'),(434,'434',2,11,'36°56′30″N - 37°18′45″N'),(434,'434',3,11,'111°21′27″E - 111°55′00″E'),(434,'434',4,1,NULL),(435,'435',1,2,'6.86'),(435,'435',2,11,'38°52′39.28″N - 38°54′50.40″N'),(435,'435',3,11,'121°14′55.75″E - 121°34′24.33″E'),(435,'435',4,13,'10'),(436,'436',1,2,'0.55'),(436,'436',2,1,NULL),(436,'436',3,1,NULL),(436,'436',4,1,NULL),(437,'437',1,2,'42.5'),(437,'437',2,11,'38°40′69″N - 38°40′83″N'),(437,'437',3,11,'100°45′51″E - 100°45′52″E'),(437,'437',4,13,'25'),(438,'438',1,2,'0.428'),(438,'438',2,1,NULL),(438,'438',3,1,NULL),(438,'438',4,13,'65'),(439,'439',1,2,'7.69'),(439,'439',2,9,'35°12′30″N'),(439,'439',3,9,'112°37′28″E'),(439,'439',4,1,NULL),(440,'440',1,4,'1000.0'),(440,'440',2,1,NULL),(440,'440',3,1,NULL),(440,'440',4,1,NULL),(441,'441',1,2,'4.0'),(441,'441',2,1,NULL),(441,'441',3,1,NULL),(441,'441',4,1,NULL),(442,'442',1,2,'4.027'),(442,'442',2,9,'38°51′12″N'),(442,'442',3,9,'121°13′49″E'),(442,'442',4,1,NULL),(443,'443',1,2,'2.76'),(443,'443',2,11,'41°01′N - 41°13′N'),(443,'443',3,11,'120°56′E - 121°15′E'),(443,'443',4,1,NULL),(444,'444',1,2,'3.386'),(444,'444',2,11,'31°23′18″N - 31°24′20″N'),(444,'444',3,11,'120°57′10″E - 120°58′20″E'),(444,'444',4,13,'2.5'),(445,'445',1,2,'4.66'),(445,'445',2,9,'29°30′N'),(445,'445',3,9,'121°42′E'),(445,'445',4,1,NULL),(446,'446',1,1,NULL),(446,'446',2,1,NULL),(446,'446',3,1,NULL),(446,'446',4,13,'10'),(447,'447',1,2,'3.14'),(447,'447',2,1,NULL),(447,'447',3,1,NULL),(447,'447',4,1,NULL),(448,'448',1,2,'4.37'),(448,'448',2,1,NULL),(448,'448',3,1,NULL),(448,'448',4,1,NULL),(449,'449',1,2,'6.52'),(449,'449',2,9,'36°34′N'),(449,'449',3,9,'117°58′E'),(449,'449',4,1,NULL),(450,'450',1,2,'4.83'),(450,'450',2,11,'37°44′01″N - 37°45′00″N'),(450,'450',3,11,'112°28′05″E - 112°29′50″E'),(450,'450',4,13,'15'),(451,'451',1,2,'3.62'),(451,'451',2,9,'22°43′N'),(451,'451',3,9,'113°45′E'),(451,'451',4,13,'25'),(452,'452',1,2,'3.0'),(452,'452',2,9,'24.31°N'),(452,'452',3,9,'118.34°E'),(452,'452',4,13,'39'),(453,'453',1,2,'7.01'),(453,'453',2,9,'37°10′N'),(453,'453',3,9,'118°30′E'),(453,'453',4,13,'23'),(454,'454',1,1,NULL),(454,'454',2,1,NULL),(454,'454',3,1,NULL),(454,'454',4,1,NULL),(455,'455',1,1,NULL),(455,'455',2,1,NULL),(455,'455',3,1,NULL),(455,'455',4,1,NULL),(456,'456',1,2,'3.3'),(456,'456',2,11,'30°24′N - 30°37′N'),(456,'456',3,11,'112°17′E - 112°27′E'),(456,'456',4,1,NULL),(457,'457',1,2,'5.79'),(457,'457',2,9,'39°5′N'),(457,'457',3,9,'118°4′E'),(457,'457',4,13,'20'),(458,'458',1,2,'7.93'),(458,'458',2,11,'26°57′42″N - 27°19′45″N'),(458,'458',3,11,'106°27′29″E - 106°53′43″E'),(458,'458',4,1,NULL),(459,'459',1,2,'5.83'),(459,'459',2,11,'36°08′N - 36°13′N'),(459,'459',3,11,'116°42′E - 116°50′E'),(459,'459',4,13,'1.5'),(460,'460',1,2,'10.7'),(460,'460',2,9,'34°42′N'),(460,'460',3,9,'111°06′E'),(460,'460',4,13,'22'),(461,'461',1,2,'6.496'),(461,'461',2,9,'23°21′N'),(461,'461',3,9,'113°08′E'),(461,'461',4,13,'8'),(462,'462',1,2,'6.0'),(462,'462',2,9,'23°8′N'),(462,'462',3,9,'113°6′E'),(462,'462',4,13,'4'),(463,'463',1,2,'9.16'),(463,'463',2,11,'25°34′00″N - 25°42′30″N'),(463,'463',3,11,'112°51′45″E - 113°00′42″E'),(463,'463',4,1,NULL),(464,'464',1,1,NULL),(464,'464',2,1,NULL),(464,'464',3,1,NULL),(464,'464',4,1,NULL),(465,'465',1,1,NULL),(465,'465',2,11,'29°46′20″N - 29°46′40″N'),(465,'465',3,11,'120°25′E - 120°25′40″E'),(465,'465',4,1,NULL),(466,'466',1,2,'26.97'),(466,'466',2,1,NULL),(466,'466',3,1,NULL),(466,'466',4,13,'9.5'),(467,'467',1,4,'3945.0'),(467,'467',2,1,NULL),(467,'467',3,1,NULL),(467,'467',4,14,'5'),(468,'468',1,2,'9.24'),(468,'468',2,9,'36°6′30″N'),(468,'468',3,9,'113°24′54″E'),(468,'468',4,13,'42'),(470,'470',1,2,'0.4'),(470,'470',2,9,'22°40′N'),(470,'470',3,9,'108°18′E'),(470,'470',4,1,NULL),(471,'471',1,2,'3.6039999999999996'),(471,'471',2,1,NULL),(471,'471',3,1,NULL),(471,'471',4,13,'6'),(472,'472',1,2,'1.5'),(472,'472',2,1,NULL),(472,'472',3,1,NULL),(472,'472',4,13,'4'),(473,'473',1,4,'367.0'),(473,'473',2,1,NULL),(473,'473',3,1,NULL),(473,'473',4,1,NULL),(474,'474',1,2,'8.0'),(474,'474',2,9,'35°02′N'),(474,'474',3,9,'103°12′E'),(474,'474',4,13,'10'),(475,'475',1,2,'3.5'),(475,'475',2,9,'36°41′N'),(475,'475',3,9,'117°04′E'),(475,'475',4,13,'3'),(476,'476',1,2,'4.85'),(476,'476',2,9,'25°91′N'),(476,'476',3,9,'119°21′E'),(476,'476',4,13,'8'),(477,'477',1,1,NULL),(477,'477',2,9,'36°10′45″N'),(477,'477',3,9,'116°12′30″E'),(477,'477',4,13,'17'),(478,'478',1,4,'2650.0'),(478,'478',2,1,NULL),(478,'478',3,1,NULL),(478,'478',4,13,'32'),(479,'479',1,2,'2.31'),(479,'479',2,1,NULL),(479,'479',3,1,NULL),(479,'479',4,1,NULL),(480,'480',1,2,'2.5'),(480,'480',2,9,'31°8′N'),(480,'480',3,9,'20°30′E'),(480,'480',4,1,NULL),(481,'481',1,2,'3.0'),(481,'481',2,9,'28°22′N'),(481,'481',3,9,'119°16′E'),(481,'481',4,13,'60'),(482,'482',1,6,'61.32'),(482,'482',2,9,'30°N'),(482,'482',3,9,'120°E'),(482,'482',4,13,'40'),(483,'483',1,1,NULL),(483,'483',2,1,NULL),(483,'483',3,1,NULL),(483,'483',4,13,'24.5'),(484,'484',1,1,NULL),(484,'484',2,1,NULL),(484,'484',3,1,NULL),(484,'484',4,1,NULL),(485,'485',1,2,'7.8'),(485,'485',2,1,NULL),(485,'485',3,1,NULL),(485,'485',4,1,NULL),(486,'486',1,2,'6.3'),(486,'486',2,1,NULL),(486,'486',3,1,NULL),(486,'486',4,1,NULL),(487,'487',1,1,NULL),(487,'487',2,1,NULL),(487,'487',3,1,NULL),(487,'487',4,1,NULL),(488,'488',1,2,'12.5'),(488,'488',2,9,'35°53′N'),(488,'488',3,9,'111°16′E'),(488,'488',4,13,'5'),(489,'489',1,1,NULL),(489,'489',2,11,'34°36′N - 34°57′N'),(489,'489',3,11,'113°27′E - 113°51′E'),(489,'489',4,1,NULL),(490,'490',1,2,'7.5'),(490,'490',2,9,'24°50′951″N'),(490,'490',3,9,'118°37′274″E'),(490,'490',4,13,'6'),(491,'491',1,4,'4965.0'),(491,'491',2,1,NULL),(491,'491',3,1,NULL),(491,'491',4,14,'70'),(492,'492',1,2,'21.0'),(492,'492',2,1,NULL),(492,'492',3,1,NULL),(492,'492',4,13,'40'),(493,'493',1,6,'350.86'),(493,'493',2,11,'39°61′N - 39°42′N'),(493,'493',3,11,'99°15′E - 100°29′E'),(493,'493',4,13,'30'),(494,'494',1,4,'581.0'),(494,'494',2,9,'37°40′26.14″N'),(494,'494',3,9,'117°08′20.96″E'),(494,'494',4,13,'9'),(495,'495',1,2,'2.0'),(495,'495',2,1,NULL),(495,'495',3,1,NULL),(495,'495',4,13,'25'),(496,'496',1,2,'7.9'),(496,'496',2,11,'22°26′23″N - 22°16′N'),(496,'496',3,11,'113°21′E - 113°20′E'),(496,'496',4,1,NULL),(497,'497',1,2,'4.5'),(497,'497',2,9,'34°31′N'),(497,'497',3,9,'113°49′E'),(497,'497',4,13,'20'),(498,'498',1,2,'4.4'),(498,'498',2,11,'36°47′41″N - 36°49′07″N'),(498,'498',3,11,'113°01′58″E - 113°03′55″E'),(498,'498',4,13,'20'),(499,'499',1,2,'2.0'),(499,'499',2,1,NULL),(499,'499',3,1,NULL),(499,'499',4,13,'19.2'),(500,'500',1,2,'11.5'),(500,'500',2,1,NULL),(500,'500',3,1,NULL),(500,'500',4,13,'15'),(501,'501',1,2,'1.238'),(501,'501',2,11,'25°59′03″N - 25°59′15.99″N'),(501,'501',3,11,'119°13′48.85″E - 119°14′13.83″E'),(501,'501',4,13,'15'),(502,'502',1,4,'2700.0'),(502,'502',2,1,NULL),(502,'502',3,1,NULL),(502,'502',4,13,'25'),(503,'503',1,6,'403.5'),(503,'503',2,9,'38°02′48″N'),(503,'503',3,9,'114°01′10″E'),(503,'503',4,1,NULL),(504,'504',1,2,'6.0'),(504,'504',2,1,NULL),(504,'504',3,1,NULL),(504,'504',4,13,'1.2'),(505,'505',1,4,'18750.0'),(505,'505',2,1,NULL),(505,'505',3,1,NULL),(505,'505',4,1,NULL),(506,'506',1,2,'1.5'),(506,'506',2,9,'22°40′35″N'),(506,'506',3,9,'114°6′42″E'),(506,'506',4,13,'50'),(507,'507',1,2,'2.67'),(507,'507',2,9,'30.03°N'),(507,'507',3,9,'121.09°E'),(507,'507',4,1,NULL),(508,'508',1,2,'8.0'),(508,'508',2,9,'34°48\'N'),(508,'508',3,9,'110°18\'E'),(508,'508',4,13,'17'),(509,'509',1,2,'3.0'),(509,'509',2,1,NULL),(509,'509',3,1,NULL),(509,'509',4,1,NULL),(510,'510',1,4,'2600.0'),(510,'510',2,1,NULL),(510,'510',3,1,NULL),(510,'510',4,13,'8'),(511,'511',1,5,'333350.0'),(511,'511',2,1,NULL),(511,'511',3,1,NULL),(511,'511',4,13,'10'),(512,'512',1,4,'1381.0'),(512,'512',2,1,NULL),(512,'512',3,1,NULL),(512,'512',4,14,'10'),(513,'513',1,2,'4.0'),(513,'513',2,9,'30°22\'45\"N'),(513,'513',3,9,'114°52\'59\"E'),(513,'513',4,1,NULL),(514,'514',1,2,'8.75'),(514,'514',2,9,'34°43\'N'),(514,'514',3,9,'111°51\'E'),(514,'514',4,1,NULL),(515,'515',1,2,'6.5'),(515,'515',2,9,'35.17°N'),(515,'515',3,9,'111.08°E'),(515,'515',4,13,'3'),(516,'516',1,2,'2.0'),(516,'516',2,9,'29°20\'65\"N'),(516,'516',3,9,'119°15\'02\"E'),(516,'516',4,13,'17'),(517,'517',1,1,NULL),(517,'517',2,1,NULL),(517,'517',3,1,NULL),(517,'517',4,1,NULL),(518,'518',1,2,'12.39'),(518,'518',2,1,NULL),(518,'518',3,1,NULL),(518,'518',4,1,NULL),(519,'519',1,2,'3.5'),(519,'519',2,9,'26°56′N'),(519,'519',3,9,'106°44′E'),(519,'519',4,13,'19'),(520,'520',1,2,'15.25'),(520,'520',2,1,NULL),(520,'520',3,1,NULL),(520,'520',4,13,'6'),(521,'521',1,2,'2.92'),(521,'521',2,11,'25°18′9″N - 25°19′3″N'),(521,'521',3,11,'118°47′30″E - 118°48′22″E'),(521,'521',4,13,'18'),(522,'522',1,4,'2800.0'),(522,'522',2,11,'34°15′N - 34°56′N'),(522,'522',3,11,'113°20′E - 113°47′E'),(522,'522',4,1,NULL),(523,'523',1,2,'1200.0'),(523,'523',2,9,'50°31\'N'),(523,'523',3,9,'126°47\'E'),(523,'523',4,1,NULL),(524,'524',1,2,'10.9'),(524,'524',2,1,NULL),(524,'524',3,1,NULL),(524,'524',4,1,NULL),(525,'525',1,2,'47.7'),(525,'525',2,11,'47°02′N - 47°22′N'),(525,'525',3,11,'123°38′E - 123°43′E'),(525,'525',4,1,NULL),(526,'526',1,2,'20.08'),(526,'526',2,1,NULL),(526,'526',3,1,NULL),(526,'526',4,1,NULL),(527,'527',1,2,'4.3117'),(527,'527',2,9,'27°37′57″N'),(527,'527',3,9,'113°37′45″E'),(527,'527',4,1,NULL),(528,'528',1,2,'15.0'),(528,'528',2,9,'26°23′N'),(528,'528',3,9,'116°11′E'),(528,'528',4,13,'20'),(529,'529',1,1,NULL),(529,'529',2,1,NULL),(529,'529',3,1,NULL),(529,'529',4,1,NULL),(530,'530',1,6,'1376.0'),(530,'530',2,11,'105°22′N - 105°23′N'),(530,'530',3,11,'24°52′E - 24°55′E'),(530,'530',4,13,'24'),(531,'531',1,2,'7.6'),(531,'531',2,9,'30°17\'N'),(531,'531',3,9,'114°58\'E'),(531,'531',4,1,NULL),(532,'532',1,2,'54.6'),(532,'532',2,11,'31°12\'17\"N - 31°12\'45\"N'),(532,'532',3,11,'109°50\'10\"E - 109°50\'48\"E'),(532,'532',4,13,'30'),(533,'533',1,2,'3.64'),(533,'533',2,1,NULL),(533,'533',3,1,NULL),(533,'533',4,1,NULL),(534,'534',1,2,'11.0'),(534,'534',2,1,NULL),(534,'534',3,1,NULL),(534,'534',4,1,NULL),(535,'535',1,2,'16.3'),(535,'535',2,11,'25°43′20″N - 25°45′18″N'),(535,'535',3,11,'104°56′4″E - 104°53′23″E'),(535,'535',4,13,'4.6'),(536,'536',1,1,NULL),(536,'536',2,9,'39°02′15″N'),(536,'536',3,9,'117°18′44″E'),(536,'536',4,1,NULL),(537,'537',1,2,'27.0'),(537,'537',2,9,'30°5′5″N'),(537,'537',3,9,'109°8′57″E'),(537,'537',4,13,'67'),(538,'538',1,4,'16991.0'),(538,'538',2,9,'26°40\'55.04\"N'),(538,'538',3,9,'109°05\'16.31\"E'),(538,'538',4,13,'16'),(539,'539',1,2,'3.8'),(539,'539',2,11,'30°35′70″N - 30°38′48″N'),(539,'539',3,11,'114°89′69″E - 114°90′54″E'),(539,'539',4,1,NULL),(540,'540',1,4,'7000.0'),(540,'540',2,1,NULL),(540,'540',3,1,NULL),(540,'540',4,1,NULL),(541,'541',1,2,'2.8'),(541,'541',2,9,'31°44″N'),(541,'541',3,9,'104°16″E'),(541,'541',4,13,'13.6'),(542,'542',1,2,'11.75'),(542,'542',2,1,NULL),(542,'542',3,1,NULL),(542,'542',4,1,NULL),(543,'543',1,2,'6.9'),(543,'543',2,1,NULL),(543,'543',3,1,NULL),(543,'543',4,13,'18'),(544,'544',1,1,NULL),(544,'544',2,1,NULL),(544,'544',3,1,NULL),(544,'544',4,1,NULL),(545,'545',1,1,NULL),(545,'545',2,1,NULL),(545,'545',3,1,NULL),(545,'545',4,1,NULL),(546,'546',1,1,NULL),(546,'546',2,9,'38°34′N'),(546,'546',3,9,'116°42′E'),(546,'546',4,1,NULL),(547,'547',1,2,'4.21'),(547,'547',2,9,'30°55′43″N'),(547,'547',3,9,'105°21′42″E'),(547,'547',4,13,'8'),(548,'548',1,2,'3.8'),(548,'548',2,11,'31°02′N - 31°04′N'),(548,'548',3,11,'113°10′E - 113°13′E'),(548,'548',4,1,NULL),(549,'549',1,1,NULL),(549,'549',2,9,'31°4′56″N'),(549,'549',3,9,'106°19′11″E'),(549,'549',4,13,'21'),(550,'550',1,1,NULL),(550,'550',2,11,'26°47\'41\"N - 27°22\'17\"N'),(550,'550',3,11,'108°8\'35\"E - 108°52\'58\"E'),(550,'550',4,1,NULL),(551,'551',1,2,'10.35'),(551,'551',2,9,'28°N'),(551,'551',3,9,'112°E'),(551,'551',4,1,NULL),(552,'552',1,2,'5.7'),(552,'552',2,1,NULL),(552,'552',3,1,NULL),(552,'552',4,13,'41'),(553,'553',1,2,'2.2'),(553,'553',2,9,'30°22\'49.73\"N'),(553,'553',3,9,'104°57\'29.57\"E'),(553,'553',4,13,'15'),(554,'554',1,2,'14.0'),(554,'554',2,9,'33°5\'N'),(554,'554',3,9,'117°7\'E'),(554,'554',4,1,NULL),(555,'555',1,2,'9.37'),(555,'555',2,9,'28°3\'45\"N'),(555,'555',3,9,'111°59\'40\"E'),(555,'555',4,13,'62'),(556,'556',1,1,NULL),(556,'556',2,1,NULL),(556,'556',3,1,NULL),(556,'556',4,1,NULL),(557,'557',1,2,'4.0'),(557,'557',2,1,NULL),(557,'557',3,1,NULL),(557,'557',4,13,'5'),(558,'558',1,2,'5.0'),(558,'558',2,11,'27°55\'N - 27°57\'N'),(558,'558',3,11,'112°45\'E - 112°48\'E'),(558,'558',4,1,NULL),(559,'559',1,2,'11.154000000000002'),(559,'559',2,9,'29°14\'16\"N'),(559,'559',3,9,'111°32\'41\"E'),(559,'559',4,13,'45'),(560,'560',1,2,'40.0'),(560,'560',2,1,NULL),(560,'560',3,1,NULL),(560,'560',4,13,'26'),(561,'561',1,1,NULL),(561,'561',2,9,'40.8°N'),(561,'561',3,9,'111.7°E'),(561,'561',4,1,NULL),(562,'562',1,2,'4.0'),(562,'562',2,11,'30°56\'N - 31°24\'N'),(562,'562',3,11,'118°17\'E - 118°43\'E'),(562,'562',4,13,'11'),(563,'563',1,2,'29.8'),(563,'563',2,11,'27°45\'N - 27°47\'N'),(563,'563',3,11,'107°03\'E - 107°07\'E'),(563,'563',4,1,NULL),(564,'564',1,4,'1169.0'),(564,'564',2,9,'30°24′4″N'),(564,'564',3,9,'114°54′21″E'),(564,'564',4,1,NULL),(565,'565',1,1,NULL),(565,'565',2,9,'39°06\'78\"N'),(565,'565',3,9,'117°18\'35.8\"E'),(565,'565',4,1,NULL),(566,'566',1,2,'15.8'),(566,'566',2,11,'38°57′N - 39°42′N'),(566,'566',3,11,'99°51′E - 100°31′E'),(566,'566',4,13,'11'),(567,'567',1,2,'6.68'),(567,'567',2,1,NULL),(567,'567',3,1,NULL),(567,'567',4,1,NULL),(568,'568',1,2,'50.0'),(568,'568',2,1,NULL),(568,'568',3,1,NULL),(568,'568',4,13,'9'),(569,'569',1,1,NULL),(569,'569',2,9,'29°51\'N'),(569,'569',3,9,'118°40\'N'),(569,'569',4,13,'40'),(570,'570',1,2,'3.5'),(570,'570',2,1,NULL),(570,'570',3,1,NULL),(570,'570',4,13,'25'),(571,'571',1,2,'1.45'),(571,'571',2,9,'27°39′31″N'),(571,'571',3,9,'106°55′34″E'),(571,'571',4,1,NULL),(572,'572',1,4,'5410.0'),(572,'572',2,9,'30°11\'20\"N'),(572,'572',3,9,'118°29\'40\"E'),(572,'572',4,13,'32'),(573,'573',1,1,NULL),(573,'573',2,1,NULL),(573,'573',3,1,NULL),(573,'573',4,1,NULL),(574,'574',1,1,NULL),(574,'574',2,1,NULL),(574,'574',3,1,NULL),(574,'574',4,13,'25'),(575,'575',1,1,NULL),(575,'575',2,1,NULL),(575,'575',3,1,NULL),(575,'575',4,14,'2'),(576,'576',1,2,'4.0'),(576,'576',2,1,NULL),(576,'576',3,1,NULL),(576,'576',4,1,NULL),(577,'577',1,2,'4.5'),(577,'577',2,1,NULL),(577,'577',3,1,NULL),(577,'577',4,13,'20'),(578,'578',1,2,'10.86'),(578,'578',2,9,'30°19\'N'),(578,'578',3,9,'114°44\'E'),(578,'578',4,1,NULL),(579,'579',1,2,'9.0'),(579,'579',2,1,NULL),(579,'579',3,1,NULL),(579,'579',4,13,'20'),(580,'580',1,8,'38.0'),(580,'580',2,1,NULL),(580,'580',3,1,NULL),(580,'580',4,1,NULL),(581,'581',1,1,NULL),(581,'581',2,9,'31°27\'18\"N'),(581,'581',3,9,'106°39\'26\"E'),(581,'581',4,13,'55'),(582,'582',1,2,'14.182'),(582,'582',2,1,NULL),(582,'582',3,1,NULL),(582,'582',4,1,NULL),(583,'583',1,2,'7.0'),(583,'583',2,9,'25°40′N'),(583,'583',3,9,'112°02′E'),(583,'583',4,14,'3'),(584,'584',1,1,NULL),(584,'584',2,1,NULL),(584,'584',3,1,NULL),(584,'584',4,13,'70'),(585,'585',1,1,NULL),(585,'585',2,9,'29°43′22″N'),(585,'585',3,9,'104°43′22″E'),(585,'585',4,13,'39'),(586,'586',1,4,'2680.0'),(586,'586',2,1,NULL),(586,'586',3,1,NULL),(586,'586',4,13,'17'),(587,'587',1,2,'4.24'),(587,'587',2,1,NULL),(587,'587',3,1,NULL),(587,'587',4,13,'30'),(588,'588',1,2,'7.3'),(588,'588',2,9,'29°16\'40\"N'),(588,'588',3,9,'105°27\'43\"E'),(588,'588',4,13,'20'),(589,'589',1,2,'1.8'),(589,'589',2,1,NULL),(589,'589',3,1,NULL),(589,'589',4,1,'35'),(590,'590',1,1,NULL),(590,'590',2,1,NULL),(590,'590',3,1,NULL),(590,'590',4,1,NULL),(591,'591',1,2,'4.0'),(591,'591',2,9,'25°02\'58.70\"N'),(591,'591',3,9,'102°52\'41.83\"E'),(591,'591',4,1,NULL),(592,'592',1,2,'2.42'),(592,'592',2,1,NULL),(592,'592',3,1,NULL),(592,'592',4,1,NULL),(593,'593',1,2,'23.8'),(593,'593',2,1,NULL),(593,'593',3,1,NULL),(593,'593',4,13,'30'),(594,'594',1,2,'1.23'),(594,'594',2,9,'26°26′N'),(594,'594',3,9,'99°54′E'),(594,'594',4,13,'8'),(595,'595',1,1,NULL),(595,'595',2,1,NULL),(595,'595',3,1,NULL),(595,'595',4,1,NULL),(596,'596',1,2,'2.417'),(596,'596',2,1,NULL),(596,'596',3,1,NULL),(596,'596',4,1,NULL),(597,'597',1,2,'7.37'),(597,'597',2,11,'29°82′N - 29°85′N'),(597,'597',3,11,'103°69′E - 103°75′E'),(597,'597',4,13,'11'),(598,'598',1,2,'3.8'),(598,'598',2,9,NULL),(598,'598',3,9,NULL),(598,'598',4,13,'27.5'),(599,'599',1,1,NULL),(599,'599',2,9,'30°28\'23.64\"N'),(599,'599',3,9,'104°36\'28.15\"E'),(599,'599',4,1,NULL),(600,'600',1,2,'4.4'),(600,'600',2,1,NULL),(600,'600',3,1,NULL),(600,'600',4,13,'24'),(601,'601',1,1,NULL),(601,'601',2,9,'25°54\'N'),(601,'601',3,9,'109°11\'E'),(601,'601',4,13,'50'),(602,'602',1,6,'2560.94'),(602,'602',2,1,NULL),(602,'602',3,1,NULL),(602,'602',4,13,'40'),(603,'603',1,2,'1.9'),(603,'603',2,9,'26°35\'17\"N'),(603,'603',3,9,'111°55\'58\"E'),(603,'603',4,13,'6'),(604,'604',1,1,NULL),(604,'604',2,1,NULL),(604,'604',3,1,NULL),(604,'604',4,1,NULL),(605,'605',1,2,'4.856'),(605,'605',2,9,'37°38′51.81″N'),(605,'605',3,9,'121°8′6.23″E'),(605,'605',4,1,NULL),(606,'606',1,1,NULL),(606,'606',2,9,'36°23′N'),(606,'606',3,9,'120°27′E'),(606,'606',4,1,NULL),(607,'607',1,3,'80.0'),(607,'607',2,1,NULL),(607,'607',3,1,NULL),(607,'607',4,14,'20'),(608,'608',1,2,'5.09'),(608,'608',2,1,NULL),(608,'608',3,1,NULL),(608,'608',4,1,NULL),(609,'609',1,2,'7.56'),(609,'609',2,1,NULL),(609,'609',3,1,NULL),(609,'609',4,1,NULL),(610,'610',1,2,'5.66'),(610,'610',2,1,NULL),(610,'610',3,1,NULL),(610,'610',4,1,NULL),(611,'611',1,2,'4.8'),(611,'611',2,11,'30°50′N - 31°09′N'),(611,'611',3,11,'120°35′E - 121°58′E'),(611,'611',4,1,NULL),(612,'612',1,2,'2.8'),(612,'612',2,9,'30°41′N'),(612,'612',3,9,'119°56′E'),(612,'612',4,1,NULL),(613,'613',1,2,'0.95'),(613,'613',2,9,'31°13′N'),(613,'613',3,9,'121°43′E'),(613,'613',4,1,NULL),(614,'614',1,2,'5.57'),(614,'614',2,9,'31°02′N'),(614,'614',3,9,'121°8′E'),(614,'614',4,1,NULL),(615,'615',1,2,'12.0'),(615,'615',2,1,NULL),(615,'615',3,1,NULL),(615,'615',4,13,'35'),(616,'616',1,2,'17.5'),(616,'616',2,11,'40°7′6″N - 40°10′10″N'),(616,'616',3,11,'113°58′24″E - 114°1′56″E'),(616,'616',4,13,'35'),(617,'617',1,1,NULL),(617,'617',2,9,'36°19′42″N'),(617,'617',3,9,'113°04′47″E'),(617,'617',4,1,NULL),(618,'618',1,1,NULL),(618,'618',2,9,'33°20′11″N'),(618,'618',3,9,'119°23′15″E'),(618,'618',4,13,'15'),(619,'619',1,2,'2.4'),(619,'619',2,1,NULL),(619,'619',3,1,NULL),(619,'619',4,1,NULL),(620,'620',1,2,'5.2'),(620,'620',2,1,NULL),(620,'620',3,1,NULL),(620,'620',4,13,'28'),(621,'621',1,2,'11.27'),(621,'621',2,11,'29°57′N - 30°20′N'),(621,'621',3,11,'118°20′E - 118°55′E'),(621,'621',4,13,'3'),(622,'622',1,2,'8.0'),(622,'622',2,1,NULL),(622,'622',3,1,NULL),(622,'622',4,13,'15'),(623,'623',1,1,NULL),(623,'623',2,9,'39°46′N'),(623,'623',3,9,'116°04′E'),(623,'623',4,13,'15'),(624,'624',1,2,'0.96'),(624,'624',2,9,'39°47\'N'),(624,'624',3,9,'123°48\'E'),(624,'624',4,1,NULL),(625,'625',1,2,'2.2'),(625,'625',2,9,'31°09′N'),(625,'625',3,9,'121°45′E'),(625,'625',4,1,NULL),(626,'626',1,2,'4.58'),(626,'626',2,1,NULL),(626,'626',3,1,NULL),(626,'626',4,1,NULL),(627,'627',1,2,'2.71'),(627,'627',2,1,NULL),(627,'627',3,1,NULL),(627,'627',4,1,NULL),(628,'628',1,1,NULL),(628,'628',2,1,NULL),(628,'628',3,1,NULL),(628,'628',4,1,NULL),(629,'629',1,2,'3.75'),(629,'629',2,9,'36°18′48″N'),(629,'629',3,9,'120°36′12″E'),(629,'629',4,1,NULL),(630,'630',1,2,'8.28'),(630,'630',2,1,NULL),(630,'630',3,1,NULL),(630,'630',4,1,NULL),(631,'631',1,2,'2.1'),(631,'631',2,11,'25°18′49″N - 25°18′57″N'),(631,'631',3,11,'118°47′51″E - 118°48′10″E'),(631,'631',4,13,'10'),(632,'632',1,1,NULL),(632,'632',2,1,NULL),(632,'632',3,1,NULL),(632,'632',4,13,'30'),(633,'633',1,2,'1.8'),(633,'633',2,11,'31°08′N - 31°12′N'),(633,'633',3,11,'121°45′E - 121°48′E'),(633,'633',4,1,NULL),(634,'634',1,2,'20.0'),(634,'634',2,1,NULL),(634,'634',3,1,NULL),(634,'634',4,1,NULL),(635,'635',1,2,'1.4'),(635,'635',2,9,'35°32′N'),(635,'635',3,9,'110°14′E'),(635,'635',4,1,NULL),(636,'636',1,2,'25.0'),(636,'636',2,1,NULL),(636,'636',3,1,NULL),(636,'636',4,1,NULL),(637,'637',1,2,'3.84'),(637,'637',2,11,'33°N - 34°N'),(637,'637',3,11,'107°E - 108°E'),(637,'637',4,1,NULL),(638,'638',1,2,'1.8'),(638,'638',2,9,'34°40′N'),(638,'638',3,9,'118°10′E'),(638,'638',4,1,NULL),(639,'639',1,2,'35.0'),(639,'639',2,9,'25°31′N'),(639,'639',3,9,'118°01′E'),(639,'639',4,1,NULL),(640,'640',1,2,'27.0'),(640,'640',2,1,NULL),(640,'640',3,1,NULL),(640,'640',4,13,'22'),(641,'641',1,2,'3.63'),(641,'641',2,9,'30°49′05″N'),(641,'641',3,9,'121°16′52″E'),(641,'641',4,1,NULL),(642,'642',1,2,'1.5'),(642,'642',2,1,NULL),(642,'642',3,1,NULL),(642,'642',4,1,NULL),(643,'643',1,2,'3.23'),(643,'643',2,11,'36°55′37″N - 36°56′42″N'),(643,'643',3,11,'118°10′41″E - 118°12′34″E'),(643,'643',4,1,NULL),(644,'644',1,2,'3.48'),(644,'644',2,11,'31°09′05″N - 31°10′09″N'),(644,'644',3,11,'120°59′14.5″E - 120°59′33.1″E'),(644,'644',4,1,NULL),(645,'645',1,4,'7227.0'),(645,'645',2,9,'25°00′N'),(645,'645',3,9,'98°31′E'),(645,'645',4,1,NULL),(646,'646',1,1,NULL),(646,'646',2,1,NULL),(646,'646',3,1,NULL),(646,'646',4,1,NULL),(647,'647',1,2,'32.0'),(647,'647',2,9,'24°2′N'),(647,'647',3,9,'103°5′E'),(647,'647',4,13,'21'),(648,'648',1,1,NULL),(648,'648',2,1,NULL),(648,'648',3,1,NULL),(648,'648',4,1,NULL),(650,'650',1,2,'2.9'),(650,'650',2,9,'24°58\'N'),(650,'650',3,9,'102°45\'E'),(650,'650',4,1,NULL),(651,'651',1,2,'2.98'),(651,'651',2,1,NULL),(651,'651',3,1,NULL),(651,'651',4,13,'3'),(652,'652',1,2,'6.0'),(652,'652',2,1,NULL),(652,'652',3,1,NULL),(652,'652',4,1,NULL),(653,'653',1,2,'2.0'),(653,'653',2,9,'28°52′11″N'),(653,'653',3,9,'20°3′6″E'),(653,'653',4,1,NULL),(654,'654',1,2,'4.5'),(654,'654',2,9,'31°29′N'),(654,'654',3,9,'119°43′E'),(654,'654',4,13,'18.5'),(655,'655',1,2,'6.53'),(655,'655',2,9,'30°18′N'),(655,'655',3,9,'121°11′E'),(655,'655',4,1,NULL),(656,'656',1,2,'17.5'),(656,'656',2,9,'39°44′N'),(656,'656',3,9,'116°30′E'),(656,'656',4,13,'45'),(658,'658',1,2,'5.0'),(658,'658',2,9,'24°25′N'),(658,'658',3,9,'102°38′E'),(658,'658',4,1,NULL),(659,'659',1,2,'36.15'),(659,'659',2,11,'24°45′25″N - 24°49′15″N'),(659,'659',3,11,'99°28′45″E - 99°31′52″E'),(659,'659',4,13,'18'),(660,'660',1,2,'5.6'),(660,'660',2,9,'24°58′N'),(660,'660',3,9,'102°47′E'),(660,'660',4,1,NULL),(662,'662',1,1,NULL),(662,'662',2,1,NULL),(662,'662',3,1,NULL),(662,'662',4,1,NULL),(663,'663',1,1,NULL),(663,'663',2,1,NULL),(663,'663',3,1,NULL),(663,'663',4,1,NULL),(664,'664',1,4,'14969.1'),(664,'664',2,1,NULL),(664,'664',3,1,NULL),(664,'664',4,1,NULL),(665,'665',1,2,'4.0'),(665,'665',2,9,'35°50′N'),(665,'665',3,9,'111°40′E'),(665,'665',4,1,NULL),(666,'666',1,1,NULL),(666,'666',2,9,'26°46′23″N'),(666,'666',3,9,'118°29′41″E'),(666,'666',4,13,'80'),(667,'667',1,2,'25.0'),(667,'667',2,11,'38°06′N - 38°14′N'),(667,'667',3,11,'111°01′E - 111°14′E'),(667,'667',4,13,'28'),(668,'668',1,4,'5409.0'),(668,'668',2,1,NULL),(668,'668',3,1,NULL),(668,'668',4,13,'26'),(669,'669',1,2,'25.0'),(669,'669',2,11,'39°17′36.22″N - 39°20′15.34″N'),(669,'669',3,11,'117°25′36.02″E - 117°31′49.50″E'),(669,'669',4,1,NULL),(670,'670',1,1,NULL),(670,'670',2,1,NULL),(670,'670',3,1,NULL),(670,'670',4,1,NULL),(671,'671',1,4,'36009.0'),(671,'671',2,11,'40°49′53″N - 41°04′02″N'),(671,'671',3,11,'124°18′12″E - 124°32′03″E'),(671,'671',4,13,'100'),(672,'672',1,2,'6.76'),(672,'672',2,11,'38°49′N - 38°52′N'),(672,'672',3,11,'121°13′E - 121°16′E'),(672,'672',4,1,NULL),(673,'673',1,4,'5110.0'),(673,'673',2,1,NULL),(673,'673',3,1,NULL),(673,'673',4,13,'9'),(674,'674',1,1,NULL),(674,'674',2,9,'29°18′N'),(674,'674',3,9,'120°26′E'),(674,'674',4,13,'22'),(675,'675',1,2,'327.71'),(675,'675',2,11,'26°42′08″N - 26°42′19″N'),(675,'675',3,11,'120°05′47″E - 120°05′55″E'),(675,'675',4,13,'41'),(676,'676',1,2,'3.64'),(676,'676',2,9,'34°20′N'),(676,'676',3,9,'108°30′E'),(676,'676',4,13,'6'),(677,'677',1,5,'124832.0'),(677,'677',2,9,'36°51′N'),(677,'677',3,9,'117°38′E'),(677,'677',4,1,NULL),(678,'678',1,1,NULL),(678,'678',2,9,'35°34′12″N'),(678,'678',3,9,'115°18′30″E'),(678,'678',4,1,NULL),(679,'679',1,4,'1048.0'),(679,'679',2,1,NULL),(679,'679',3,1,NULL),(679,'679',4,1,NULL),(680,'680',1,2,'2.1'),(680,'680',2,9,'35°38′N'),(680,'680',3,9,'112°55′E'),(680,'680',4,1,NULL),(681,'681',1,2,'3.5'),(681,'681',2,1,NULL),(681,'681',3,1,NULL),(681,'681',4,1,NULL),(682,'682',1,2,'3.4'),(682,'682',2,10,'36.35°N'),(682,'682',3,10,'113.14°E'),(682,'682',4,13,'53'),(683,'683',1,2,'1.12'),(683,'683',2,11,'34°21′46″N - 34°26′27″N'),(683,'683',3,11,'108°55′12″E - 109°01′E'),(683,'683',4,1,NULL),(684,'684',1,1,'7.5'),(684,'684',2,9,'30°19′N'),(684,'684',3,9,'114°49′E'),(684,'684',4,13,'4'),(685,'685',1,2,'3.6'),(685,'685',2,1,NULL),(685,'685',3,1,NULL),(685,'685',4,1,NULL),(686,'686',1,8,'27.5'),(686,'686',2,9,'35°25′45″N'),(686,'686',3,9,'113°50′44″E'),(686,'686',4,13,'6'),(687,'687',1,2,'30.75'),(687,'687',2,11,'37°22″N - 38°14″N'),(687,'687',3,11,'108°56\"E - 110°02\"E'),(687,'687',4,13,'20'),(688,'688',1,2,'8.6'),(688,'688',2,1,NULL),(688,'688',3,1,NULL),(688,'688',4,1,NULL),(689,'689',1,1,NULL),(689,'689',2,1,NULL),(689,'689',3,1,NULL),(689,'689',4,1,NULL),(690,'690',1,2,'5.334'),(690,'690',2,11,'37°34′39″N - 37°36′12″N'),(690,'690',3,11,'113°38′12″E - 113°40′29″E'),(690,'690',4,13,'1.5'),(691,'691',1,4,'4713.6'),(691,'691',2,1,NULL),(691,'691',3,1,NULL),(691,'691',4,1,NULL),(692,'692',1,2,'16.2'),(692,'692',2,1,NULL),(692,'692',3,1,NULL),(692,'692',4,1,NULL),(693,'693',1,2,'7.5'),(693,'693',2,1,NULL),(693,'693',3,1,NULL),(693,'693',4,13,'7.5'),(694,'694',1,1,NULL),(694,'694',2,9,'34°21′35″N'),(694,'694',3,9,'107°11′55″E'),(694,'694',4,1,NULL),(695,'695',1,1,NULL),(695,'695',2,1,NULL),(695,'695',3,1,NULL),(695,'695',4,13,'11.8'),(696,'696',1,2,'5.25'),(696,'696',2,1,NULL),(696,'696',3,1,NULL),(696,'696',4,1,NULL),(697,'697',1,2,'3.9'),(697,'697',2,1,NULL),(697,'697',3,1,NULL),(697,'697',4,13,'18.68'),(698,'698',1,2,'2.25'),(698,'698',2,9,'34°30′40″N'),(698,'698',3,9,'110°50′1″E'),(698,'698',4,13,'1.5'),(699,'699',1,2,'3.63'),(699,'699',2,9,'34°38′N'),(699,'699',3,9,'112°7′E'),(699,'699',4,13,'11'),(700,'700',1,2,'17.5'),(700,'700',2,1,NULL),(700,'700',3,1,NULL),(700,'700',4,1,NULL),(701,'701',1,4,'22596.0'),(701,'701',2,1,NULL),(701,'701',3,1,NULL),(701,'701',4,13,'40'),(702,'702',1,2,'7.99'),(702,'702',2,11,'35°33′46″N - 35°34′25″N'),(702,'702',3,11,'112°33′29″E - 112°34′42″E'),(702,'702',4,13,'60'),(703,'703',1,2,'1.2'),(703,'703',2,9,'31°41′N'),(703,'703',3,9,'119°56′E'),(703,'703',4,1,NULL),(704,'704',1,4,'347.15'),(704,'704',2,1,NULL),(704,'704',3,1,NULL),(704,'704',4,1,NULL),(705,'705',1,2,'3.25'),(705,'705',2,9,'36°43′N'),(705,'705',3,9,'117°15′E'),(705,'705',4,1,NULL),(706,'706',1,2,'2.79'),(706,'706',2,11,'36°8′21″N - 36°9′21″N'),(706,'706',3,11,'120°9′21″E - 120°31′21″'),(706,'706',4,1,NULL),(707,'707',1,2,'1.056'),(707,'707',2,1,'30°41′N'),(707,'707',3,1,'119°56′E'),(707,'707',4,1,NULL),(708,'708',1,2,'3.55'),(708,'708',2,1,NULL),(708,'708',3,1,NULL),(708,'708',4,1,NULL),(709,'709',1,2,'2.5'),(709,'709',2,1,NULL),(709,'709',3,1,NULL),(709,'709',4,1,NULL),(710,'710',1,2,'12.0'),(710,'710',2,9,'29°22′N'),(710,'710',3,9,'119°48′E'),(710,'710',4,1,NULL),(711,'711',1,2,'2.31'),(711,'711',2,1,NULL),(711,'711',3,1,NULL),(711,'711',4,13,'4.5'),(712,'712',1,8,'62.56'),(712,'712',2,9,'36°52′N'),(712,'712',3,9,'120°35′E'),(712,'712',4,1,NULL),(713,'713',1,2,'2.0'),(713,'713',2,1,NULL),(713,'713',3,1,NULL),(713,'713',4,1,NULL),(714,'714',1,2,'2.5'),(714,'714',2,1,NULL),(714,'714',3,1,NULL),(714,'714',4,1,NULL),(715,'715',1,2,'2.07'),(715,'715',2,1,NULL),(715,'715',3,1,NULL),(715,'715',4,1,NULL),(716,'716',1,2,'4.5'),(716,'716',2,9,'24°55′N'),(716,'716',3,9,'118°35′E'),(716,'716',4,1,NULL),(718,'718',1,2,'2.01'),(718,'718',2,1,NULL),(718,'718',3,1,NULL),(718,'718',4,1,NULL),(719,'719',1,1,NULL),(719,'719',2,9,'26°40′N'),(719,'719',3,9,'119°34′E'),(719,'719',4,1,NULL),(720,'720',1,2,'4.0'),(720,'720',2,9,'39°17′52″N'),(720,'720',3,9,'111°13′3″E'),(720,'720',4,1,NULL),(721,'721',1,2,'5.0'),(721,'721',2,1,NULL),(721,'721',3,1,NULL),(721,'721',4,13,'60'),(722,'722',1,2,'7.22'),(722,'722',2,9,'29°41′07.0″N'),(722,'722',3,9,'119°36′05.0″E'),(722,'722',4,1,NULL),(723,'723',1,2,'4.0'),(723,'723',2,11,'36°22\'N - 36°45\'N'),(723,'723',3,11,'117°41\'E - 180°14\'E'),(723,'723',4,13,'2'),(724,'724',1,2,'11.931'),(724,'724',2,9,'34°18′N'),(724,'724',3,9,'107°13′E'),(724,'724',4,13,'16'),(725,'725',1,2,'5.2'),(725,'725',2,9,'36°10′57″N'),(725,'725',3,9,'120°40′59″E'),(725,'725',4,1,NULL),(726,'726',1,2,'6.0'),(726,'726',2,11,'36°40\'01\"N - 36°39\'14\"N'),(726,'726',3,11,'117°07\'52\"E - 117°06\'50\"E'),(726,'726',4,1,NULL),(727,'727',1,1,NULL),(727,'727',2,1,NULL),(727,'727',3,1,NULL),(727,'727',4,1,NULL),(728,'728',1,2,'7.2'),(728,'728',2,1,NULL),(728,'728',3,1,NULL),(728,'728',4,1,NULL),(729,'729',1,2,'4.81'),(729,'729',2,9,'30°52\'N'),(729,'729',3,9,'121°49\'E'),(729,'729',4,1,NULL),(730,'730',1,2,'4.61'),(730,'730',2,1,NULL),(730,'730',3,1,NULL),(730,'730',4,1,NULL),(731,'731',1,4,'7950.0'),(731,'731',2,9,'37°36′N'),(731,'731',3,9,'110°31′E'),(731,'731',4,13,'40'),(732,'732',1,2,'6.0'),(732,'732',2,11,'24°49′30″N - 24°51′50″N'),(732,'732',3,11,'98°17′40″E - 98°20′24″E'),(732,'732',4,13,'2.5'),(733,'733',1,2,'1.19'),(733,'733',2,11,'31°08′N - 31°12′N'),(733,'733',3,11,'121°45′E - 121°48′E'),(733,'733',4,1,NULL),(734,'734',1,2,'10.69'),(734,'734',2,1,NULL),(734,'734',3,1,NULL),(734,'734',4,13,'15'),(735,'735',1,2,'5.42'),(735,'735',2,9,'31°35′N'),(735,'735',3,9,'120°30′E'),(735,'735',4,13,'18'),(736,'736',1,2,'1.0'),(736,'736',2,1,NULL),(736,'736',3,1,NULL),(736,'736',4,13,'3'),(737,'737',1,2,'1.1'),(737,'737',2,1,NULL),(737,'737',3,1,NULL),(737,'737',4,1,NULL),(738,'738',1,2,'0.9'),(738,'738',2,9,'37°08′N'),(738,'738',3,9,'111°47′E'),(738,'738',4,1,NULL),(739,'739',1,2,'5.6061'),(739,'739',2,9,'31°10\'10\'N'),(739,'739',3,9,'121°02′05″E'),(739,'739',4,13,'30'),(740,'740',1,2,'6.3'),(740,'740',2,1,NULL),(740,'740',3,1,NULL),(740,'740',4,1,NULL),(741,'741',1,1,NULL),(741,'741',2,1,NULL),(741,'741',3,1,NULL),(741,'741',4,13,'12.5'),(742,'742',1,2,'4.0'),(742,'742',2,1,NULL),(742,'742',3,1,NULL),(742,'742',4,13,'12.5'),(743,'743',1,4,'7675.0'),(743,'743',2,10,'37.28°N'),(743,'743',3,10,'112.071°E'),(743,'743',4,13,'23'),(744,'744',1,2,'3.0'),(744,'744',2,1,NULL),(744,'744',3,1,NULL),(744,'744',4,1,NULL),(745,'745',1,2,'2.43'),(745,'745',2,1,NULL),(745,'745',3,1,NULL),(745,'745',4,13,'8'),(746,'746',1,2,'3.403'),(746,'746',2,9,'23°22′N'),(746,'746',3,9,'113°10′E'),(746,'746',4,13,'3'),(747,'747',1,2,'8.5'),(747,'747',2,1,NULL),(747,'747',3,1,NULL),(747,'747',4,13,'30'),(748,'748',1,2,'2.4'),(748,'748',2,1,NULL),(748,'748',3,1,NULL),(748,'748',4,1,NULL),(749,'749',1,2,'2.5'),(749,'749',2,9,'24°55′23″N'),(749,'749',3,9,'103°8′24″E'),(749,'749',4,13,'18'),(750,'750',1,2,'3.6'),(750,'750',2,9,NULL),(750,'750',3,9,NULL),(750,'750',4,1,NULL),(751,'751',1,2,'35.42'),(751,'751',2,1,NULL),(751,'751',3,1,NULL),(751,'751',4,1,NULL),(752,'752',1,2,'5.0'),(752,'752',2,1,NULL),(752,'752',3,1,NULL),(752,'752',4,13,'30'),(753,'753',1,2,'8.2'),(753,'753',2,1,NULL),(753,'753',3,1,NULL),(753,'753',4,13,'34'),(754,'754',1,2,'11.81'),(754,'754',2,1,NULL),(754,'754',3,1,NULL),(754,'754',4,1,NULL),(755,'755',1,2,'1.37'),(755,'755',2,11,'24°54′N - 25°17′10″N'),(755,'755',3,11,'102°38′50″E - 103°03′10″E'),(755,'755',4,13,'4'),(756,'756',1,1,NULL),(756,'756',2,1,NULL),(756,'756',3,1,NULL),(756,'756',4,1,NULL),(757,'757',1,2,'2.4'),(757,'757',2,9,'35°10′N'),(757,'757',3,9,'110°13′E'),(757,'757',4,13,'5'),(758,'758',1,2,'14.8221'),(758,'758',2,1,NULL),(758,'758',3,1,NULL),(758,'758',4,1,NULL),(759,'759',1,1,NULL),(759,'759',2,1,NULL),(759,'759',3,1,NULL),(759,'759',4,1,NULL),(760,'760',1,2,'2.3'),(760,'760',2,1,NULL),(760,'760',3,1,NULL),(760,'760',4,13,'1'),(761,'761',1,2,'2.03'),(761,'761',2,1,NULL),(761,'761',3,1,NULL),(761,'761',4,1,NULL),(762,'762',1,2,'4.0'),(762,'762',2,1,NULL),(762,'762',3,1,NULL),(762,'762',4,1,NULL),(763,'763',1,2,'3.21'),(763,'763',2,9,'31°03′N'),(763,'763',3,9,'121°39′E'),(763,'763',4,1,NULL),(764,'764',1,2,'0.96'),(764,'764',2,11,'31°08′N - 31°12′N'),(764,'764',3,11,'121°45′E - 121°48′E'),(764,'764',4,1,NULL),(765,'765',1,2,'1.87'),(765,'765',2,11,'31°40′N - 31°45′N'),(765,'765',3,11,'119°54′E - 120°01′E'),(765,'765',4,13,'4'),(766,'766',1,2,'2.59'),(766,'766',2,9,'31°N'),(766,'766',3,9,'120°E'),(766,'766',4,1,NULL),(767,'767',1,2,'2.82'),(767,'767',2,1,NULL),(767,'767',3,1,NULL),(767,'767',4,1,NULL),(768,'768',1,2,'8.82'),(768,'768',2,1,NULL),(768,'768',3,1,NULL),(768,'768',4,1,NULL),(769,'769',1,2,'3.11'),(769,'769',2,9,'30°48′N'),(769,'769',3,9,'121°19′E'),(769,'769',4,1,NULL),(770,'770',1,2,'8.36'),(770,'770',2,1,NULL),(770,'770',3,1,NULL),(770,'770',4,13,'5.5'),(771,'771',1,2,'9.0'),(771,'771',2,9,'23°10′N'),(771,'771',3,9,'113°20′E'),(771,'771',4,1,NULL),(772,'772',1,2,'5.35'),(772,'772',2,9,'30°51′N'),(772,'772',3,9,'120°27′E'),(772,'772',4,1,NULL),(773,'773',1,2,'11.245'),(773,'773',2,9,'27°40′N'),(773,'773',3,9,'119°30′E'),(773,'773',4,13,'37'),(774,'774',1,2,'1.9'),(774,'774',2,1,NULL),(774,'774',3,1,NULL),(774,'774',4,13,'7.2'),(775,'775',1,2,'1.74'),(775,'775',2,1,NULL),(775,'775',3,1,NULL),(775,'775',4,1,NULL),(776,'776',1,2,'0.7'),(776,'776',2,11,'37°05′N - 37°33′N'),(776,'776',3,11,'120°08′E - 120°38′E'),(776,'776',4,1,NULL),(777,'777',1,1,NULL),(777,'777',2,1,NULL),(777,'777',3,1,NULL),(777,'777',4,1,NULL),(778,'778',1,2,'15.0'),(778,'778',2,9,'38°39′14.28″N'),(778,'778',3,9,'110°53′15.35″E'),(778,'778',4,13,'52'),(779,'779',1,2,'15.0'),(779,'779',2,9,'23°10′N'),(779,'779',3,9,'113°22′E'),(779,'779',4,1,NULL),(780,'780',1,2,'4.49'),(780,'780',2,11,'37°21′39″N - 37°24′1″N'),(780,'780',3,11,'112°16′20″E - 112°17′22″E'),(780,'780',4,1,NULL),(781,'781',1,1,NULL),(781,'781',2,9,'34°48′N'),(781,'781',3,9,'115°44′E'),(781,'781',4,13,'12.5'),(782,'782',1,1,NULL),(782,'782',2,11,'36°07′01″N - 36°07′25″N'),(782,'782',3,11,'120°26′01″E - 120°26′49″E'),(782,'782',4,13,'3'),(783,'783',1,1,NULL),(783,'783',2,9,'36°47′N'),(783,'783',3,9,'121°9′E'),(783,'783',4,1,NULL),(784,'784',1,1,NULL),(784,'784',2,1,NULL),(784,'784',3,1,NULL),(784,'784',4,1,NULL),(785,'785',1,2,'2.52'),(785,'785',2,9,'35°22′N'),(785,'785',3,9,'113°05′E'),(785,'785',4,1,NULL),(786,'786',1,2,'9.86'),(786,'786',2,1,NULL),(786,'786',3,1,NULL),(786,'786',4,1,NULL),(787,'787',1,2,'9.08'),(787,'787',2,1,NULL),(787,'787',3,1,NULL),(787,'787',4,1,NULL),(788,'788',1,2,'3.13'),(788,'788',2,1,NULL),(788,'788',3,1,NULL),(788,'788',4,1,NULL),(789,'789',1,2,'3.53'),(789,'789',2,1,NULL),(789,'789',3,1,NULL),(789,'789',4,1,NULL),(790,'790',1,2,'2.43'),(790,'790',2,9,'31°11′N'),(790,'790',3,9,'121°40′E'),(790,'790',4,1,NULL),(791,'791',1,2,'3.66'),(791,'791',2,9,'30°11′N'),(791,'791',3,9,'119°49′E'),(791,'791',4,1,NULL),(792,'792',1,2,'4.3'),(792,'792',2,9,'37°58′15″N'),(792,'792',3,9,'112°31′36″E'),(792,'792',4,1,NULL),(793,'793',1,4,'5000.0'),(793,'793',2,9,'39°58′52.28″N'),(793,'793',3,9,'116°36′27.13″E'),(793,'793',4,13,'20'),(794,'794',1,2,'3.741'),(794,'794',2,1,NULL),(794,'794',3,1,NULL),(794,'794',4,1,NULL),(795,'795',1,2,'4.2'),(795,'795',2,9,'37°N'),(795,'795',3,9,'109°E'),(795,'795',4,1,NULL),(796,'796',1,1,NULL),(796,'796',2,11,'37°26′N - 37°27′N'),(796,'796',3,11,'110°16′E - 110°18′E'),(796,'796',4,13,'10'),(797,'797',1,4,'3000.0'),(797,'797',2,9,'36°N'),(797,'797',3,9,'111°E'),(797,'797',4,1,NULL),(798,'798',1,2,'4.0'),(798,'798',2,9,'22°51′N'),(798,'798',3,9,'113°48′E'),(798,'798',4,1,NULL),(799,'799',1,2,'10.0'),(799,'799',2,1,NULL),(799,'799',3,1,NULL),(799,'799',4,1,NULL),(800,'800',1,2,'4.5'),(800,'800',2,9,'22°52′N'),(800,'800',3,9,'113°48′E'),(800,'800',4,1,NULL),(801,'801',1,2,'2.7'),(801,'801',2,9,'30°02′N'),(801,'801',3,9,'121°12′E'),(801,'801',4,1,NULL),(802,'802',1,2,'4.2'),(802,'802',2,11,'36°31′52.3″N - 36°33′49.8″N'),(802,'802',3,11,'112°03′16.1″E - 112°04′56.5″E'),(802,'802',4,13,'45'),(803,'803',1,4,'3200.0'),(803,'803',2,1,NULL),(803,'803',3,1,NULL),(803,'803',4,13,'22.2'),(804,'804',1,6,'125.22'),(804,'804',2,1,NULL),(804,'804',3,1,NULL),(804,'804',4,1,NULL),(805,'805',1,1,NULL),(805,'805',2,1,NULL),(805,'805',3,1,NULL),(805,'805',4,1,NULL),(806,'806',1,1,NULL),(806,'806',2,1,NULL),(806,'806',3,1,NULL),(806,'806',4,1,NULL),(807,'807',1,2,'4.16'),(807,'807',2,1,NULL),(807,'807',3,1,NULL),(807,'807',4,1,NULL),(808,'808',1,6,'500.23'),(808,'808',2,1,NULL),(808,'808',3,1,NULL),(808,'808',4,1,NULL),(809,'809',1,1,NULL),(809,'809',2,1,NULL),(809,'809',3,1,NULL),(809,'809',4,13,'130'),(810,'810',1,1,NULL),(810,'810',2,1,NULL),(810,'810',3,1,NULL),(810,'810',4,1,NULL),(811,'811',1,1,NULL),(811,'811',2,1,NULL),(811,'811',3,1,NULL),(811,'811',4,1,NULL),(812,'812',1,2,'12.6'),(812,'812',2,9,'25°13′37″N'),(812,'812',3,9,'99°13′20″E'),(812,'812',4,1,NULL),(813,'813',1,4,'3823.58'),(813,'813',2,9,'34°24′N'),(813,'813',3,9,'113°71′E'),(813,'813',4,13,'12'),(814,'814',1,2,'10.2'),(814,'814',2,11,'33°56′N - 34°20′N'),(814,'814',3,11,'112°31′E - 113°07′E'),(814,'814',4,13,'35'),(815,'815',1,2,'16.25'),(815,'815',2,9,'24°49′N'),(815,'815',3,9,'99°38′E'),(815,'815',4,13,'2.5'),(816,'816',1,4,'1900.0'),(816,'816',2,1,NULL),(816,'816',3,1,NULL),(816,'816',4,1,NULL),(818,'818',1,4,'8496.0'),(818,'818',2,9,'34°15′30″N'),(818,'818',3,9,'112°37′15″E'),(818,'818',4,13,'22'),(819,'819',1,1,NULL),(819,'819',2,1,NULL),(819,'819',3,1,NULL),(819,'819',4,13,'12'),(820,'820',1,2,'2.1'),(820,'820',2,11,'30°9′30″N - 30°9′53″N'),(820,'820',3,11,'120°29′E - 120°30′90″E'),(820,'820',4,1,'5'),(821,'821',1,2,'9.0'),(821,'821',2,1,NULL),(821,'821',3,1,NULL),(821,'821',4,13,'17.5'),(822,'822',1,3,'8.0'),(822,'822',2,9,'35°41′N'),(822,'822',3,9,'114°53′E'),(822,'822',4,1,NULL),(823,'823',1,2,'1.2'),(823,'823',2,9,'22°36′N'),(823,'823',3,9,'113°49′E'),(823,'823',4,13,'13'),(824,'824',1,1,NULL),(824,'824',2,1,NULL),(824,'824',3,1,NULL),(824,'824',4,1,NULL),(825,'825',1,2,'5.35'),(825,'825',2,11,'24°10′N'),(825,'825',3,11,'115°55′E - 115°56′E'),(825,'825',4,1,NULL),(826,'826',1,2,'36.0'),(826,'826',2,1,NULL),(826,'826',3,1,NULL),(826,'826',4,13,'15'),(827,'827',1,2,'1.5'),(827,'827',2,11,'31°08′N - 31°12′N'),(827,'827',3,11,'121°45′E - 121°48′E'),(827,'827',4,1,NULL),(828,'828',1,2,'3.0'),(828,'828',2,9,'38°71′N'),(828,'828',3,9,'114°27′E'),(828,'828',4,1,NULL),(829,'829',1,2,'4.5'),(829,'829',2,11,'22°55′N - 22°51′N'),(829,'829',3,11,'113°49′E - 113°50′E'),(829,'829',4,1,NULL),(830,'830',1,1,NULL),(830,'830',2,1,NULL),(830,'830',3,1,NULL),(830,'830',4,1,NULL),(831,'831',1,2,'2.92'),(831,'831',2,9,'31°09′N'),(831,'831',3,9,'121°39′E'),(831,'831',4,1,NULL),(832,'832',1,2,'0.266'),(832,'832',2,11,'34°26′N - 34°56′N'),(832,'832',3,11,'113°46′E - 114°12′E'),(832,'832',4,13,'15'),(833,'833',1,2,'3.81'),(833,'833',2,1,NULL),(833,'833',3,1,NULL),(833,'833',4,1,NULL),(834,'834',1,2,'5.42'),(834,'834',2,1,NULL),(834,'834',3,1,NULL),(834,'834',4,1,NULL),(835,'835',1,2,'3.91'),(835,'835',2,11,'35°39′N - 36°09′N'),(835,'835',3,11,'114°35′E - 114°59′E'),(835,'835',4,13,'18.5'),(836,'836',1,2,'25.0'),(836,'836',2,1,NULL),(836,'836',3,1,NULL),(836,'836',4,13,'9'),(839,'839',1,1,NULL),(839,'839',2,9,'28°08′50″N'),(839,'839',3,9,'120°51′10″E'),(839,'839',4,1,NULL),(840,'840',1,2,'1.5'),(840,'840',2,11,'24°16′13.94″N - 24°16′56″N'),(840,'840',3,11,'115°58′55.04″E - 115°59′20.75″E'),(840,'840',4,13,'12'),(841,'841',1,1,NULL),(841,'841',2,1,NULL),(841,'841',3,1,NULL),(841,'841',4,1,NULL),(842,'842',1,2,'2.5'),(842,'842',2,1,NULL),(842,'842',3,1,NULL),(842,'842',4,13,'30'),(843,'843',1,1,NULL),(843,'843',2,9,'28°27′N'),(843,'843',3,9,'118°56′E'),(843,'843',4,13,'52'),(844,'844',1,2,'0.9'),(844,'844',2,9,'25°0′58.70″N'),(844,'844',3,9,'102°52′41.83″E'),(844,'844',4,1,NULL),(845,'845',1,1,NULL),(845,'845',2,1,NULL),(845,'845',3,1,NULL),(845,'845',4,13,'20'),(846,'846',1,1,NULL),(846,'846',2,1,NULL),(846,'846',3,1,NULL),(846,'846',4,13,'70'),(847,'847',1,2,'10.0'),(847,'847',2,11,'37°38′N - 37°40′N'),(847,'847',3,11,'109°53′E - 109°56′E'),(847,'847',4,13,'12'),(848,'848',1,1,NULL),(848,'848',2,1,NULL),(848,'848',3,1,NULL),(848,'848',4,1,NULL),(849,'849',1,1,NULL),(849,'849',2,9,'28°23′95″N'),(849,'849',3,9,'118°83′40″E'),(849,'849',4,13,'90'),(850,'850',1,2,'5.25'),(850,'850',2,1,NULL),(850,'850',3,1,NULL),(850,'850',4,1,NULL),(851,'851',1,1,NULL),(851,'851',2,1,NULL),(851,'851',3,1,NULL),(851,'851',4,13,'9.6'),(852,'852',1,1,NULL),(852,'852',2,9,'38°02′N'),(852,'852',3,9,'114°28′E'),(852,'852',4,1,NULL),(853,'853',1,4,'1045.8'),(853,'853',2,9,'29°37′N'),(853,'853',3,9,'120°52′E'),(853,'853',4,13,'7'),(854,'854',1,2,NULL),(854,'854',2,9,'22°59′34″N'),(854,'854',3,9,'113°5′22″E'),(854,'854',4,1,NULL),(855,'855',1,1,NULL),(855,'855',2,1,NULL),(855,'855',3,1,NULL),(855,'855',4,1,NULL),(856,'856',1,2,'0.7'),(856,'856',2,1,NULL),(856,'856',3,1,NULL),(856,'856',4,1,NULL),(857,'857',1,1,NULL),(857,'857',2,1,NULL),(857,'857',3,1,NULL),(857,'857',4,1,NULL),(858,'858',1,2,'1.8'),(858,'858',2,1,NULL),(858,'858',3,1,NULL),(858,'858',4,13,'6'),(859,'859',1,2,'1.68'),(859,'859',2,1,NULL),(859,'859',3,1,NULL),(859,'859',4,1,NULL),(860,'860',1,4,'1700.0'),(860,'860',2,1,NULL),(860,'860',3,1,NULL),(860,'860',4,1,NULL),(861,'861',1,1,NULL),(861,'861',2,9,'31°55′N'),(861,'861',3,9,'120°24′E'),(861,'861',4,1,NULL),(862,'862',1,1,NULL),(862,'862',2,11,'37°30′N - 38°57′N'),(862,'862',3,11,'115°42′E - 117°50′E'),(862,'862',4,1,NULL),(863,'863',1,2,'5.45'),(863,'863',2,11,'33°45′N - 34°02′N'),(863,'863',3,11,'112°40′E - 112°54′E'),(863,'863',4,1,NULL),(864,'864',1,2,'20.0'),(864,'864',2,11,'40°28′N - 40°46′N'),(864,'864',3,11,'109°19′E - 109°31′E'),(864,'864',4,1,NULL),(865,'865',1,2,'11.4'),(865,'865',2,11,'38°3′17″N - 38°6′10″N'),(865,'865',3,11,'113°40′03″E - 113°42′17″E'),(865,'865',4,13,'45'),(866,'866',1,4,'2144.2'),(866,'866',2,9,'38°51′N'),(866,'866',3,9,'115°21′E'),(866,'866',4,13,'3.5'),(867,'867',1,1,NULL),(867,'867',2,1,NULL),(867,'867',3,1,NULL),(867,'867',4,1,NULL),(868,'868',1,2,'7.0'),(868,'868',2,9,'27°41′N'),(868,'868',3,9,'113°46′E'),(868,'868',4,1,NULL),(869,'869',1,2,'18.87'),(869,'869',2,9,'37°25′N'),(869,'869',3,9,'113°53′E'),(869,'869',4,13,'35'),(870,'870',1,2,'4.2'),(870,'870',2,9,'36°56′N'),(870,'870',3,9,'111°47′E'),(870,'870',4,13,'2.4'),(871,'871',1,2,'56.73'),(871,'871',2,1,NULL),(871,'871',3,1,NULL),(871,'871',4,13,'75'),(872,'872',1,2,'9.86'),(872,'872',2,9,'31°50′40″N'),(872,'872',3,9,'120°23′58″E'),(872,'872',4,13,'15'),(873,'873',1,8,'9.7'),(873,'873',2,11,'30°07′25″N - 30°07′36″N'),(873,'873',3,11,'118°25′34″E - 118°25′46″E'),(873,'873',4,1,NULL),(874,'874',1,4,'7549.0'),(874,'874',2,1,NULL),(874,'874',3,1,NULL),(874,'874',4,1,NULL),(875,'875',1,2,'17.4'),(875,'875',2,9,'24°47′41″N'),(875,'875',3,9,'102°35′10″E'),(875,'875',4,1,NULL),(876,'876',1,2,'2.7'),(876,'876',2,9,'34°18′N'),(876,'876',3,9,'107°14′E'),(876,'876',4,1,NULL),(877,'877',1,1,NULL),(877,'877',2,10,'36.33°N'),(877,'877',3,10,'101.53°E'),(877,'877',4,1,NULL),(878,'878',1,4,'1787.68'),(878,'878',2,11,'32°57′N - 32°62′N'),(878,'878',3,11,'110°76′E - 110°78′E'),(878,'878',4,13,'20'),(879,'879',1,2,'5.16'),(879,'879',2,10,'31.01°N'),(879,'879',3,10,'120.33°E'),(879,'879',4,1,NULL),(880,'880',1,2,'3.1'),(880,'880',2,1,NULL),(880,'880',3,1,NULL),(880,'880',4,13,'20'),(881,'881',1,6,'62.76'),(881,'881',2,1,NULL),(881,'881',3,1,NULL),(881,'881',4,13,'17.5'),(882,'882',1,2,'12.0'),(882,'882',2,11,'29°06′22″N - 29°17′41″N'),(882,'882',3,11,'109°11′12″E - 109°26′21″E'),(882,'882',4,1,NULL),(883,'883',1,2,'10.86'),(883,'883',2,11,'29°56′N - 30°25′N'),(883,'883',3,11,'110°15′E - 111°25′E'),(883,'883',4,1,NULL),(884,'884',1,2,'36.5'),(884,'884',2,1,NULL),(884,'884',3,1,NULL),(884,'884',4,13,'115'),(885,'885',1,1,NULL),(885,'885',2,9,'30°02′N'),(885,'885',3,9,'118°47′E'),(885,'885',4,13,'48'),(886,'886',1,2,'28.68'),(886,'886',2,9,'31°15′54″N'),(886,'886',3,9,'115°54′32″E'),(886,'886',4,1,NULL),(887,'887',1,2,'1.19'),(887,'887',2,9,'29°44′N'),(887,'887',3,9,'121°29′E'),(887,'887',4,1,NULL),(888,'888',1,2,'3.75'),(888,'888',2,9,'38°20′56.904″N'),(888,'888',3,9,'110°23′38.472″E'),(888,'888',4,1,NULL),(889,'889',1,1,NULL),(889,'889',2,1,NULL),(889,'889',3,1,NULL),(889,'889',4,1,NULL),(890,'890',1,2,'1.651'),(890,'890',2,9,'36°43′N'),(890,'890',3,9,'117°56′E'),(890,'890',4,13,'10'),(891,'891',1,1,NULL),(891,'891',2,1,NULL),(891,'891',3,1,NULL),(891,'891',4,1,NULL),(892,'892',1,2,'3.2'),(892,'892',2,10,'35.818°N'),(892,'892',3,10,'111.27357°E'),(892,'892',4,13,'20'),(893,'893',1,2,'6.846'),(893,'893',2,1,NULL),(893,'893',3,1,NULL),(893,'893',4,1,NULL),(894,'894',1,2,'3.343'),(894,'894',2,1,NULL),(894,'894',3,1,NULL),(894,'894',4,13,'6'),(895,'895',1,2,'13.95'),(895,'895',2,9,'31°17′N'),(895,'895',3,9,'119°39′E'),(895,'895',4,13,'25'),(896,'896',1,4,'9836.0'),(896,'896',2,11,'36°09′32″N - 36°10′22″N'),(896,'896',3,11,'120°31′26″E - 120°32′13″E'),(896,'896',4,1,NULL),(897,'897',1,2,'24.4'),(897,'897',2,9,'30°10′27″N'),(897,'897',3,9,'109°26′18″E'),(897,'897',4,13,'10'),(898,'898',1,4,'15000.0'),(898,'898',2,9,'40°17′7″N'),(898,'898',3,9,'113°48′40″E'),(898,'898',4,13,'10'),(899,'899',1,2,'6.3'),(899,'899',2,11,'28°33′N - 29°21′N'),(899,'899',3,11,'110°32′E - 112°13′E'),(899,'899',4,13,'14'),(900,'900',1,1,NULL),(900,'900',2,1,NULL),(900,'900',3,1,NULL),(900,'900',4,1,NULL),(901,'901',1,2,'2.3'),(901,'901',2,9,'29°28′N'),(901,'901',3,9,'121°34′E'),(901,'901',4,1,NULL),(902,'902',1,2,'6.8'),(902,'902',2,9,'38°4′N'),(902,'902',3,9,'110°30′E'),(902,'902',4,13,'20'),(903,'903',1,4,'3580.0'),(903,'903',2,11,'37°55′16″N - 38°21′N'),(903,'903',3,11,'110°35′16″E - 110°45′E'),(903,'903',4,14,'40'),(904,'904',1,2,'27.0'),(904,'904',2,10,'24°N'),(904,'904',3,10,'116.5°E'),(904,'904',4,1,NULL),(905,'905',1,2,'2.6'),(905,'905',2,1,NULL),(905,'905',3,1,NULL),(905,'905',4,13,'25'),(906,'906',1,2,'4.5618'),(906,'906',2,1,NULL),(906,'906',3,1,NULL),(906,'906',4,1,NULL),(907,'907',1,2,'26.0'),(907,'907',2,9,'41°06′N'),(907,'907',3,9,'127°12′E'),(907,'907',4,13,'21'),(908,'908',1,2,'14.3'),(908,'908',2,9,'23°51′N'),(908,'908',3,9,'115°04′E'),(908,'908',4,1,NULL),(909,'909',1,2,'1.035'),(909,'909',2,9,'36°50′N'),(909,'909',3,9,'118°30′E'),(909,'909',4,13,'12.5'),(910,'910',1,2,'9.3'),(910,'910',2,1,NULL),(910,'910',3,1,NULL),(910,'910',4,1,NULL),(911,'911',1,2,'8.0'),(911,'911',2,1,NULL),(911,'911',3,1,NULL),(911,'911',4,13,'50'),(912,'912',1,2,'4.0'),(912,'912',2,1,NULL),(912,'912',3,1,NULL),(912,'912',4,1,NULL),(913,'913',1,2,'2.0'),(913,'913',2,9,'36°18′N - 36°19′N'),(913,'913',3,9,'120°35′E - 120°36′E'),(913,'913',4,1,NULL),(914,'914',1,2,'6.22'),(914,'914',2,9,'38°12′53.45″N'),(914,'914',3,9,'114°34′25.93″E'),(914,'914',4,13,'7'),(915,'915',1,1,NULL),(915,'915',2,1,NULL),(915,'915',3,1,NULL),(915,'915',4,13,'25'),(916,'916',1,1,NULL),(916,'916',2,9,'25°33′27″N'),(916,'916',3,9,'112°43′00″E'),(916,'916',4,1,NULL),(917,'917',1,1,NULL),(917,'917',2,1,NULL),(917,'917',3,1,NULL),(917,'917',4,1,NULL),(918,'918',1,1,NULL),(918,'918',2,10,'38.47°N'),(918,'918',3,10,'116.53°E'),(918,'918',4,13,'25'),(919,'919',1,2,'4.5'),(919,'919',2,1,NULL),(919,'919',3,1,NULL),(919,'919',4,1,NULL),(920,'920',1,2,'7.76'),(920,'920',2,1,NULL),(920,'920',3,1,NULL),(920,'920',4,13,'18'),(921,'921',1,2,'19.37'),(921,'921',2,1,NULL),(921,'921',3,1,NULL),(921,'921',4,13,'8'),(922,'922',1,2,'3.21'),(922,'922',2,9,'30°46′46″N'),(922,'922',3,9,'121°17′21″E'),(922,'922',4,13,'8'),(923,'923',1,2,'2.73'),(923,'923',2,11,'36°28′24″N - 36°44′0″N'),(923,'923',3,11,'114°11′50″E - 114°38′48″E'),(923,'923',4,13,'3'),(924,'924',1,2,'3.2710000000000004'),(924,'924',2,11,'34°37′N - 34°26′N'),(924,'924',3,11,'110°6′E - 111°55′E'),(924,'924',4,13,'6'),(925,'925',1,1,NULL),(925,'925',2,1,NULL),(925,'925',3,1,NULL),(925,'925',4,1,NULL),(926,'926',1,7,'5.6'),(926,'926',2,1,NULL),(926,'926',3,1,NULL),(926,'926',4,1,NULL),(927,'927',1,2,'2.35'),(927,'927',2,9,'30°56′N'),(927,'927',3,9,'121°27′E'),(927,'927',4,1,NULL),(928,'928',1,2,'0.3'),(928,'928',2,1,NULL),(928,'928',3,1,NULL),(928,'928',4,1,NULL),(929,'929',1,2,'2.88'),(929,'929',2,10,'35.30°N'),(929,'929',3,10,'110.26°E'),(929,'929',4,1,NULL),(930,'930',1,4,'105.87'),(930,'930',2,9,'37°01′N'),(930,'930',3,9,'118°14′E'),(930,'930',4,13,'20'),(931,'931',1,1,NULL),(931,'931',2,9,'38°29′32″N'),(931,'931',3,9,'116°55′36″E'),(931,'931',4,13,'15'),(932,'932',1,4,'644.0'),(932,'932',2,9,'36°30′N'),(932,'932',3,9,'116°31′E'),(932,'932',4,13,'40'),(933,'933',1,2,'1.78'),(933,'933',2,1,NULL),(933,'933',3,1,NULL),(933,'933',4,13,'12'),(934,'934',1,2,'0.86'),(934,'934',2,11,'37°41′35″N - 38°12′35″N'),(934,'934',3,11,'113°48′18″E - 114°17′50″E'),(934,'934',4,1,NULL),(935,'935',1,2,'7.91'),(935,'935',2,9,'35°19′N'),(935,'935',3,9,'112°50′E'),(935,'935',4,13,'37.5'),(936,'936',1,2,'6.98'),(936,'936',2,1,NULL),(936,'936',3,1,NULL),(936,'936',4,1,NULL),(937,'937',1,2,'4.3'),(937,'937',2,9,'35°N'),(937,'937',3,9,'110°31′E'),(937,'937',4,1,NULL),(938,'938',1,2,'3.5'),(938,'938',2,9,'23°17′40″N'),(938,'938',3,9,'116°13′50″E'),(938,'938',4,13,'6'),(939,'939',1,4,'2616.0'),(939,'939',2,9,'34°58′N'),(939,'939',3,9,'117°7′E'),(939,'939',4,1,NULL),(940,'940',1,4,'324.9'),(940,'940',2,11,'35°29′N - 35°49′N'),(940,'940',3,11,'116°51′E - 117°13′E'),(940,'940',4,1,NULL),(941,'941',1,2,'3.9'),(941,'941',2,1,NULL),(941,'941',3,1,NULL),(941,'941',4,13,'15'),(942,'942',1,2,'5.0'),(942,'942',2,9,'37°05′N'),(942,'942',3,9,'120°08′E'),(942,'942',4,1,NULL),(943,'943',1,2,'7.13'),(943,'943',2,9,'38°32′N'),(943,'943',3,9,'113°34′'),(943,'943',4,13,'4'),(944,'944',1,2,'15.0'),(944,'944',2,9,'36°46′47.28″N'),(944,'944',3,9,'112°22′58.75″E'),(944,'944',4,13,'46'),(945,'945',1,4,'4331.19'),(945,'945',2,12,'37.27°N - 37.47°N'),(945,'945',3,12,'112.9°E - 112.38°E'),(945,'945',4,13,'2'),(946,'946',1,2,'3.6'),(946,'946',2,9,'31°03′N'),(946,'946',3,9,'121°39′E'),(946,'946',4,1,NULL),(947,'947',1,6,'105.6'),(947,'947',2,9,'39°59′N'),(947,'947',3,9,'116°29′E'),(947,'947',4,13,'11.1'),(949,'949',1,8,'40.0'),(949,'949',2,9,'37°N'),(949,'949',3,9,'114°E'),(949,'949',4,13,'7'),(950,'950',1,8,'47.1'),(950,'950',2,9,'36°48′10″N'),(950,'950',3,9,'117°50′20″E'),(950,'950',4,13,'2'),(951,'951',1,2,'5.0'),(951,'951',2,1,NULL),(951,'951',3,1,NULL),(951,'951',4,13,'12'),(952,'952',1,2,'1.5'),(952,'952',2,9,'36°25′N'),(952,'952',3,9,'110°23′E'),(952,'952',4,13,'3'),(953,'953',1,1,NULL),(953,'953',2,1,NULL),(953,'953',3,1,NULL),(953,'953',4,1,NULL),(954,'954',1,2,'0.4'),(954,'954',2,9,'36°41′N'),(954,'954',3,9,'117°18′E'),(954,'954',4,1,NULL),(955,'955',1,2,'9.8'),(955,'955',2,1,NULL),(955,'955',3,1,NULL),(955,'955',4,1,NULL),(956,'956',1,2,'4.0'),(956,'956',2,11,'36°N - 36°29′N'),(956,'956',3,11,'113°E - 113°21′E'),(956,'956',4,13,'4'),(957,'957',1,2,'2.3'),(957,'957',2,1,NULL),(957,'957',3,1,NULL),(957,'957',4,1,NULL),(958,'958',1,5,'1830249.0'),(958,'958',2,9,'38°29′N'),(958,'958',3,9,'112°56′E'),(958,'958',4,1,NULL),(959,'959',1,2,'9.7'),(959,'959',2,9,'23°7′52″N'),(959,'959',3,9,'113°43′28″E'),(959,'959',4,1,NULL),(960,'960',1,2,'4.5'),(960,'960',2,9,'23°18′N'),(960,'960',3,9,'113°05′E'),(960,'960',4,1,'18'),(961,'961',1,1,NULL),(961,'961',2,11,'37°54′22″N - 37°54′32″N'),(961,'961',3,11,'114°37′01″E - 114°37′16″E'),(961,'961',4,13,'2'),(962,'962',1,8,'18.41'),(962,'962',2,9,'23°12′84.45″N'),(962,'962',3,9,'113°32′57.98″E'),(962,'962',4,1,NULL),(963,'963',1,1,NULL),(963,'963',2,1,NULL),(963,'963',3,1,NULL),(963,'963',4,1,NULL),(964,'964',1,2,'12.0'),(964,'964',2,11,'37°49′N - 38°58′N'),(964,'964',3,11,'108°58′E - 110°24′E'),(964,'964',4,1,NULL),(965,'965',1,2,'5.4'),(965,'965',2,9,'32°1′19″N'),(965,'965',3,9,'115°19′35″E'),(965,'965',4,13,'34'),(966,'966',1,2,'2.5'),(966,'966',2,9,'35°47′N'),(966,'966',3,9,'112°59′E'),(966,'966',4,13,'6.5'),(967,'967',1,2,'8.0'),(967,'967',2,9,'36°20′N'),(967,'967',3,9,'114°03′E'),(967,'967',4,1,NULL),(968,'968',1,2,'3.2'),(968,'968',2,1,NULL),(968,'968',3,1,NULL),(968,'968',4,13,'32'),(969,'969',1,1,NULL),(969,'969',2,1,NULL),(969,'969',3,1,NULL),(969,'969',4,1,NULL),(970,'970',1,2,'7.5'),(970,'970',2,1,NULL),(970,'970',3,1,NULL),(970,'970',4,14,'10'),(971,'971',1,1,NULL),(971,'971',2,9,'37°40′N'),(971,'971',3,9,'110°18′E'),(971,'971',4,1,NULL),(972,'972',1,2,'4.5'),(972,'972',2,9,'35°32′31″N'),(972,'972',3,9,'112°32′59″E'),(972,'972',4,1,NULL),(974,'974',1,2,'8.25'),(974,'974',2,1,NULL),(974,'974',3,1,NULL),(974,'974',4,1,NULL),(975,'975',1,1,NULL),(975,'975',2,1,NULL),(975,'975',3,1,NULL),(975,'975',4,1,NULL),(976,'976',1,8,'78.5'),(976,'976',2,1,NULL),(976,'976',3,1,NULL),(976,'976',4,1,NULL),(977,'977',1,4,'4332.0'),(977,'977',2,9,'40°0.6′22.7″N'),(977,'977',3,9,'116°22′0.02″E'),(977,'977',4,13,'16.66'),(978,'978',1,2,'5.8'),(978,'978',2,9,'39°58′08″N'),(978,'978',3,9,'116°30′19″E'),(978,'978',4,1,'7'),(979,'979',1,4,'1000.0'),(979,'979',2,9,'39°52′N'),(979,'979',3,9,'116°17′E'),(979,'979',4,1,NULL),(980,'980',1,2,'7.38'),(980,'980',2,1,NULL),(980,'980',3,1,NULL),(980,'980',4,1,NULL),(981,'981',1,4,'3746.0'),(981,'981',2,9,'37°34′N'),(981,'981',3,9,'115°55′E'),(981,'981',4,13,'33.2'),(982,'982',1,2,'10.8'),(982,'982',2,10,'39.763°N'),(982,'982',3,10,'115.913°E'),(982,'982',4,13,'22'),(983,'983',1,6,'530.64'),(983,'983',2,1,NULL),(983,'983',3,1,NULL),(983,'983',4,1,NULL),(984,'984',1,2,'4.3'),(984,'984',2,11,'27°22.27′N - 27°37.18′N'),(984,'984',3,11,'110°56′E - 111°4′E'),(984,'984',4,13,'43'),(986,'986',1,5,'2054778.0'),(986,'986',2,1,NULL),(986,'986',3,1,NULL),(986,'986',4,1,NULL),(987,'987',1,2,'3.63'),(987,'987',2,1,NULL),(987,'987',3,1,NULL),(987,'987',4,1,NULL),(988,'988',1,4,'960.0'),(988,'988',2,9,'35°40′N'),(988,'988',3,9,'113°91′E'),(988,'988',4,13,'3.5'),(989,'989',1,2,'4.61'),(989,'989',2,1,NULL),(989,'989',3,1,NULL),(989,'989',4,1,NULL),(990,'990',1,2,'4.0'),(990,'990',2,1,NULL),(990,'990',3,1,NULL),(990,'990',4,1,NULL),(991,'991',1,2,'5.59'),(991,'991',2,1,NULL),(991,'991',3,1,NULL),(991,'991',4,1,NULL),(992,'992',1,4,'2938.9'),(992,'992',2,9,'37°82′N'),(992,'992',3,9,'114°46′E'),(992,'992',4,13,'8.6'),(993,'993',1,2,'9.0'),(993,'993',2,1,NULL),(993,'993',3,1,NULL),(993,'993',4,1,NULL),(994,'994',1,2,'43.7'),(994,'994',2,9,'28°N'),(994,'994',3,9,'115°E'),(994,'994',4,1,NULL),(995,'995',1,2,'6.0'),(995,'995',2,11,'34°50′N - 34°51′N'),(995,'995',3,11,'113°40′E - 113°41′E'),(995,'995',4,1,NULL),(996,'996',1,2,'4.33'),(996,'996',2,11,'28°55′N - 29°38′N'),(996,'996',3,11,'104°02′E - 105°16′E'),(996,'996',4,1,NULL),(997,'997',1,2,'70.0'),(997,'997',2,1,NULL),(997,'997',3,1,NULL),(997,'997',4,1,NULL),(998,'998',1,5,'269730.0'),(998,'998',2,1,NULL),(998,'998',3,1,NULL),(998,'998',4,1,NULL),(999,'999',1,2,'3.0'),(999,'999',2,9,'30°N'),(999,'999',3,9,'118°E'),(999,'999',4,1,NULL),(1000,'1000',1,2,'1.5'),(1000,'1000',2,1,NULL),(1000,'1000',3,1,NULL),(1000,'1000',4,1,NULL),(1002,'1002',1,2,'6.0'),(1002,'1002',2,9,'36°41′19.79″N'),(1002,'1002',3,9,'114°21′33.30″E'),(1002,'1002',4,1,NULL),(1003,'1003',1,2,'9.75'),(1003,'1003',2,9,'35°25′N'),(1003,'1003',3,9,'113°56′E'),(1003,'1003',4,1,NULL),(1004,'1004',1,2,'0.47200000000000003'),(1004,'1004',2,1,NULL),(1004,'1004',3,1,NULL),(1004,'1004',4,1,NULL),(1005,'1005',1,2,'1.95'),(1005,'1005',2,9,'30°54′N'),(1005,'1005',3,9,'104°8′E'),(1005,'1005',4,1,NULL),(1006,'1006',1,2,'7.5'),(1006,'1006',2,11,'27°N - 27°34′N'),(1006,'1006',3,11,'114°E - 114°45′E'),(1006,'1006',4,13,'7.5'),(1007,'1007',1,2,'27.42'),(1007,'1007',2,11,'23°16′N - 23°44′N'),(1007,'1007',3,11,'104°6′E - 104°26′E'),(1007,'1007',4,13,'16'),(1008,'1008',1,1,NULL),(1008,'1008',2,1,NULL),(1008,'1008',3,1,NULL),(1008,'1008',4,13,'20'),(1009,'1009',1,2,'1.5'),(1009,'1009',2,11,'34°51′N - 24°57′N'),(1009,'1009',3,11,'112°25′20″E - 112°38′50″E'),(1009,'1009',4,1,NULL),(1010,'1010',1,1,NULL),(1010,'1010',2,1,NULL),(1010,'1010',3,1,NULL),(1010,'1010',4,1,NULL),(1011,'1011',1,4,'1850.0'),(1011,'1011',2,9,'34°42′44.53″N'),(1011,'1011',3,9,'112°27′48.83″E'),(1011,'1011',4,1,NULL),(1012,'1012',1,2,'6.13'),(1012,'1012',2,11,'31°12′N - 31°13′N'),(1012,'1012',3,11,'120°31′E - 120°33′E'),(1012,'1012',4,13,'9.74'),(1013,'1013',1,1,NULL),(1013,'1013',2,1,NULL),(1013,'1013',3,1,NULL),(1013,'1013',4,13,'15'),(1014,'1014',1,2,'2.15'),(1014,'1014',2,1,NULL),(1014,'1014',3,1,NULL),(1014,'1014',4,13,'11'),(1015,'1015',1,1,NULL),(1015,'1015',2,1,NULL),(1015,'1015',3,1,NULL),(1015,'1015',4,1,NULL),(1016,'1016',1,1,NULL),(1016,'1016',2,1,NULL),(1016,'1016',3,1,NULL),(1016,'1016',4,13,'45'),(1017,'1017',1,2,'11.42'),(1017,'1017',2,11,'31°06′N - 31°12′N'),(1017,'1017',3,11,'120°36′E - 120°38′E'),(1017,'1017',4,1,NULL),(1018,'1018',1,2,'1.7'),(1018,'1018',2,1,NULL),(1018,'1018',3,1,NULL),(1018,'1018',4,13,'17'),(1019,'1019',1,2,'0.233'),(1019,'1019',2,1,NULL),(1019,'1019',3,1,NULL),(1019,'1019',4,1,NULL),(1020,'1020',1,2,'2.9139999999999997'),(1020,'1020',2,1,NULL),(1020,'1020',3,1,NULL),(1020,'1020',4,13,'6'),(1021,'1021',1,1,NULL),(1021,'1021',2,1,NULL),(1021,'1021',3,1,NULL),(1021,'1021',4,1,NULL),(1022,'1022',1,4,'2922.0'),(1022,'1022',2,1,NULL),(1022,'1022',3,1,NULL),(1022,'1022',4,1,NULL),(1023,'1023',1,2,'8.3'),(1023,'1023',2,1,NULL),(1023,'1023',3,1,NULL),(1023,'1023',4,1,NULL),(1024,'1024',1,1,NULL),(1024,'1024',2,1,NULL),(1024,'1024',3,1,NULL),(1024,'1024',4,1,NULL),(1025,'1025',1,2,'18.4'),(1025,'1025',2,1,NULL),(1025,'1025',3,1,NULL),(1025,'1025',4,1,NULL),(1026,'1026',1,4,'2730.0'),(1026,'1026',2,1,NULL),(1026,'1026',3,1,NULL),(1026,'1026',4,1,NULL),(1027,'1027',1,2,'15.26'),(1027,'1027',2,9,'30°13′48.90″N'),(1027,'1027',3,9,'118°47′05.86″E'),(1027,'1027',4,13,'40'),(1028,'1028',1,2,'7.6'),(1028,'1028',2,9,'23°05′N'),(1028,'1028',3,9,'113°31′E'),(1028,'1028',4,1,NULL),(1030,'1030',1,2,'4.5'),(1030,'1030',2,1,NULL),(1030,'1030',3,1,NULL),(1030,'1030',4,1,NULL),(1031,'1031',1,1,NULL),(1031,'1031',2,9,'35°42′N'),(1031,'1031',3,9,'114°14′E'),(1031,'1031',4,13,'12.5'),(1032,'1032',1,2,'3.91'),(1032,'1032',2,1,NULL),(1032,'1032',3,1,NULL),(1032,'1032',4,1,NULL),(1033,'1033',1,1,NULL),(1033,'1033',2,9,'23°11′N'),(1033,'1033',3,9,'113°61′E'),(1033,'1033',4,1,NULL),(1034,'1034',1,1,NULL),(1034,'1034',2,1,NULL),(1034,'1034',3,1,NULL),(1034,'1034',4,13,'10'),(1035,'1035',1,1,NULL),(1035,'1035',2,11,'36°03′N - 36°09′N'),(1035,'1035',3,11,'120°07′E - 120°20′E'),(1035,'1035',4,1,NULL),(1036,'1036',1,2,'3.35'),(1036,'1036',2,1,NULL),(1036,'1036',3,1,NULL),(1036,'1036',4,1,NULL),(1037,'1037',1,2,'5.0'),(1037,'1037',2,9,'25°0′57.70″N'),(1037,'1037',3,9,'102°52′41.83″E'),(1037,'1037',4,1,'N / A'),(1038,'1038',1,2,'12.6'),(1038,'1038',2,1,NULL),(1038,'1038',3,1,NULL),(1038,'1038',4,13,'15'),(1039,'1039',1,1,NULL),(1039,'1039',2,1,NULL),(1039,'1039',3,1,NULL),(1039,'1039',4,13,'2'),(1040,'1040',1,1,NULL),(1040,'1040',2,1,NULL),(1040,'1040',3,1,NULL),(1040,'1040',4,1,NULL),(1041,'1041',1,1,'1.47'),(1041,'1041',2,1,NULL),(1041,'1041',3,1,NULL),(1041,'1041',4,13,'10'),(1042,'1042',1,1,NULL),(1042,'1042',2,1,NULL),(1042,'1042',3,1,NULL),(1042,'1042',4,1,NULL),(1043,'1043',1,4,'4000.0'),(1043,'1043',2,1,NULL),(1043,'1043',3,1,NULL),(1043,'1043',4,1,NULL),(1044,'1044',1,2,'8.18'),(1044,'1044',2,9,'22°47′30″N'),(1044,'1044',3,9,'113°49′03″E'),(1044,'1044',4,13,'29'),(1045,'1045',1,2,'2.1'),(1045,'1045',2,9,'35°57′00.89″N'),(1045,'1045',3,9,'113°00′40.66″E'),(1045,'1045',4,13,'12'),(1046,'1046',1,2,'7.96'),(1046,'1046',2,1,NULL),(1046,'1046',3,1,NULL),(1046,'1046',4,13,'27'),(1047,'1047',1,2,'6.09'),(1047,'1047',2,9,'37°22′N'),(1047,'1047',3,9,'112°33′E'),(1047,'1047',4,13,'14'),(1048,'1048',1,2,'2.31'),(1048,'1048',2,9,'35°45′36.6″N'),(1048,'1048',3,9,'110°13′12.8″E'),(1048,'1048',4,13,'28'),(1049,'1049',1,2,'4.36'),(1049,'1049',2,1,NULL),(1049,'1049',3,1,NULL),(1049,'1049',4,1,NULL),(1050,'1050',1,2,'3.58'),(1050,'1050',2,1,NULL),(1050,'1050',3,1,NULL),(1050,'1050',4,1,NULL),(1051,'1051',1,2,'3.81'),(1051,'1051',2,1,NULL),(1051,'1051',3,1,NULL),(1051,'1051',4,1,NULL),(1052,'1052',1,2,'5.88'),(1052,'1052',2,9,'30°54′N'),(1052,'1052',3,9,'121°E'),(1052,'1052',4,1,NULL),(1053,'1053',1,4,'1264.0'),(1053,'1053',2,9,'40°00′N'),(1053,'1053',3,9,'116°31′E'),(1053,'1053',4,1,NULL),(1054,'1054',1,2,'3.47'),(1054,'1054',2,9,'30°54′N'),(1054,'1054',3,9,'121°47′E'),(1054,'1054',4,1,NULL),(1055,'1055',1,2,'3.88'),(1055,'1055',2,11,'31°03′53″N - 31°05′N'),(1055,'1055',3,11,'121°31′45″E - 121°40′15″E'),(1055,'1055',4,1,NULL),(1056,'1056',1,2,'8.94'),(1056,'1056',2,1,NULL),(1056,'1056',3,1,NULL),(1056,'1056',4,1,NULL),(1057,'1057',1,5,'73728.0'),(1057,'1057',2,1,NULL),(1057,'1057',3,1,NULL),(1057,'1057',4,1,NULL),(1058,'1058',1,2,'8.75'),(1058,'1058',2,1,NULL),(1058,'1058',3,1,NULL),(1058,'1058',4,13,'15'),(1059,'1059',1,2,'11.8'),(1059,'1059',2,9,'40°03′N'),(1059,'1059',3,9,'114°27′E'),(1059,'1059',4,13,'11.9'),(1060,'1060',1,2,'6.68'),(1060,'1060',2,1,NULL),(1060,'1060',3,1,NULL),(1060,'1060',4,1,NULL),(1061,'1061',1,4,'470.0'),(1061,'1061',2,1,NULL),(1061,'1061',3,1,NULL),(1061,'1061',4,1,NULL),(1062,'1062',1,2,'4.05'),(1062,'1062',2,1,NULL),(1062,'1062',3,1,NULL),(1062,'1062',4,13,'30'),(1063,'1063',1,1,NULL),(1063,'1063',2,1,NULL),(1063,'1063',3,1,NULL),(1063,'1063',4,1,NULL),(1064,'1064',1,4,'640.0'),(1064,'1064',2,1,NULL),(1064,'1064',3,1,NULL),(1064,'1064',4,13,'10'),(1065,'1065',1,2,'10.0'),(1065,'1065',2,10,'38.0030°N'),(1065,'1065',3,10,'114.13°E'),(1065,'1065',4,1,NULL),(1066,'1066',1,2,'2.5'),(1066,'1066',2,1,NULL),(1066,'1066',3,1,NULL),(1066,'1066',4,1,NULL),(1067,'1067',1,2,'2.5'),(1067,'1067',2,1,NULL),(1067,'1067',3,1,NULL),(1067,'1067',4,13,'5'),(1068,'1068',1,2,'2.26'),(1068,'1068',2,1,NULL),(1068,'1068',3,1,NULL),(1068,'1068',4,13,'20'),(1069,'1069',1,2,'5.0'),(1069,'1069',2,9,'38°08′18.98″N'),(1069,'1069',3,9,'114°39′14.55″E'),(1069,'1069',4,13,'6'),(1070,'1070',1,2,'12.2'),(1070,'1070',2,1,NULL),(1070,'1070',3,1,NULL),(1070,'1070',4,1,NULL),(1071,'1071',1,1,NULL),(1071,'1071',2,1,NULL),(1071,'1071',3,1,NULL),(1071,'1071',4,13,'4'),(1073,'1073',1,2,'1.8'),(1073,'1073',2,1,NULL),(1073,'1073',3,1,NULL),(1073,'1073',4,1,NULL),(1074,'1074',1,1,NULL),(1074,'1074',2,9,'23°17′18.5″N'),(1074,'1074',3,9,'111°48′32.6″E'),(1074,'1074',4,13,'16'),(1075,'1075',1,1,NULL),(1075,'1075',2,1,NULL),(1075,'1075',3,1,NULL),(1075,'1075',4,1,NULL),(1076,'1076',1,4,'3426.0'),(1076,'1076',2,9,'38°20′53.70″N'),(1076,'1076',3,9,'116°58′3.41″E'),(1076,'1076',4,1,NULL),(1077,'1077',1,8,'48.0'),(1077,'1077',2,1,NULL),(1077,'1077',3,1,NULL),(1077,'1077',4,1,NULL),(1078,'1078',1,2,'5.9'),(1078,'1078',2,9,'31°8′N'),(1078,'1078',3,9,'120°31′E'),(1078,'1078',4,1,NULL),(1079,'1079',1,1,NULL),(1079,'1079',2,9,'34°N'),(1079,'1079',3,9,'113°E'),(1079,'1079',4,1,NULL),(1080,'1080',1,2,'11.86'),(1080,'1080',2,1,NULL),(1080,'1080',3,1,NULL),(1080,'1080',4,1,NULL),(1081,'1081',1,2,'2.25'),(1081,'1081',2,9,'31°24′22″N'),(1081,'1081',3,9,'120°35′29″E'),(1081,'1081',4,1,NULL),(1082,'1082',1,1,NULL),(1082,'1082',2,1,NULL),(1082,'1082',3,1,NULL),(1082,'1082',4,1,NULL),(1083,'1083',1,2,'0.35'),(1083,'1083',2,9,'34°15′N'),(1083,'1083',3,9,'112°34′E'),(1083,'1083',4,1,NULL),(1084,'1084',1,2,'16.0'),(1084,'1084',2,11,'35°45′N - 36°61′N'),(1084,'1084',3,11,'114°13′E - 114°42′E'),(1084,'1084',4,13,'6'),(1085,'1085',1,2,'4.0'),(1085,'1085',2,1,NULL),(1085,'1085',3,1,NULL),(1085,'1085',4,13,'4'),(1086,'1086',1,4,'1073.0'),(1086,'1086',2,9,'36°99′77″N'),(1086,'1086',3,9,'119°03′48″E'),(1086,'1086',4,13,'32'),(1087,'1087',1,2,'7.5'),(1087,'1087',2,9,'37°85″N'),(1087,'1087',3,9,'112°69″E'),(1087,'1087',4,1,NULL),(1088,'1088',1,4,'1708.05'),(1088,'1088',2,9,'36°12′57.73″N'),(1088,'1088',3,9,'120°40′42.45″E'),(1088,'1088',4,1,NULL),(1089,'1089',1,4,'1760.0'),(1089,'1089',2,1,NULL),(1089,'1089',3,1,NULL),(1089,'1089',4,14,'15'),(1090,'1090',1,2,'2.33'),(1090,'1090',2,9,'36°05′N'),(1090,'1090',3,9,'119°27′E'),(1090,'1090',4,13,'12'),(1091,'1091',1,2,'0.4'),(1091,'1091',2,9,'35°21′N'),(1091,'1091',3,9,'114°63′E'),(1091,'1091',4,13,'4'),(1093,'1093',1,4,'3200.0'),(1093,'1093',2,11,'34°51′N - 34°57′N'),(1093,'1093',3,11,'117°07′E - 117°13′E'),(1093,'1093',4,13,'20'),(1094,'1094',1,2,'31.4'),(1094,'1094',2,9,'31°34′61″N'),(1094,'1094',3,9,'120°17′6″E'),(1094,'1094',4,1,NULL),(1095,'1095',1,2,'2.41'),(1095,'1095',2,1,NULL),(1095,'1095',3,1,NULL),(1095,'1095',4,1,NULL),(1096,'1096',1,2,'3.5'),(1096,'1096',2,1,NULL),(1096,'1096',3,1,NULL),(1096,'1096',4,13,'8.5'),(1097,'1097',1,4,'6444.5'),(1097,'1097',2,9,'34°36′41″N'),(1097,'1097',3,9,'113°31′40″E'),(1097,'1097',4,1,NULL),(1098,'1098',1,4,'6958.0'),(1098,'1098',2,9,'36°44′N'),(1098,'1098',3,9,'121°22′E'),(1098,'1098',4,13,'22'),(1099,'1099',1,2,'5.08'),(1099,'1099',2,1,NULL),(1099,'1099',3,1,NULL),(1099,'1099',4,13,'4.5'),(1100,'1100',1,2,'2.2'),(1100,'1100',2,1,NULL),(1100,'1100',3,1,NULL),(1100,'1100',4,13,'52');
/*!40000 ALTER TABLE `villagegeography_村庄地理` ENABLE KEYS */;
UNLOCK TABLES;
