gazetteer code,village inner id,first last name id,second last name id,third last name id,fourth last name id,fifth last name id,total number
1.0,1.0,1.0,85.0,8.0,45.0,66.0,17.0
2.0,2.0,2.0,4.0,25.0,14.0,246.0,45.0
3.0,3.0,3.0,14.0,25.0,115.0,9.0,59.0
4.0,4.0,4.0,14.0,21.0,45.0,54.0,117.0
5.0,5.0,NULL,NULL,NULL,NULL,NULL,26.0
6.0,6.0,5.0,197.0,3.0,16.0,8.0,19.0
7.0,7.0,3.0,16.0,9.0,105.0,8.0,15.0
9.0,9.0,3.0,14.0,109.0,9.0,8.0,107.0
10.0,10.0,6.0,3.0,NULL,NULL,NULL,NULL
11.0,11.0,7.0,NULL,NULL,NULL,NULL,NULL
12.0,12.0,8.0,66.0,138.0,25.0,16.0,14.0
13.0,13.0,9.0,114.0,127.0,3.0,307.0,295.0
14.0,14.0,10.0,198.0,3.0,47.0,8.0,12.0
15.0,15.0,11.0,8.0,25.0,9.0,308.0,52.0
17.0,17.0,12.0,8.0,116.0,253.0,7.0,NULL
19.0,19.0,13.0,50.0,9.0,55.0,31.0,103.0
21.0,21.0,3.0,9.0,8.0,5.0,16.0,25.0
22.0,22.0,3.0,9.0,147.0,25.0,16.0,90.0
24.0,24.0,14.0,NULL,NULL,NULL,NULL,NULL
25.0,25.0,15.0,138.0,9.0,274.0,8.0,62.0
26.0,26.0,3.0,8.0,21.0,45.0,7.0,89.0
27.0,27.0,14.0,77.0,54.0,7.0,130.0,78.0
28.0,28.0,NULL,NULL,NULL,NULL,NULL,8.0
29.0,29.0,16.0,NULL,NULL,NULL,NULL,NULL
31.0,31.0,8.0,87.0,9.0,129.0,52.0,21.0
33.0,33.0,14.0,199.0,107.0,9.0,3.0,13.0
34.0,34.0,16.0,32.0,9.0,105.0,244.0,70.0
35.0,35.0,NULL,NULL,NULL,NULL,NULL,7.0
36.0,36.0,7.0,3.0,40.0,31.0,9.0,118.0
38.0,38.0,17.0,NULL,NULL,NULL,NULL,5.0
39.0,39.0,NULL,NULL,NULL,NULL,NULL,63.0
41.0,41.0,9.0,14.0,138.0,66.0,26.0,10.0
43.0,43.0,3.0,18.0,78.0,81.0,NULL,105.0
44.0,44.0,9.0,16.0,255.0,8.0,186.0,86.0
46.0,46.0,9.0,8.0,63.0,16.0,149.0,130.0
47.0,47.0,16.0,9.0,8.0,167.0,174.0,40.0
49.0,49.0,18.0,14.0,53.0,3.0,22.0,43.0
50.0,50.0,NULL,NULL,NULL,NULL,NULL,45.0
52.0,52.0,19.0,133.0,9.0,25.0,16.0,75.0
53.0,53.0,20.0,105.0,256.0,31.0,8.0,116.0
54.0,54.0,14.0,16.0,9.0,188.0,5.0,79.0
55.0,55.0,14.0,31.0,9.0,47.0,NULL,26.0
56.0,56.0,14.0,53.0,7.0,96.0,9.0,NULL
59.0,59.0,11.0,19.0,8.0,9.0,147.0,24.0
60.0,60.0,21.0,14.0,45.0,8.0,2.0,78.0
62.0,62.0,22.0,3.0,19.0,25.0,71.0,20.0
63.0,63.0,23.0,200.0,9.0,87.0,25.0,9.0
65.0,65.0,14.0,31.0,171.0,168.0,51.0,118.0
66.0,66.0,NULL,NULL,NULL,NULL,NULL,17.0
68.0,68.0,NULL,NULL,NULL,NULL,NULL,8.0
70.0,70.0,16.0,3.0,8.0,9.0,133.0,64.0
71.0,71.0,3.0,9.0,53.0,16.0,47.0,89.0
72.0,72.0,24.0,46.0,161.0,125.0,7.0,101.0
73.0,73.0,9.0,22.0,105.0,3.0,14.0,NULL
74.0,74.0,6.0,8.0,25.0,112.0,65.0,NULL
76.0,76.0,3.0,19.0,17.0,16.0,33.0,31.0
77.0,77.0,25.0,47.0,74.0,144.0,63.0,45.0
78.0,78.0,3.0,16.0,133.0,22.0,9.0,64.0
80.0,80.0,NULL,NULL,NULL,NULL,NULL,11.0
81.0,81.0,NULL,NULL,NULL,NULL,NULL,98.0
82.0,82.0,8.0,9.0,81.0,16.0,87.0,9.0
83.0,83.0,14.0,9.0,198.0,16.0,3.0,35.0
85.0,85.0,NULL,NULL,NULL,NULL,NULL,10.0
86.0,86.0,26.0,3.0,31.0,56.0,87.0,20.0
87.0,87.0,27.0,26.0,139.0,NULL,NULL,NULL
88.0,88.0,3.0,9.0,16.0,8.0,5.0,137.0
89.0,89.0,16.0,8.0,3.0,9.0,261.0,144.0
90.0,90.0,NULL,NULL,NULL,NULL,NULL,7.0
91.0,91.0,8.0,3.0,22.0,7.0,74.0,NULL
92.0,92.0,28.0,201.0,257.0,114.0,228.0,NULL
93.0,93.0,29.0,16.0,3.0,8.0,89.0,108.0
94.0,94.0,NULL,NULL,NULL,NULL,NULL,52.0
95.0,95.0,8.0,6.0,18.0,16.0,14.0,65.0
96.0,96.0,9.0,153.0,18.0,3.0,133.0,18.0
97.0,97.0,15.0,51.0,3.0,86.0,14.0,85.0
98.0,98.0,NULL,NULL,NULL,NULL,NULL,NULL
99.0,99.0,5.0,8.0,25.0,76.0,NULL,12.0
100.0,100.0,NULL,NULL,NULL,NULL,NULL,12.0
113.0,113.0,12.0,3.0,8.0,279.0,31.0,13.0
114.0,114.0,11.0,45.0,193.0,NULL,NULL,43.0
115.0,115.0,11.0,51.0,91.0,22.0,8.0,25.0
116.0,116.0,14.0,3.0,4.0,70.0,33.0,50.0
118.0,118.0,7.0,167.0,74.0,18.0,8.0,20.0
125.0,125.0,30.0,8.0,9.0,14.0,NULL,55.0
128.0,128.0,31.0,95.0,7.0,17.0,35.0,14.0
129.0,129.0,1.0,9.0,48.0,8.0,286.0,52.0
130.0,130.0,NULL,NULL,NULL,NULL,NULL,30.0
132.0,132.0,NULL,NULL,NULL,NULL,NULL,9.0
133.0,133.0,32.0,8.0,3.0,16.0,9.0,84.0
134.0,134.0,NULL,NULL,NULL,NULL,NULL,9.0
136.0,136.0,9.0,89.0,14.0,37.0,40.0,18.0
137.0,137.0,NULL,NULL,NULL,NULL,NULL,17.0
138.0,138.0,33.0,183.0,3.0,NULL,NULL,13.0
139.0,139.0,9.0,38.0,23.0,64.0,NULL,4.0
140.0,140.0,9.0,51.0,25.0,143.0,14.0,21.0
142.0,142.0,34.0,1.0,9.0,95.0,8.0,31.0
143.0,143.0,NULL,NULL,NULL,NULL,NULL,20.0
144.0,144.0,NULL,NULL,NULL,NULL,NULL,21.0
145.0,145.0,14.0,8.0,3.0,9.0,70.0,111.0
146.0,146.0,25.0,14.0,13.0,91.0,NULL,NULL
147.0,147.0,26.0,NULL,NULL,NULL,NULL,10.0
148.0,148.0,NULL,NULL,NULL,NULL,NULL,33.0
149.0,149.0,35.0,147.0,258.0,23.0,129.0,28.0
150.0,150.0,36.0,7.0,14.0,22.0,NULL,46.0
151.0,151.0,5.0,115.0,16.0,25.0,14.0,75.0
152.0,152.0,26.0,31.0,16.0,125.0,21.0,5.0
153.0,153.0,37.0,178.0,3.0,16.0,87.0,6.0
154.0,154.0,NULL,NULL,NULL,NULL,NULL,31.0
158.0,158.0,NULL,NULL,NULL,NULL,NULL,52.0
159.0,159.0,10.0,6.0,74.0,107.0,5.0,32.0
160.0,160.0,1.0,3.0,9.0,177.0,8.0,NULL
162.0,162.0,38.0,31.0,21.0,62.0,NULL,30.0
164.0,164.0,16.0,9.0,5.0,82.0,1.0,34.0
166.0,166.0,39.0,5.0,3.0,8.0,16.0,NULL
168.0,168.0,40.0,51.0,9.0,87.0,NULL,NULL
170.0,170.0,NULL,NULL,NULL,NULL,NULL,22.0
171.0,171.0,41.0,5.0,8.0,16.0,31.0,87.0
172.0,172.0,6.0,16.0,259.0,8.0,185.0,26.0
173.0,173.0,8.0,9.0,3.0,16.0,14.0,74.0
174.0,174.0,42.0,31.0,7.0,196.0,8.0,16.0
176.0,176.0,NULL,NULL,NULL,NULL,NULL,37.0
177.0,177.0,3.0,64.0,133.0,74.0,8.0,NULL
178.0,178.0,43.0,16.0,9.0,280.0,8.0,94.0
179.0,179.0,NULL,NULL,NULL,NULL,NULL,30.0
181.0,181.0,44.0,29.0,138.0,45.0,25.0,NULL
183.0,183.0,16.0,12.0,3.0,9.0,112.0,22.0
184.0,184.0,16.0,3.0,155.0,9.0,133.0,76.0
185.0,185.0,8.0,17.0,147.0,31.0,54.0,16.0
187.0,187.0,25.0,112.0,181.0,47.0,9.0,129.0
188.0,188.0,45.0,14.0,138.0,22.0,NULL,19.0
189.0,189.0,31.0,33.0,76.0,9.0,224.0,80.0
190.0,190.0,NULL,NULL,NULL,NULL,NULL,30.0
191.0,191.0,4.0,54.0,16.0,NULL,NULL,32.0
192.0,192.0,NULL,NULL,NULL,NULL,NULL,73.0
193.0,193.0,8.0,14.0,21.0,37.0,NULL,93.0
194.0,194.0,16.0,3.0,103.0,14.0,2.0,61.0
195.0,195.0,1.0,80.0,9.0,8.0,NULL,NULL
196.0,196.0,1.0,3.0,16.0,33.0,NULL,26.0
197.0,197.0,16.0,9.0,131.0,15.0,8.0,62.0
198.0,198.0,22.0,3.0,61.0,281.0,287.0,NULL
199.0,199.0,46.0,138.0,112.0,7.0,50.0,136.0
200.0,200.0,14.0,7.0,31.0,67.0,53.0,20.0
201.0,201.0,14.0,3.0,21.0,9.0,64.0,222.0
204.0,204.0,47.0,8.0,25.0,51.0,309.0,18.0
205.0,205.0,14.0,202.0,25.0,103.0,55.0,108.0
206.0,206.0,NULL,NULL,NULL,NULL,NULL,19.0
211.0,211.0,NULL,NULL,NULL,NULL,NULL,13.0
212.0,212.0,16.0,3.0,25.0,14.0,9.0,116.0
213.0,213.0,48.0,3.0,8.0,9.0,243.0,24.0
214.0,214.0,8.0,25.0,3.0,9.0,138.0,189.0
215.0,215.0,49.0,3.0,135.0,25.0,310.0,112.0
217.0,217.0,16.0,14.0,38.0,107.0,256.0,143.0
218.0,218.0,31.0,5.0,93.0,8.0,13.0,170.0
219.0,219.0,25.0,3.0,8.0,47.0,64.0,80.0
221.0,221.0,3.0,173.0,82.0,9.0,42.0,201.0
222.0,222.0,6.0,3.0,206.0,NULL,NULL,11.0
223.0,223.0,8.0,16.0,9.0,3.0,25.0,73.0
224.0,224.0,8.0,6.0,76.0,9.0,132.0,44.0
225.0,225.0,NULL,NULL,NULL,NULL,NULL,20.0
227.0,227.0,9.0,3.0,128.0,16.0,25.0,21.0
228.0,228.0,9.0,14.0,187.0,15.0,50.0,NULL
229.0,229.0,8.0,203.0,33.0,231.0,206.0,12.0
230.0,230.0,14.0,3.0,99.0,207.0,105.0,101.0
231.0,231.0,9.0,3.0,82.0,22.0,178.0,82.0
233.0,233.0,40.0,76.0,8.0,45.0,178.0,55.0
236.0,236.0,3.0,8.0,33.0,9.0,75.0,129.0
238.0,238.0,50.0,6.0,9.0,7.0,31.0,125.0
242.0,242.0,13.0,3.0,21.0,105.0,46.0,100.0
243.0,243.0,37.0,22.0,6.0,9.0,25.0,15.0
244.0,244.0,8.0,14.0,76.0,137.0,3.0,83.0
245.0,245.0,51.0,21.0,17.0,14.0,7.0,63.0
246.0,246.0,NULL,NULL,NULL,NULL,NULL,133.0
247.0,247.0,50.0,55.0,233.0,14.0,31.0,126.0
248.0,248.0,6.0,76.0,25.0,NULL,NULL,NULL
249.0,249.0,52.0,18.0,3.0,85.0,22.0,107.0
250.0,250.0,13.0,14.0,3.0,21.0,51.0,115.0
254.0,254.0,31.0,64.0,3.0,8.0,50.0,111.0
255.0,255.0,14.0,13.0,50.0,6.0,3.0,131.0
256.0,256.0,9.0,3.0,243.0,12.0,65.0,97.0
260.0,260.0,53.0,13.0,66.0,64.0,311.0,87.0
261.0,261.0,8.0,9.0,3.0,5.0,198.0,114.0
262.0,262.0,NULL,NULL,NULL,NULL,NULL,45.0
263.0,263.0,3.0,16.0,9.0,109.0,78.0,34.0
264.0,264.0,54.0,17.0,14.0,87.0,168.0,32.0
265.0,265.0,NULL,NULL,NULL,NULL,NULL,65.0
266.0,266.0,NULL,NULL,NULL,NULL,NULL,24.0
267.0,267.0,55.0,204.0,9.0,8.0,3.0,60.0
268.0,268.0,3.0,9.0,8.0,5.0,6.0,20.0
270.0,270.0,56.0,85.0,5.0,25.0,312.0,43.0
271.0,271.0,8.0,103.0,9.0,3.0,116.0,90.0
272.0,272.0,16.0,21.0,138.0,40.0,80.0,22.0
274.0,274.0,40.0,70.0,138.0,63.0,80.0,37.0
275.0,275.0,16.0,9.0,5.0,NULL,NULL,77.0
276.0,276.0,40.0,205.0,9.0,133.0,144.0,74.0
277.0,277.0,9.0,6.0,3.0,22.0,67.0,20.0
278.0,278.0,51.0,7.0,13.0,9.0,207.0,109.0
279.0,279.0,NULL,NULL,NULL,NULL,NULL,10.0
281.0,281.0,16.0,206.0,22.0,144.0,9.0,75.0
283.0,283.0,16.0,47.0,131.0,282.0,NULL,67.0
287.0,287.0,3.0,31.0,7.0,8.0,105.0,103.0
288.0,288.0,57.0,9.0,17.0,8.0,16.0,20.0
289.0,289.0,6.0,192.0,47.0,14.0,8.0,NULL
291.0,291.0,58.0,47.0,86.0,8.0,3.0,51.0
292.0,292.0,3.0,9.0,260.0,125.0,25.0,16.0
293.0,293.0,NULL,NULL,NULL,NULL,NULL,26.0
294.0,294.0,NULL,NULL,NULL,NULL,NULL,45.0
296.0,296.0,16.0,3.0,261.0,6.0,8.0,17.0
297.0,297.0,9.0,3.0,186.0,8.0,5.0,61.0
299.0,299.0,59.0,133.0,31.0,9.0,1.0,NULL
300.0,300.0,60.0,25.0,3.0,112.0,31.0,NULL
301.0,301.0,22.0,207.0,14.0,9.0,25.0,120.0
302.0,302.0,9.0,3.0,8.0,16.0,253.0,138.0
304.0,304.0,21.0,3.0,14.0,143.0,54.0,53.0
305.0,305.0,61.0,74.0,7.0,1.0,3.0,30.0
306.0,306.0,37.0,128.0,16.0,19.0,48.0,NULL
307.0,307.0,62.0,63.0,22.0,17.0,14.0,85.0
309.0,309.0,7.0,22.0,207.0,13.0,217.0,29.0
310.0,310.0,8.0,NULL,NULL,NULL,NULL,NULL
312.0,312.0,NULL,NULL,NULL,NULL,NULL,39.0
313.0,313.0,16.0,8.0,9.0,3.0,153.0,106.0
314.0,314.0,14.0,45.0,135.0,201.0,8.0,NULL
316.0,316.0,NULL,NULL,NULL,NULL,NULL,50.0
318.0,318.0,25.0,16.0,114.0,9.0,6.0,11.0
321.0,321.0,16.0,139.0,21.0,8.0,168.0,56.0
322.0,322.0,54.0,25.0,70.0,14.0,37.0,22.0
324.0,324.0,3.0,NULL,NULL,NULL,NULL,1.0
326.0,326.0,26.0,51.0,8.0,14.0,126.0,101.0
329.0,329.0,63.0,9.0,8.0,213.0,6.0,38.0
330.0,330.0,NULL,NULL,NULL,NULL,NULL,17.0
331.0,331.0,7.0,45.0,23.0,5.0,21.0,NULL
332.0,332.0,14.0,9.0,8.0,53.0,90.0,123.0
335.0,335.0,3.0,208.0,8.0,25.0,9.0,50.0
337.0,337.0,64.0,14.0,95.0,8.0,22.0,60.0
339.0,339.0,NULL,NULL,NULL,NULL,NULL,22.0
340.0,340.0,37.0,90.0,3.0,85.0,9.0,90.0
341.0,341.0,47.0,66.0,9.0,45.0,25.0,74.0
342.0,342.0,8.0,9.0,144.0,3.0,NULL,NULL
343.0,343.0,65.0,4.0,122.0,45.0,5.0,63.0
344.0,344.0,66.0,89.0,50.0,9.0,22.0,62.0
346.0,346.0,51.0,22.0,8.0,14.0,3.0,11.0
348.0,348.0,67.0,25.0,43.0,112.0,13.0,77.0
349.0,349.0,NULL,NULL,NULL,NULL,NULL,37.0
350.0,350.0,7.0,47.0,22.0,3.0,9.0,90.0
353.0,353.0,9.0,3.0,8.0,129.0,213.0,100.0
354.0,354.0,31.0,17.0,74.0,9.0,22.0,51.0
356.0,356.0,68.0,NULL,NULL,NULL,NULL,13.0
357.0,357.0,3.0,9.0,8.0,25.0,5.0,210.0
358.0,358.0,3.0,14.0,129.0,153.0,197.0,12.0
359.0,359.0,69.0,NULL,NULL,NULL,NULL,NULL
361.0,361.0,70.0,42.0,17.0,26.0,3.0,17.0
362.0,362.0,28.0,45.0,14.0,NULL,NULL,NULL
363.0,363.0,21.0,69.0,39.0,135.0,18.0,NULL
364.0,364.0,71.0,70.0,209.0,8.0,7.0,19.0
365.0,365.0,40.0,178.0,14.0,NULL,NULL,NULL
366.0,366.0,16.0,6.0,9.0,153.0,81.0,38.0
367.0,367.0,72.0,NULL,NULL,NULL,NULL,83.0
368.0,368.0,3.0,8.0,16.0,21.0,143.0,84.0
369.0,369.0,72.0,NULL,NULL,NULL,NULL,92.0
370.0,370.0,NULL,NULL,NULL,NULL,NULL,37.0
371.0,371.0,9.0,31.0,8.0,3.0,87.0,59.0
372.0,372.0,9.0,5.0,8.0,7.0,3.0,14.0
373.0,373.0,73.0,3.0,9.0,14.0,51.0,121.0
374.0,374.0,74.0,16.0,89.0,3.0,50.0,102.0
375.0,375.0,9.0,22.0,80.0,102.0,7.0,154.0
376.0,376.0,75.0,3.0,8.0,66.0,306.0,45.0
377.0,377.0,9.0,8.0,17.0,78.0,246.0,17.0
379.0,379.0,NULL,NULL,NULL,NULL,NULL,34.0
380.0,380.0,3.0,81.0,9.0,8.0,5.0,48.0
381.0,381.0,9.0,1.0,3.0,8.0,16.0,118.0
383.0,383.0,NULL,NULL,NULL,NULL,NULL,178.0
384.0,384.0,16.0,47.0,39.0,NULL,313.0,28.0
385.0,385.0,9.0,3.0,8.0,14.0,25.0,74.0
386.0,386.0,52.0,3.0,129.0,NULL,NULL,NULL
387.0,387.0,NULL,NULL,NULL,NULL,NULL,36.0
388.0,388.0,7.0,9.0,25.0,16.0,NULL,28.0
389.0,389.0,8.0,9.0,3.0,19.0,16.0,153.0
390.0,390.0,3.0,9.0,5.0,8.0,45.0,124.0
391.0,391.0,9.0,3.0,46.0,114.0,187.0,152.0
393.0,393.0,9.0,139.0,25.0,8.0,145.0,52.0
394.0,394.0,76.0,3.0,NULL,NULL,NULL,NULL
395.0,395.0,NULL,NULL,NULL,NULL,NULL,55.0
396.0,396.0,NULL,NULL,NULL,NULL,NULL,98.0
398.0,398.0,9.0,209.0,105.0,16.0,14.0,58.0
399.0,399.0,77.0,45.0,178.0,114.0,89.0,18.0
400.0,400.0,17.0,62.0,8.0,3.0,314.0,20.0
401.0,401.0,9.0,119.0,67.0,19.0,6.0,25.0
402.0,402.0,50.0,31.0,9.0,95.0,302.0,71.0
404.0,404.0,78.0,160.0,9.0,48.0,14.0,15.0
405.0,405.0,16.0,25.0,107.0,79.0,NULL,10.0
406.0,406.0,37.0,8.0,16.0,30.0,64.0,68.0
407.0,407.0,25.0,9.0,14.0,244.0,5.0,89.0
408.0,408.0,79.0,9.0,237.0,55.0,19.0,27.0
409.0,409.0,16.0,3.0,14.0,64.0,37.0,95.0
411.0,411.0,NULL,NULL,NULL,NULL,NULL,13.0
412.0,412.0,1.0,9.0,3.0,8.0,153.0,14.0
413.0,413.0,8.0,9.0,186.0,133.0,35.0,70.0
414.0,414.0,NULL,NULL,NULL,NULL,NULL,9.0
417.0,417.0,22.0,42.0,262.0,54.0,16.0,NULL
418.0,418.0,21.0,45.0,18.0,123.0,315.0,NULL
419.0,419.0,16.0,5.0,8.0,283.0,3.0,67.0
421.0,421.0,54.0,17.0,9.0,25.0,14.0,19.0
423.0,423.0,18.0,188.0,3.0,13.0,8.0,31.0
424.0,424.0,8.0,14.0,16.0,281.0,127.0,17.0
425.0,425.0,80.0,64.0,9.0,12.0,137.0,122.0
428.0,428.0,74.0,107.0,9.0,134.0,25.0,16.0
429.0,429.0,76.0,114.0,110.0,228.0,21.0,84.0
430.0,430.0,NULL,NULL,NULL,NULL,NULL,12.0
431.0,431.0,9.0,16.0,3.0,8.0,133.0,163.0
432.0,432.0,31.0,116.0,NULL,NULL,NULL,NULL
434.0,434.0,81.0,186.0,15.0,25.0,9.0,52.0
435.0,435.0,3.0,46.0,9.0,16.0,8.0,123.0
436.0,436.0,14.0,21.0,8.0,45.0,18.0,25.0
437.0,437.0,5.0,17.0,14.0,25.0,243.0,27.0
438.0,438.0,1.0,51.0,14.0,40.0,6.0,60.0
440.0,440.0,8.0,210.0,14.0,9.0,3.0,188.0
442.0,442.0,52.0,22.0,9.0,16.0,76.0,NULL
444.0,444.0,3.0,105.0,96.0,8.0,9.0,108.0
445.0,445.0,82.0,13.0,172.0,3.0,7.0,77.0
446.0,446.0,9.0,47.0,8.0,284.0,213.0,NULL
447.0,447.0,9.0,1.0,51.0,8.0,3.0,43.0
448.0,448.0,31.0,95.0,22.0,14.0,90.0,NULL
449.0,449.0,3.0,9.0,8.0,16.0,176.0,94.0
450.0,450.0,3.0,16.0,213.0,78.0,206.0,123.0
451.0,451.0,40.0,NULL,NULL,NULL,NULL,NULL
452.0,452.0,7.0,26.0,31.0,42.0,14.0,21.0
453.0,453.0,9.0,25.0,8.0,95.0,16.0,112.0
454.0,454.0,8.0,5.0,6.0,31.0,9.0,127.0
455.0,455.0,9.0,3.0,6.0,8.0,NULL,124.0
456.0,456.0,16.0,8.0,139.0,3.0,206.0,NULL
457.0,457.0,45.0,5.0,131.0,9.0,8.0,56.0
458.0,458.0,25.0,16.0,3.0,8.0,38.0,62.0
459.0,459.0,6.0,8.0,5.0,19.0,16.0,90.0
460.0,460.0,NULL,NULL,NULL,NULL,NULL,65.0
461.0,461.0,NULL,NULL,NULL,NULL,NULL,4.0
463.0,463.0,78.0,8.0,21.0,14.0,240.0,55.0
464.0,464.0,14.0,105.0,173.0,8.0,31.0,121.0
465.0,465.0,NULL,NULL,NULL,NULL,NULL,60.0
466.0,466.0,8.0,16.0,41.0,21.0,2.0,102.0
467.0,467.0,74.0,9.0,52.0,125.0,8.0,17.0
468.0,468.0,33.0,5.0,8.0,186.0,9.0,33.0
470.0,470.0,21.0,138.0,4.0,74.0,16.0,49.0
471.0,471.0,3.0,33.0,6.0,15.0,19.0,85.0
472.0,472.0,9.0,64.0,238.0,12.0,NULL,118.0
474.0,474.0,22.0,1.0,9.0,3.0,39.0,NULL
475.0,475.0,NULL,NULL,NULL,NULL,NULL,116.0
476.0,476.0,54.0,14.0,3.0,17.0,12.0,19.0
477.0,477.0,83.0,3.0,133.0,116.0,44.0,19.0
478.0,478.0,84.0,8.0,16.0,96.0,31.0,NULL
480.0,480.0,50.0,211.0,3.0,64.0,22.0,104.0
481.0,481.0,2.0,25.0,22.0,8.0,53.0,54.0
482.0,482.0,6.0,5.0,14.0,76.0,NULL,67.0
483.0,483.0,31.0,38.0,41.0,89.0,234.0,NULL
485.0,485.0,14.0,138.0,21.0,28.0,226.0,40.0
487.0,487.0,16.0,19.0,44.0,9.0,6.0,7.0
488.0,488.0,9.0,8.0,19.0,16.0,176.0,104.0
489.0,489.0,15.0,22.0,8.0,9.0,NULL,25.0
490.0,490.0,54.0,39.0,8.0,42.0,76.0,NULL
492.0,492.0,9.0,8.0,27.0,3.0,NULL,55.0
493.0,493.0,8.0,9.0,16.0,107.0,3.0,NULL
494.0,494.0,85.0,3.0,263.0,NULL,NULL,8.0
496.0,496.0,86.0,25.0,2.0,16.0,21.0,71.0
497.0,497.0,NULL,NULL,NULL,NULL,NULL,28.0
498.0,498.0,NULL,NULL,NULL,NULL,NULL,16.0
499.0,499.0,14.0,NULL,NULL,NULL,NULL,91.0
500.0,500.0,87.0,212.0,3.0,107.0,316.0,55.0
501.0,501.0,88.0,NULL,NULL,NULL,NULL,10.0
502.0,502.0,89.0,9.0,185.0,45.0,NULL,20.0
503.0,503.0,3.0,9.0,70.0,NULL,NULL,83.0
504.0,504.0,1.0,213.0,8.0,9.0,3.0,NULL
505.0,505.0,3.0,82.0,9.0,14.0,19.0,NULL
507.0,507.0,90.0,214.0,109.0,17.0,14.0,117.0
508.0,508.0,37.0,76.0,9.0,45.0,55.0,22.0
509.0,509.0,7.0,9.0,8.0,82.0,64.0,NULL
510.0,510.0,7.0,80.0,16.0,3.0,22.0,NULL
511.0,511.0,8.0,205.0,5.0,3.0,NULL,19.0
512.0,512.0,9.0,5.0,55.0,285.0,8.0,9.0
513.0,513.0,91.0,51.0,8.0,9.0,26.0,26.0
514.0,514.0,3.0,8.0,19.0,NULL,NULL,89.0
515.0,515.0,25.0,16.0,NULL,NULL,NULL,26.0
516.0,516.0,92.0,22.0,112.0,51.0,2.0,91.0
518.0,518.0,NULL,NULL,NULL,NULL,NULL,17.0
519.0,519.0,15.0,215.0,86.0,14.0,138.0,38.0
520.0,520.0,9.0,144.0,16.0,8.0,1.0,123.0
521.0,521.0,93.0,42.0,54.0,14.0,16.0,43.0
522.0,522.0,NULL,NULL,NULL,NULL,NULL,18.0
523.0,523.0,NULL,NULL,NULL,NULL,NULL,106.0
524.0,524.0,25.0,4.0,131.0,16.0,9.0,118.0
526.0,526.0,9.0,16.0,3.0,14.0,139.0,167.0
527.0,527.0,18.0,178.0,3.0,286.0,9.0,NULL
529.0,529.0,21.0,105.0,NULL,NULL,NULL,NULL
531.0,531.0,NULL,NULL,NULL,NULL,NULL,25.0
532.0,532.0,94.0,70.0,67.0,9.0,16.0,13.0
534.0,534.0,95.0,87.0,78.0,3.0,181.0,46.0
535.0,535.0,NULL,NULL,NULL,NULL,NULL,54.0
536.0,536.0,96.0,19.0,3.0,16.0,8.0,NULL
537.0,537.0,94.0,3.0,28.0,9.0,8.0,95.0
538.0,538.0,9.0,216.0,23.0,64.0,NULL,4.0
539.0,539.0,26.0,217.0,35.0,96.0,168.0,29.0
540.0,540.0,NULL,NULL,NULL,NULL,NULL,131.0
541.0,541.0,NULL,NULL,NULL,NULL,NULL,8.0
542.0,542.0,18.0,9.0,8.0,17.0,NULL,NULL
544.0,544.0,97.0,NULL,NULL,NULL,NULL,NULL
545.0,545.0,98.0,3.0,47.0,8.0,115.0,92.0
546.0,546.0,6.0,8.0,19.0,16.0,3.0,107.0
547.0,547.0,16.0,3.0,264.0,14.0,NULL,NULL
548.0,548.0,NULL,NULL,NULL,NULL,NULL,50.0
549.0,549.0,18.0,17.0,53.0,3.0,NULL,22.0
551.0,551.0,67.0,8.0,25.0,16.0,14.0,88.0
552.0,552.0,19.0,47.0,8.0,9.0,54.0,NULL
553.0,553.0,14.0,25.0,139.0,11.0,16.0,98.0
556.0,556.0,17.0,27.0,31.0,3.0,51.0,92.0
558.0,558.0,25.0,198.0,11.0,40.0,23.0,49.0
559.0,559.0,87.0,13.0,3.0,19.0,25.0,83.0
562.0,562.0,99.0,15.0,5.0,NULL,NULL,44.0
563.0,563.0,8.0,9.0,16.0,3.0,7.0,172.0
564.0,564.0,100.0,7.0,12.0,276.0,51.0,44.0
565.0,565.0,5.0,16.0,3.0,9.0,8.0,150.0
567.0,567.0,9.0,51.0,16.0,25.0,14.0,124.0
568.0,568.0,9.0,218.0,70.0,150.0,17.0,25.0
569.0,569.0,63.0,48.0,31.0,123.0,187.0,13.0
570.0,570.0,101.0,139.0,4.0,8.0,25.0,NULL
571.0,571.0,9.0,3.0,138.0,125.0,14.0,155.0
572.0,572.0,33.0,27.0,74.0,21.0,86.0,24.0
575.0,575.0,9.0,16.0,3.0,198.0,8.0,38.0
577.0,577.0,7.0,NULL,NULL,NULL,NULL,112.0
578.0,578.0,31.0,80.0,8.0,21.0,9.0,11.0
580.0,580.0,19.0,3.0,9.0,NULL,NULL,101.0
581.0,581.0,102.0,140.0,31.0,51.0,25.0,14.0
582.0,582.0,NULL,NULL,NULL,NULL,NULL,57.0
583.0,583.0,16.0,109.0,80.0,22.0,19.0,11.0
584.0,584.0,9.0,18.0,8.0,287.0,23.0,NULL
585.0,585.0,103.0,NULL,NULL,NULL,NULL,NULL
589.0,589.0,104.0,17.0,3.0,31.0,8.0,19.0
590.0,590.0,104.0,105.0,249.0,14.0,8.0,32.0
592.0,592.0,8.0,25.0,3.0,9.0,53.0,NULL
593.0,593.0,8.0,5.0,25.0,3.0,119.0,23.0
597.0,597.0,72.0,56.0,89.0,3.0,NULL,NULL
598.0,598.0,8.0,78.0,9.0,42.0,138.0,65.0
599.0,599.0,7.0,219.0,35.0,14.0,NULL,NULL
600.0,600.0,41.0,133.0,16.0,8.0,82.0,NULL
603.0,603.0,37.0,41.0,121.0,76.0,172.0,8.0
604.0,604.0,NULL,NULL,NULL,NULL,NULL,20.0
605.0,605.0,105.0,14.0,16.0,9.0,95.0,39.0
606.0,606.0,6.0,144.0,8.0,9.0,76.0,108.0
608.0,608.0,9.0,6.0,8.0,16.0,3.0,82.0
609.0,609.0,13.0,9.0,64.0,14.0,105.0,114.0
610.0,610.0,3.0,22.0,13.0,8.0,66.0,106.0
611.0,611.0,61.0,51.0,12.0,3.0,9.0,52.0
612.0,612.0,106.0,62.0,2.0,25.0,50.0,139.0
613.0,613.0,3.0,50.0,123.0,242.0,25.0,113.0
614.0,614.0,25.0,66.0,3.0,53.0,31.0,106.0
615.0,615.0,107.0,9.0,81.0,3.0,16.0,40.0
616.0,616.0,108.0,1.0,8.0,122.0,213.0,35.0
617.0,617.0,16.0,15.0,47.0,9.0,8.0,107.0
618.0,618.0,9.0,127.0,3.0,14.0,25.0,123.0
619.0,619.0,5.0,14.0,35.0,3.0,13.0,111.0
620.0,620.0,3.0,105.0,21.0,127.0,14.0,60.0
621.0,621.0,87.0,NULL,NULL,NULL,NULL,30.0
622.0,622.0,109.0,15.0,7.0,16.0,8.0,63.0
623.0,623.0,9.0,16.0,8.0,14.0,25.0,25.0
624.0,624.0,19.0,3.0,25.0,288.0,NULL,64.0
625.0,625.0,6.0,3.0,89.0,1.0,140.0,27.0
626.0,626.0,4.0,21.0,23.0,14.0,25.0,88.0
627.0,627.0,50.0,64.0,139.0,9.0,3.0,30.0
629.0,629.0,9.0,6.0,8.0,21.0,47.0,51.0
631.0,631.0,110.0,3.0,9.0,289.0,14.0,10.0
632.0,632.0,111.0,3.0,9.0,NULL,NULL,31.0
633.0,633.0,112.0,14.0,174.0,51.0,3.0,108.0
634.0,634.0,55.0,54.0,7.0,8.0,89.0,11.0
635.0,635.0,113.0,107.0,NULL,NULL,NULL,17.0
637.0,637.0,9.0,177.0,3.0,NULL,NULL,109.0
638.0,638.0,33.0,9.0,16.0,8.0,89.0,27.0
640.0,640.0,114.0,14.0,90.0,31.0,85.0,NULL
641.0,641.0,NULL,NULL,NULL,NULL,NULL,80.0
642.0,642.0,12.0,21.0,NULL,NULL,NULL,NULL
643.0,643.0,9.0,220.0,159.0,75.0,134.0,24.0
644.0,644.0,105.0,50.0,19.0,31.0,3.0,79.0
645.0,645.0,8.0,25.0,3.0,290.0,206.0,115.0
647.0,647.0,NULL,NULL,NULL,NULL,NULL,14.0
650.0,650.0,8.0,25.0,3.0,9.0,138.0,NULL
651.0,651.0,8.0,25.0,3.0,53.0,112.0,NULL
653.0,653.0,NULL,NULL,NULL,NULL,NULL,87.0
654.0,654.0,NULL,NULL,NULL,NULL,NULL,207.0
655.0,655.0,3.0,56.0,9.0,7.0,14.0,136.0
656.0,656.0,9.0,8.0,22.0,3.0,184.0,41.0
658.0,658.0,8.0,221.0,25.0,18.0,3.0,145.0
659.0,659.0,25.0,3.0,138.0,9.0,37.0,51.0
660.0,660.0,8.0,191.0,25.0,9.0,3.0,170.0
662.0,662.0,89.0,9.0,8.0,5.0,16.0,70.0
663.0,663.0,9.0,14.0,195.0,16.0,33.0,82.0
664.0,664.0,5.0,222.0,122.0,3.0,280.0,NULL
665.0,665.0,31.0,8.0,177.0,5.0,25.0,9.0
667.0,667.0,8.0,16.0,3.0,47.0,186.0,70.0
668.0,668.0,16.0,NULL,NULL,NULL,NULL,NULL
669.0,669.0,NULL,NULL,NULL,NULL,NULL,27.0
670.0,670.0,87.0,9.0,3.0,155.0,NULL,NULL
671.0,671.0,50.0,9.0,3.0,291.0,16.0,127.0
672.0,672.0,9.0,3.0,16.0,8.0,22.0,168.0
673.0,673.0,4.0,14.0,28.0,54.0,179.0,21.0
674.0,674.0,19.0,31.0,126.0,11.0,40.0,NULL
675.0,675.0,NULL,NULL,NULL,NULL,NULL,50.0
677.0,677.0,9.0,5.0,67.0,3.0,224.0,12.0
679.0,679.0,45.0,21.0,265.0,NULL,NULL,36.0
680.0,680.0,9.0,3.0,8.0,5.0,19.0,79.0
681.0,681.0,NULL,NULL,NULL,NULL,NULL,453.0
682.0,682.0,6.0,45.0,8.0,198.0,129.0,30.0
684.0,684.0,115.0,31.0,48.0,292.0,87.0,49.0
685.0,685.0,16.0,3.0,116.0,6.0,14.0,38.0
686.0,686.0,8.0,25.0,16.0,33.0,NULL,22.0
688.0,688.0,NULL,NULL,NULL,NULL,NULL,25.0
689.0,689.0,9.0,16.0,74.0,NULL,NULL,NULL
690.0,690.0,8.0,223.0,47.0,293.0,3.0,76.0
691.0,691.0,NULL,NULL,NULL,NULL,NULL,20.0
692.0,692.0,14.0,3.0,9.0,22.0,1.0,29.0
693.0,693.0,95.0,144.0,8.0,197.0,3.0,22.0
694.0,694.0,8.0,63.0,133.0,138.0,3.0,87.0
695.0,695.0,3.0,9.0,5.0,7.0,114.0,NULL
696.0,696.0,8.0,224.0,181.0,5.0,25.0,79.0
697.0,697.0,NULL,NULL,NULL,NULL,NULL,30.0
698.0,698.0,3.0,8.0,146.0,6.0,9.0,53.0
699.0,699.0,116.0,213.0,195.0,9.0,8.0,NULL
700.0,700.0,14.0,9.0,31.0,27.0,25.0,101.0
701.0,701.0,NULL,NULL,NULL,NULL,NULL,37.0
702.0,702.0,51.0,3.0,119.0,181.0,NULL,20.0
703.0,703.0,117.0,131.0,3.0,8.0,25.0,131.0
704.0,704.0,105.0,146.0,9.0,16.0,8.0,20.0
705.0,705.0,25.0,225.0,144.0,9.0,3.0,19.0
706.0,706.0,51.0,9.0,16.0,3.0,67.0,83.0
708.0,708.0,31.0,3.0,50.0,47.0,14.0,144.0
709.0,709.0,13.0,221.0,179.0,105.0,9.0,120.0
710.0,710.0,118.0,14.0,194.0,7.0,53.0,94.0
712.0,712.0,58.0,7.0,5.0,8.0,9.0,11.0
713.0,713.0,3.0,NULL,NULL,NULL,NULL,NULL
715.0,715.0,5.0,22.0,31.0,25.0,NULL,90.0
716.0,716.0,9.0,NULL,NULL,NULL,NULL,NULL
718.0,718.0,14.0,8.0,31.0,167.0,25.0,8.0
719.0,719.0,NULL,NULL,NULL,NULL,NULL,12.0
720.0,720.0,119.0,NULL,NULL,NULL,NULL,NULL
722.0,722.0,14.0,40.0,206.0,27.0,25.0,108.0
723.0,723.0,120.0,47.0,8.0,158.0,181.0,24.0
724.0,724.0,33.0,16.0,17.0,225.0,2.0,70.0
725.0,725.0,16.0,54.0,144.0,67.0,3.0,32.0
726.0,726.0,NULL,NULL,NULL,NULL,NULL,52.0
728.0,728.0,121.0,61.0,6.0,16.0,14.0,17.0
729.0,729.0,3.0,206.0,16.0,9.0,139.0,119.0
730.0,730.0,13.0,3.0,46.0,64.0,50.0,96.0
731.0,731.0,122.0,NULL,NULL,NULL,NULL,NULL
733.0,733.0,123.0,99.0,25.0,139.0,3.0,96.0
734.0,734.0,NULL,NULL,NULL,NULL,NULL,10.0
735.0,735.0,22.0,5.0,3.0,64.0,105.0,77.0
736.0,736.0,8.0,31.0,17.0,3.0,9.0,80.0
737.0,737.0,9.0,3.0,8.0,16.0,47.0,141.0
738.0,738.0,3.0,8.0,266.0,1.0,19.0,59.0
739.0,739.0,3.0,21.0,14.0,31.0,105.0,105.0
741.0,741.0,79.0,80.0,3.0,42.0,55.0,24.0
742.0,742.0,3.0,1.0,15.0,113.0,8.0,16.0
743.0,743.0,81.0,16.0,19.0,3.0,8.0,90.0
745.0,745.0,14.0,129.0,9.0,45.0,105.0,34.0
747.0,747.0,61.0,16.0,9.0,143.0,206.0,54.0
748.0,748.0,53.0,50.0,NULL,NULL,NULL,110.0
749.0,749.0,1.0,25.0,8.0,5.0,NULL,84.0
750.0,750.0,25.0,3.0,38.0,167.0,16.0,NULL
751.0,751.0,21.0,25.0,14.0,3.0,NULL,NULL
753.0,753.0,51.0,226.0,135.0,17.0,22.0,NULL
754.0,754.0,NULL,NULL,NULL,NULL,NULL,45.0
755.0,755.0,14.0,25.0,3.0,294.0,8.0,NULL
757.0,757.0,3.0,227.0,81.0,1.0,9.0,NULL
758.0,758.0,118.0,33.0,133.0,9.0,122.0,21.0
759.0,759.0,9.0,18.0,3.0,5.0,NULL,84.0
760.0,760.0,45.0,9.0,8.0,25.0,3.0,150.0
761.0,761.0,NULL,NULL,NULL,NULL,NULL,66.0
762.0,762.0,6.0,14.0,267.0,3.0,9.0,120.0
763.0,763.0,3.0,9.0,90.0,50.0,40.0,122.0
764.0,764.0,3.0,14.0,7.0,64.0,50.0,91.0
765.0,765.0,9.0,128.0,3.0,7.0,46.0,241.0
766.0,766.0,50.0,228.0,53.0,125.0,16.0,144.0
767.0,767.0,14.0,132.0,19.0,105.0,240.0,98.0
768.0,768.0,105.0,3.0,14.0,51.0,64.0,133.0
769.0,769.0,3.0,105.0,31.0,22.0,13.0,102.0
770.0,770.0,41.0,167.0,14.0,8.0,3.0,77.0
771.0,771.0,45.0,229.0,14.0,NULL,NULL,NULL
772.0,772.0,3.0,9.0,105.0,25.0,178.0,111.0
774.0,774.0,9.0,32.0,8.0,16.0,5.0,110.0
775.0,775.0,3.0,NULL,NULL,NULL,NULL,NULL
776.0,776.0,19.0,16.0,197.0,112.0,NULL,16.0
777.0,777.0,NULL,NULL,NULL,NULL,NULL,86.0
779.0,779.0,21.0,138.0,14.0,16.0,76.0,NULL
780.0,780.0,8.0,3.0,85.0,9.0,25.0,98.0
781.0,781.0,74.0,NULL,NULL,NULL,NULL,8.0
782.0,782.0,120.0,9.0,16.0,8.0,58.0,71.0
783.0,783.0,8.0,NULL,NULL,NULL,NULL,NULL
784.0,784.0,NULL,NULL,NULL,NULL,NULL,53.0
785.0,785.0,124.0,9.0,268.0,224.0,5.0,9.0
786.0,786.0,14.0,8.0,96.0,3.0,317.0,63.0
787.0,787.0,14.0,86.0,22.0,21.0,76.0,12.0
788.0,788.0,125.0,178.0,NULL,NULL,NULL,NULL
789.0,789.0,17.0,37.0,16.0,56.0,8.0,10.0
790.0,790.0,126.0,123.0,9.0,64.0,7.0,110.0
791.0,791.0,17.0,9.0,14.0,5.0,6.0,111.0
792.0,792.0,127.0,40.0,6.0,19.0,51.0,50.0
794.0,794.0,NULL,NULL,NULL,NULL,NULL,40.0
795.0,795.0,8.0,3.0,NULL,NULL,NULL,NULL
796.0,796.0,128.0,16.0,NULL,NULL,NULL,NULL
797.0,797.0,129.0,15.0,8.0,NULL,NULL,8.0
799.0,799.0,NULL,NULL,NULL,NULL,NULL,24.0
800.0,800.0,130.0,80.0,2.0,14.0,NULL,NULL
801.0,801.0,3.0,50.0,35.0,22.0,2.0,58.0
802.0,802.0,3.0,9.0,8.0,113.0,16.0,79.0
803.0,803.0,86.0,9.0,5.0,NULL,NULL,NULL
804.0,804.0,131.0,NULL,NULL,NULL,NULL,56.0
805.0,805.0,132.0,NULL,NULL,NULL,NULL,NULL
807.0,807.0,NULL,NULL,NULL,NULL,NULL,87.0
809.0,809.0,128.0,NULL,NULL,NULL,NULL,NULL
810.0,810.0,NULL,NULL,NULL,NULL,NULL,16.0
813.0,813.0,133.0,47.0,135.0,3.0,65.0,NULL
814.0,814.0,3.0,33.0,19.0,1.0,8.0,61.0
815.0,815.0,8.0,25.0,5.0,119.0,3.0,50.0
816.0,816.0,NULL,NULL,NULL,NULL,NULL,18.0
818.0,818.0,3.0,7.0,5.0,25.0,9.0,47.0
819.0,819.0,3.0,33.0,241.0,224.0,22.0,69.0
820.0,820.0,105.0,13.0,5.0,9.0,3.0,106.0
821.0,821.0,NULL,NULL,NULL,NULL,NULL,49.0
822.0,822.0,134.0,109.0,105.0,129.0,31.0,20.0
823.0,823.0,14.0,45.0,187.0,NULL,NULL,44.0
824.0,824.0,NULL,NULL,NULL,NULL,NULL,16.0
825.0,825.0,135.0,70.0,138.0,40.0,25.0,53.0
826.0,826.0,NULL,NULL,NULL,NULL,NULL,27.0
827.0,827.0,136.0,9.0,14.0,265.0,312.0,23.0
828.0,828.0,17.0,14.0,5.0,115.0,45.0,23.0
830.0,830.0,80.0,230.0,NULL,NULL,NULL,2.0
831.0,831.0,NULL,NULL,NULL,NULL,NULL,38.0
832.0,832.0,3.0,19.0,9.0,131.0,16.0,11.0
833.0,833.0,NULL,NULL,NULL,NULL,NULL,104.0
834.0,834.0,13.0,64.0,31.0,18.0,NULL,126.0
835.0,835.0,19.0,3.0,16.0,14.0,112.0,5.0
836.0,836.0,NULL,NULL,NULL,NULL,NULL,16.0
839.0,839.0,137.0,14.0,21.0,8.0,3.0,41.0
840.0,840.0,40.0,16.0,135.0,37.0,21.0,11.0
842.0,842.0,54.0,19.0,40.0,76.0,8.0,27.0
843.0,843.0,138.0,17.0,168.0,21.0,262.0,66.0
845.0,845.0,NULL,NULL,NULL,NULL,NULL,11.0
847.0,847.0,31.0,107.0,146.0,64.0,74.0,19.0
848.0,848.0,22.0,116.0,14.0,133.0,1.0,12.0
849.0,849.0,NULL,NULL,NULL,NULL,NULL,10.0
850.0,850.0,9.0,7.0,13.0,14.0,90.0,125.0
851.0,851.0,16.0,8.0,3.0,9.0,14.0,17.0
852.0,852.0,NULL,NULL,NULL,NULL,NULL,22.0
853.0,853.0,139.0,90.0,96.0,NULL,NULL,29.0
857.0,857.0,NULL,NULL,NULL,NULL,NULL,12.0
860.0,860.0,105.0,8.0,74.0,5.0,NULL,NULL
861.0,861.0,140.0,9.0,3.0,16.0,46.0,56.0
862.0,862.0,NULL,NULL,NULL,NULL,NULL,17.0
863.0,863.0,NULL,NULL,NULL,NULL,NULL,32.0
864.0,864.0,8.0,9.0,47.0,16.0,220.0,92.0
865.0,865.0,9.0,129.0,89.0,195.0,168.0,23.0
866.0,866.0,3.0,8.0,6.0,188.0,21.0,97.0
867.0,867.0,115.0,231.0,1.0,66.0,16.0,17.0
868.0,868.0,141.0,NULL,NULL,NULL,NULL,41.0
869.0,869.0,52.0,5.0,19.0,9.0,3.0,35.0
871.0,871.0,42.0,35.0,27.0,9.0,125.0,25.0
872.0,872.0,5.0,8.0,269.0,194.0,22.0,216.0
873.0,873.0,NULL,NULL,NULL,NULL,NULL,15.0
874.0,874.0,NULL,NULL,NULL,NULL,NULL,109.0
875.0,875.0,1.0,25.0,8.0,3.0,9.0,159.0
876.0,876.0,8.0,5.0,3.0,9.0,318.0,99.0
878.0,878.0,23.0,14.0,22.0,186.0,NULL,65.0
879.0,879.0,9.0,14.0,8.0,137.0,22.0,140.0
881.0,881.0,21.0,40.0,9.0,59.0,225.0,15.0
882.0,882.0,3.0,8.0,41.0,295.0,103.0,39.0
883.0,883.0,9.0,18.0,33.0,14.0,7.0,70.0
884.0,884.0,14.0,25.0,8.0,139.0,85.0,75.0
885.0,885.0,26.0,NULL,NULL,NULL,NULL,52.0
886.0,886.0,NULL,NULL,NULL,NULL,NULL,36.0
887.0,887.0,51.0,14.0,22.0,3.0,9.0,107.0
888.0,888.0,142.0,NULL,NULL,NULL,NULL,NULL
889.0,889.0,NULL,NULL,NULL,NULL,NULL,24.0
890.0,890.0,6.0,16.0,NULL,NULL,NULL,20.0
891.0,891.0,8.0,232.0,3.0,105.0,14.0,46.0
892.0,892.0,102.0,3.0,9.0,19.0,8.0,22.0
893.0,893.0,25.0,13.0,206.0,14.0,9.0,115.0
894.0,894.0,143.0,194.0,21.0,86.0,1.0,5.0
896.0,896.0,16.0,9.0,3.0,8.0,15.0,84.0
898.0,898.0,NULL,NULL,NULL,NULL,NULL,49.0
899.0,899.0,16.0,46.0,14.0,48.0,42.0,57.0
900.0,900.0,3.0,14.0,22.0,9.0,64.0,156.0
902.0,902.0,14.0,NULL,NULL,NULL,NULL,NULL
903.0,903.0,3.0,193.0,74.0,NULL,NULL,10.0
905.0,905.0,8.0,9.0,144.0,22.0,319.0,15.0
906.0,906.0,14.0,233.0,8.0,187.0,13.0,123.0
909.0,909.0,15.0,3.0,9.0,296.0,8.0,7.0
910.0,910.0,8.0,9.0,47.0,85.0,16.0,46.0
911.0,911.0,3.0,NULL,NULL,NULL,NULL,NULL
912.0,912.0,31.0,14.0,3.0,7.0,9.0,163.0
913.0,913.0,8.0,9.0,143.0,16.0,3.0,58.0
914.0,914.0,144.0,3.0,9.0,5.0,8.0,138.0
915.0,915.0,14.0,206.0,9.0,8.0,12.0,51.0
917.0,917.0,NULL,NULL,NULL,NULL,NULL,44.0
919.0,919.0,9.0,8.0,270.0,95.0,22.0,106.0
920.0,920.0,NULL,NULL,NULL,NULL,NULL,122.0
921.0,921.0,145.0,174.0,3.0,8.0,14.0,98.0
922.0,922.0,14.0,13.0,51.0,6.0,9.0,38.0
923.0,923.0,NULL,NULL,NULL,NULL,NULL,17.0
925.0,925.0,3.0,8.0,NULL,NULL,NULL,50.0
926.0,926.0,NULL,NULL,NULL,NULL,NULL,20.0
927.0,927.0,3.0,93.0,8.0,40.0,51.0,113.0
928.0,928.0,21.0,NULL,NULL,NULL,NULL,55.0
929.0,929.0,9.0,85.0,47.0,45.0,16.0,24.0
931.0,931.0,31.0,15.0,67.0,9.0,193.0,33.0
932.0,932.0,146.0,8.0,9.0,74.0,3.0,32.0
933.0,933.0,16.0,9.0,89.0,3.0,74.0,14.0
934.0,934.0,3.0,47.0,16.0,14.0,9.0,105.0
935.0,935.0,133.0,9.0,3.0,19.0,206.0,21.0
936.0,936.0,13.0,3.0,50.0,14.0,90.0,108.0
937.0,937.0,86.0,21.0,45.0,153.0,3.0,27.0
938.0,938.0,14.0,NULL,NULL,NULL,NULL,NULL
939.0,939.0,146.0,157.0,81.0,105.0,22.0,NULL
940.0,940.0,147.0,5.0,15.0,297.0,74.0,9.0
942.0,942.0,144.0,120.0,97.0,16.0,105.0,17.0
943.0,943.0,148.0,213.0,19.0,47.0,3.0,74.0
944.0,944.0,149.0,9.0,16.0,3.0,6.0,23.0
945.0,945.0,16.0,138.0,271.0,3.0,9.0,95.0
946.0,946.0,53.0,105.0,9.0,3.0,13.0,115.0
947.0,947.0,NULL,NULL,NULL,NULL,NULL,150.0
949.0,949.0,9.0,NULL,NULL,NULL,NULL,12.0
950.0,950.0,8.0,9.0,3.0,138.0,155.0,42.0
951.0,951.0,8.0,NULL,NULL,NULL,NULL,13.0
952.0,952.0,85.0,NULL,NULL,NULL,NULL,30.0
953.0,953.0,14.0,16.0,272.0,206.0,25.0,113.0
954.0,954.0,78.0,133.0,8.0,25.0,3.0,17.0
955.0,955.0,45.0,14.0,19.0,29.0,18.0,30.0
956.0,956.0,9.0,16.0,66.0,19.0,3.0,67.0
957.0,957.0,8.0,9.0,3.0,19.0,78.0,91.0
958.0,958.0,3.0,133.0,61.0,8.0,9.0,91.0
959.0,959.0,130.0,19.0,80.0,14.0,95.0,122.0
960.0,960.0,96.0,NULL,NULL,NULL,NULL,NULL
961.0,961.0,8.0,3.0,9.0,16.0,5.0,92.0
962.0,962.0,150.0,114.0,45.0,138.0,NULL,14.0
963.0,963.0,NULL,NULL,NULL,NULL,NULL,23.0
965.0,965.0,NULL,NULL,NULL,NULL,NULL,51.0
966.0,966.0,8.0,5.0,3.0,49.0,181.0,38.0
967.0,967.0,151.0,3.0,181.0,1.0,NULL,4.0
968.0,968.0,5.0,1.0,120.0,NULL,NULL,NULL
970.0,970.0,14.0,7.0,56.0,9.0,5.0,58.0
971.0,971.0,105.0,234.0,NULL,NULL,NULL,10.0
972.0,972.0,12.0,8.0,16.0,3.0,40.0,61.0
974.0,974.0,50.0,105.0,7.0,22.0,14.0,159.0
975.0,975.0,131.0,116.0,8.0,9.0,159.0,NULL
976.0,976.0,NULL,NULL,NULL,NULL,NULL,39.0
978.0,978.0,76.0,NULL,NULL,NULL,NULL,NULL
980.0,980.0,16.0,8.0,3.0,9.0,19.0,171.0
981.0,981.0,9.0,NULL,NULL,NULL,NULL,8.0
982.0,982.0,16.0,3.0,8.0,9.0,5.0,93.0
983.0,983.0,50.0,21.0,105.0,14.0,178.0,82.0
984.0,984.0,152.0,3.0,16.0,71.0,21.0,20.0
986.0,986.0,144.0,47.0,3.0,16.0,5.0,25.0
987.0,987.0,NULL,NULL,NULL,NULL,NULL,56.0
988.0,988.0,NULL,NULL,NULL,NULL,NULL,62.0
989.0,989.0,3.0,31.0,64.0,13.0,74.0,109.0
990.0,990.0,3.0,66.0,76.0,200.0,NULL,NULL
991.0,991.0,137.0,22.0,14.0,3.0,64.0,162.0
992.0,992.0,45.0,51.0,8.0,19.0,320.0,6.0
993.0,993.0,2.0,235.0,3.0,NULL,NULL,NULL
994.0,994.0,21.0,8.0,16.0,14.0,9.0,123.0
997.0,997.0,3.0,181.0,19.0,131.0,NULL,16.0
998.0,998.0,131.0,15.0,5.0,19.0,82.0,11.0
999.0,999.0,27.0,87.0,31.0,63.0,51.0,44.0
1000.0,1000.0,NULL,NULL,NULL,NULL,NULL,25.0
1002.0,1002.0,147.0,16.0,9.0,18.0,122.0,19.0
1003.0,1003.0,NULL,NULL,NULL,NULL,NULL,83.0
1004.0,1004.0,129.0,22.0,39.0,146.0,3.0,55.0
1007.0,1007.0,8.0,3.0,NULL,NULL,NULL,7.0
1008.0,1008.0,16.0,3.0,133.0,33.0,135.0,22.0
1009.0,1009.0,3.0,NULL,NULL,NULL,NULL,30.0
1011.0,1011.0,8.0,9.0,3.0,16.0,14.0,42.0
1012.0,1012.0,1.0,14.0,50.0,7.0,9.0,103.0
1014.0,1014.0,NULL,NULL,NULL,NULL,NULL,16.0
1015.0,1015.0,NULL,NULL,NULL,NULL,NULL,21.0
1016.0,1016.0,8.0,14.0,16.0,7.0,47.0,15.0
1017.0,1017.0,22.0,3.0,8.0,14.0,50.0,142.0
1018.0,1018.0,138.0,40.0,18.0,139.0,14.0,14.0
1019.0,1019.0,NULL,NULL,NULL,NULL,NULL,118.0
1020.0,1020.0,102.0,131.0,3.0,206.0,16.0,94.0
1022.0,1022.0,47.0,16.0,7.0,9.0,21.0,44.0
1024.0,1024.0,12.0,3.0,231.0,194.0,15.0,105.0
1025.0,1025.0,53.0,107.0,8.0,132.0,NULL,NULL
1026.0,1026.0,NULL,NULL,NULL,NULL,NULL,13.0
1028.0,1028.0,NULL,NULL,NULL,NULL,NULL,27.0
1030.0,1030.0,14.0,8.0,9.0,95.0,3.0,195.0
1031.0,1031.0,153.0,14.0,8.0,3.0,22.0,39.0
1032.0,1032.0,12.0,159.0,102.0,64.0,7.0,146.0
1033.0,1033.0,106.0,236.0,45.0,135.0,114.0,34.0
1034.0,1034.0,109.0,237.0,16.0,47.0,NULL,4.0
1035.0,1035.0,154.0,9.0,3.0,6.0,80.0,82.0
1036.0,1036.0,9.0,3.0,1.0,12.0,50.0,46.0
1037.0,1037.0,8.0,138.0,64.0,9.0,115.0,150.0
1038.0,1038.0,NULL,NULL,NULL,NULL,NULL,30.0
1039.0,1039.0,155.0,146.0,31.0,174.0,14.0,14.0
1040.0,1040.0,6.0,13.0,66.0,82.0,22.0,34.0
1041.0,1041.0,8.0,9.0,16.0,3.0,206.0,109.0
1042.0,1042.0,52.0,124.0,87.0,31.0,9.0,51.0
1043.0,1043.0,9.0,NULL,NULL,NULL,NULL,32.0
1044.0,1044.0,9.0,14.0,77.0,46.0,45.0,NULL
1045.0,1045.0,9.0,19.0,3.0,8.0,43.0,33.0
1046.0,1046.0,14.0,13.0,51.0,9.0,3.0,130.0
1047.0,1047.0,9.0,3.0,105.0,16.0,201.0,72.0
1048.0,1048.0,76.0,55.0,8.0,9.0,115.0,39.0
1049.0,1049.0,37.0,3.0,50.0,9.0,53.0,111.0
1050.0,1050.0,16.0,8.0,22.0,9.0,25.0,128.0
1051.0,1051.0,42.0,16.0,122.0,8.0,19.0,13.0
1052.0,1052.0,3.0,14.0,139.0,8.0,187.0,107.0
1053.0,1053.0,85.0,13.0,98.0,NULL,NULL,34.0
1054.0,1054.0,3.0,105.0,206.0,7.0,31.0,114.0
1055.0,1055.0,42.0,9.0,7.0,105.0,91.0,109.0
1056.0,1056.0,13.0,14.0,3.0,202.0,9.0,136.0
1057.0,1057.0,8.0,3.0,47.0,15.0,9.0,23.0
1058.0,1058.0,78.0,80.0,47.0,5.0,9.0,11.0
1059.0,1059.0,9.0,3.0,8.0,16.0,19.0,127.0
1060.0,1060.0,45.0,40.0,NULL,NULL,NULL,NULL
1061.0,1061.0,8.0,45.0,54.0,14.0,21.0,81.0
1062.0,1062.0,NULL,NULL,NULL,NULL,NULL,9.0
1063.0,1063.0,NULL,NULL,NULL,NULL,NULL,28.0
1064.0,1064.0,16.0,5.0,8.0,129.0,250.0,14.0
1065.0,1065.0,45.0,238.0,273.0,9.0,NULL,71.0
1066.0,1066.0,2.0,NULL,NULL,NULL,NULL,NULL
1067.0,1067.0,NULL,NULL,NULL,NULL,NULL,20.0
1068.0,1068.0,25.0,16.0,3.0,105.0,51.0,11.0
1069.0,1069.0,8.0,16.0,3.0,17.0,42.0,31.0
1070.0,1070.0,25.0,3.0,274.0,128.0,71.0,38.0
1071.0,1071.0,16.0,3.0,27.0,25.0,51.0,12.0
1074.0,1074.0,NULL,NULL,NULL,NULL,NULL,12.0
1076.0,1076.0,NULL,NULL,NULL,NULL,NULL,14.0
1078.0,1078.0,64.0,3.0,105.0,14.0,8.0,113.0
1079.0,1079.0,156.0,213.0,9.0,15.0,NULL,16.0
1080.0,1080.0,3.0,2.0,22.0,105.0,9.0,143.0
1081.0,1081.0,14.0,64.0,13.0,186.0,125.0,110.0
1082.0,1082.0,157.0,19.0,37.0,6.0,31.0,NULL
1083.0,1083.0,5.0,3.0,122.0,25.0,9.0,18.0
1084.0,1084.0,NULL,NULL,NULL,NULL,NULL,30.0
1085.0,1085.0,139.0,239.0,87.0,181.0,8.0,32.0
1086.0,1086.0,144.0,5.0,19.0,NULL,NULL,72.0
1087.0,1087.0,9.0,3.0,8.0,45.0,21.0,148.0
1088.0,1088.0,144.0,8.0,105.0,54.0,66.0,53.0
1089.0,1089.0,1.0,6.0,3.0,201.0,19.0,9.0
1090.0,1090.0,NULL,NULL,NULL,NULL,NULL,38.0
1091.0,1091.0,19.0,8.0,3.0,134.0,99.0,NULL
1093.0,1093.0,158.0,115.0,95.0,47.0,321.0,18.0
1094.0,1094.0,3.0,22.0,139.0,55.0,6.0,24.0
1095.0,1095.0,3.0,50.0,51.0,9.0,40.0,148.0
1096.0,1096.0,9.0,14.0,31.0,3.0,269.0,156.0
1097.0,1097.0,14.0,3.0,107.0,19.0,9.0,110.0
1098.0,1098.0,154.0,NULL,NULL,NULL,NULL,NULL
1099.0,1099.0,5.0,76.0,46.0,7.0,14.0,39.0
1100.0,1100.0,119.0,74.0,8.0,9.0,55.0,91.0
1101.0,1101.0,9.0,240.0,133.0,6.0,174.0,56.0
1102.0,1102.0,9.0,14.0,81.0,8.0,13.0,81.0
1104.0,1104.0,3.0,23.0,50.0,13.0,7.0,106.0
1105.0,1105.0,5.0,8.0,33.0,9.0,43.0,70.0
1106.0,1106.0,107.0,8.0,5.0,3.0,9.0,37.0
1108.0,1108.0,8.0,9.0,16.0,31.0,5.0,18.0
1109.0,1109.0,NULL,NULL,NULL,NULL,NULL,20.0
1110.0,1110.0,3.0,9.0,19.0,8.0,25.0,86.0
1111.0,1111.0,136.0,9.0,3.0,8.0,16.0,133.0
1113.0,1113.0,9.0,8.0,3.0,25.0,14.0,47.0
1114.0,1114.0,3.0,8.0,5.0,25.0,16.0,110.0
1115.0,1115.0,5.0,19.0,NULL,NULL,NULL,66.0
1116.0,1116.0,159.0,17.0,132.0,NULL,NULL,14.0
1117.0,1117.0,159.0,241.0,33.0,239.0,16.0,NULL
1119.0,1119.0,39.0,242.0,118.0,52.0,NULL,16.0
1120.0,1120.0,160.0,54.0,3.0,16.0,301.0,100.0
1124.0,1124.0,NULL,NULL,NULL,NULL,NULL,10.0
1125.0,1125.0,NULL,NULL,NULL,NULL,NULL,39.0
1126.0,1126.0,9.0,5.0,86.0,49.0,15.0,NULL
1127.0,1127.0,3.0,NULL,NULL,NULL,NULL,NULL
1128.0,1128.0,NULL,NULL,NULL,NULL,NULL,9.0
1129.0,1129.0,50.0,5.0,117.0,8.0,7.0,18.0
1131.0,1131.0,NULL,NULL,NULL,NULL,NULL,71.0
1132.0,1132.0,8.0,3.0,9.0,16.0,23.0,93.0
1134.0,1134.0,NULL,NULL,NULL,NULL,NULL,40.0
1138.0,1138.0,8.0,NULL,NULL,NULL,NULL,53.0
1139.0,1139.0,3.0,NULL,NULL,NULL,NULL,14.0
1140.0,1140.0,1.0,3.0,275.0,5.0,9.0,65.0
1141.0,1141.0,8.0,3.0,74.0,25.0,5.0,59.0
1142.0,1142.0,133.0,7.0,9.0,NULL,NULL,3.0
1143.0,1143.0,14.0,NULL,NULL,NULL,NULL,28.0
1144.0,1144.0,NULL,NULL,NULL,NULL,NULL,5.0
1147.0,1147.0,14.0,8.0,276.0,NULL,NULL,20.0
1148.0,1148.0,3.0,9.0,17.0,146.0,8.0,58.0
1149.0,1149.0,21.0,NULL,NULL,NULL,NULL,NULL
1152.0,1152.0,22.0,14.0,18.0,9.0,59.0,100.0
1153.0,1153.0,78.0,67.0,NULL,NULL,NULL,14.0
1154.0,1154.0,8.0,NULL,NULL,NULL,NULL,10.0
1155.0,1155.0,16.0,9.0,8.0,3.0,185.0,116.0
1156.0,1156.0,NULL,NULL,NULL,NULL,NULL,4.0
1157.0,1157.0,8.0,25.0,9.0,137.0,3.0,55.0
1158.0,1158.0,7.0,38.0,82.0,81.0,3.0,NULL
1159.0,1159.0,NULL,NULL,NULL,NULL,NULL,7.0
1160.0,1160.0,9.0,90.0,3.0,53.0,51.0,56.0
1161.0,1161.0,9.0,NULL,NULL,NULL,NULL,28.0
1162.0,1162.0,14.0,96.0,89.0,31.0,238.0,36.0
1163.0,1163.0,NULL,NULL,NULL,NULL,NULL,46.0
1164.0,1164.0,14.0,70.0,26.0,19.0,3.0,74.0
1165.0,1165.0,161.0,22.0,18.0,56.0,11.0,93.0
1166.0,1166.0,7.0,NULL,NULL,NULL,NULL,NULL
1167.0,1167.0,22.0,3.0,9.0,57.0,137.0,92.0
1168.0,1168.0,NULL,NULL,NULL,NULL,NULL,122.0
1169.0,1169.0,162.0,40.0,80.0,26.0,46.0,14.0
1170.0,1170.0,14.0,NULL,NULL,NULL,NULL,23.0
1171.0,1171.0,1.0,12.0,3.0,54.0,85.0,30.0
1172.0,1172.0,2.0,123.0,143.0,221.0,3.0,50.0
1173.0,1173.0,105.0,3.0,14.0,6.0,133.0,118.0
1174.0,1174.0,163.0,3.0,21.0,22.0,81.0,33.0
1176.0,1176.0,9.0,3.0,16.0,5.0,8.0,55.0
1177.0,1177.0,16.0,9.0,3.0,205.0,8.0,24.0
1178.0,1178.0,9.0,87.0,8.0,5.0,4.0,65.0
1179.0,1179.0,NULL,NULL,NULL,NULL,NULL,114.0
1180.0,1180.0,9.0,206.0,6.0,67.0,25.0,62.0
1181.0,1181.0,3.0,206.0,9.0,58.0,16.0,77.0
1182.0,1182.0,103.0,134.0,8.0,119.0,3.0,13.0
1183.0,1183.0,47.0,NULL,NULL,NULL,NULL,NULL
1184.0,1184.0,8.0,25.0,3.0,99.0,9.0,69.0
1185.0,1185.0,164.0,NULL,NULL,NULL,NULL,NULL
1186.0,1186.0,165.0,8.0,1.0,5.0,NULL,NULL
1187.0,1187.0,6.0,82.0,9.0,39.0,8.0,114.0
1188.0,1188.0,17.0,9.0,8.0,16.0,5.0,5.0
1190.0,1190.0,166.0,9.0,3.0,131.0,16.0,37.0
1191.0,1191.0,154.0,3.0,61.0,298.0,NULL,NULL
1193.0,1193.0,NULL,NULL,NULL,NULL,NULL,41.0
1195.0,1195.0,13.0,22.0,14.0,105.0,9.0,98.0
1199.0,1199.0,167.0,4.0,66.0,149.0,19.0,NULL
1202.0,1202.0,NULL,NULL,NULL,NULL,NULL,144.0
1203.0,1203.0,3.0,5.0,8.0,16.0,21.0,41.0
1204.0,1204.0,3.0,25.0,119.0,5.0,115.0,NULL
1206.0,1206.0,168.0,37.0,64.0,48.0,8.0,43.0
1208.0,1208.0,NULL,NULL,NULL,NULL,NULL,85.0
1209.0,1209.0,NULL,NULL,NULL,NULL,NULL,38.0
1210.0,1210.0,87.0,5.0,7.0,47.0,55.0,45.0
1212.0,1212.0,NULL,NULL,NULL,NULL,NULL,92.0
1213.0,1213.0,NULL,NULL,NULL,NULL,NULL,31.0
1214.0,1214.0,45.0,54.0,19.0,8.0,31.0,5.0
1215.0,1215.0,NULL,NULL,NULL,NULL,NULL,14.0
1216.0,1216.0,25.0,45.0,8.0,9.0,3.0,67.0
1218.0,1218.0,3.0,33.0,66.0,125.0,64.0,129.0
1220.0,1220.0,74.0,31.0,13.0,46.0,14.0,157.0
1221.0,1221.0,9.0,25.0,3.0,31.0,5.0,33.0
1222.0,1222.0,3.0,5.0,9.0,8.0,138.0,NULL
1223.0,1223.0,NULL,NULL,NULL,NULL,NULL,100.0
1224.0,1224.0,8.0,14.0,39.0,19.0,33.0,20.0
1225.0,1225.0,153.0,3.0,NULL,NULL,NULL,30.0
1226.0,1226.0,NULL,NULL,NULL,NULL,NULL,49.0
1227.0,1227.0,9.0,107.0,3.0,16.0,8.0,29.0
1228.0,1228.0,NULL,NULL,NULL,NULL,NULL,34.0
1229.0,1229.0,8.0,9.0,19.0,129.0,3.0,94.0
1230.0,1230.0,78.0,243.0,268.0,14.0,9.0,65.0
1231.0,1231.0,1.0,4.0,18.0,NULL,NULL,NULL
1233.0,1233.0,9.0,5.0,144.0,47.0,16.0,53.0
1235.0,1235.0,105.0,13.0,22.0,299.0,5.0,87.0
1236.0,1236.0,21.0,174.0,16.0,NULL,NULL,65.0
1237.0,1237.0,169.0,9.0,3.0,8.0,42.0,66.0
1238.0,1238.0,NULL,NULL,NULL,NULL,NULL,87.0
1239.0,1239.0,NULL,NULL,NULL,NULL,NULL,13.0
1240.0,1240.0,31.0,8.0,14.0,107.0,191.0,37.0
1241.0,1241.0,170.0,9.0,267.0,16.0,322.0,35.0
1245.0,1245.0,48.0,NULL,NULL,NULL,NULL,9.0
1246.0,1246.0,14.0,8.0,5.0,19.0,NULL,167.0
1249.0,1249.0,171.0,25.0,125.0,300.0,33.0,144.0
1251.0,1251.0,3.0,NULL,NULL,NULL,NULL,23.0
1253.0,1253.0,17.0,244.0,277.0,301.0,3.0,90.0
1255.0,1255.0,16.0,19.0,3.0,9.0,46.0,15.0
1256.0,1256.0,18.0,14.0,167.0,66.0,37.0,5.0
1258.0,1258.0,9.0,6.0,67.0,25.0,16.0,10.0
1259.0,1259.0,NULL,NULL,NULL,NULL,NULL,26.0
1260.0,1260.0,9.0,245.0,3.0,302.0,137.0,115.0
1261.0,1261.0,NULL,NULL,NULL,NULL,NULL,16.0
1264.0,1264.0,172.0,246.0,8.0,NULL,NULL,33.0
1265.0,1265.0,48.0,51.0,3.0,NULL,NULL,28.0
1266.0,1266.0,17.0,102.0,14.0,9.0,16.0,129.0
1267.0,1267.0,173.0,13.0,33.0,2.0,14.0,66.0
1268.0,1268.0,103.0,8.0,178.0,3.0,164.0,89.0
1269.0,1269.0,174.0,67.0,22.0,7.0,9.0,134.0
1270.0,1270.0,9.0,13.0,51.0,39.0,119.0,127.0
1271.0,1271.0,14.0,247.0,6.0,NULL,NULL,58.0
1272.0,1272.0,14.0,13.0,8.0,95.0,46.0,45.0
1273.0,1273.0,14.0,26.0,51.0,139.0,3.0,127.0
1275.0,1275.0,16.0,8.0,3.0,14.0,128.0,80.0
1278.0,1278.0,NULL,NULL,NULL,NULL,NULL,24.0
1279.0,1279.0,139.0,16.0,31.0,9.0,3.0,27.0
1280.0,1280.0,9.0,8.0,51.0,6.0,44.0,6.0
1281.0,1281.0,47.0,9.0,14.0,13.0,22.0,126.0
1284.0,1284.0,15.0,21.0,80.0,8.0,206.0,102.0
1285.0,1285.0,89.0,22.0,6.0,NULL,NULL,3.0
1286.0,1286.0,9.0,3.0,85.0,8.0,16.0,112.0
1288.0,1288.0,33.0,14.0,25.0,9.0,206.0,48.0
1289.0,1289.0,9.0,14.0,40.0,25.0,323.0,70.0
1291.0,1291.0,78.0,5.0,44.0,25.0,3.0,20.0
1292.0,1292.0,9.0,46.0,174.0,95.0,105.0,15.0
1294.0,1294.0,175.0,5.0,8.0,9.0,66.0,41.0
1295.0,1295.0,NULL,NULL,NULL,NULL,NULL,48.0
1296.0,1296.0,21.0,3.0,243.0,185.0,8.0,34.0
1298.0,1298.0,NULL,NULL,NULL,NULL,NULL,10.0
1300.0,1300.0,9.0,3.0,25.0,132.0,39.0,NULL
1301.0,1301.0,176.0,9.0,133.0,78.0,294.0,16.0
1304.0,1304.0,22.0,9.0,8.0,16.0,47.0,98.0
1305.0,1305.0,177.0,14.0,9.0,16.0,206.0,14.0
1307.0,1307.0,NULL,NULL,NULL,NULL,NULL,16.0
1308.0,1308.0,16.0,248.0,28.0,110.0,8.0,47.0
1309.0,1309.0,NULL,NULL,NULL,NULL,NULL,30.0
1310.0,1310.0,NULL,NULL,NULL,NULL,NULL,6.0
1311.0,1311.0,16.0,3.0,9.0,7.0,NULL,4.0
1312.0,1312.0,40.0,114.0,16.0,303.0,75.0,44.0
1313.0,1313.0,NULL,NULL,NULL,NULL,NULL,48.0
1314.0,1314.0,16.0,25.0,181.0,5.0,NULL,20.0
1315.0,1315.0,16.0,95.0,87.0,8.0,133.0,5.0
1316.0,1316.0,NULL,NULL,NULL,NULL,NULL,37.0
1317.0,1317.0,NULL,NULL,NULL,NULL,NULL,11.0
1318.0,1318.0,6.0,9.0,58.0,144.0,8.0,78.0
1319.0,1319.0,53.0,6.0,3.0,16.0,324.0,20.0
1320.0,1320.0,NULL,NULL,NULL,NULL,NULL,67.0
1321.0,1321.0,28.0,25.0,64.0,97.0,21.0,53.0
1322.0,1322.0,82.0,14.0,26.0,54.0,NULL,4.0
1323.0,1323.0,NULL,NULL,NULL,NULL,NULL,17.0
1325.0,1325.0,16.0,177.0,9.0,74.0,11.0,25.0
1327.0,1327.0,3.0,NULL,NULL,NULL,NULL,NULL
1330.0,1330.0,14.0,153.0,13.0,206.0,209.0,NULL
1332.0,1332.0,8.0,9.0,143.0,209.0,3.0,33.0
1333.0,1333.0,178.0,138.0,172.0,37.0,51.0,12.0
1334.0,1334.0,NULL,NULL,NULL,NULL,NULL,56.0
1335.0,1335.0,179.0,8.0,86.0,27.0,16.0,42.0
1336.0,1336.0,NULL,NULL,NULL,NULL,NULL,12.0
1337.0,1337.0,NULL,NULL,NULL,NULL,NULL,23.0
1339.0,1339.0,25.0,8.0,3.0,1.0,9.0,54.0
1340.0,1340.0,74.0,9.0,8.0,119.0,15.0,37.0
1341.0,1341.0,8.0,89.0,9.0,3.0,21.0,88.0
1342.0,1342.0,180.0,249.0,82.0,14.0,139.0,18.0
1344.0,1344.0,16.0,131.0,3.0,25.0,9.0,28.0
1345.0,1345.0,16.0,9.0,19.0,49.0,25.0,11.0
1349.0,1349.0,9.0,250.0,5.0,8.0,74.0,123.0
1350.0,1350.0,NULL,NULL,NULL,NULL,NULL,14.0
1351.0,1351.0,61.0,28.0,8.0,304.0,1.0,92.0
1352.0,1352.0,128.0,NULL,NULL,NULL,NULL,NULL
1353.0,1353.0,NULL,NULL,NULL,NULL,NULL,21.0
1354.0,1354.0,2.0,9.0,3.0,105.0,35.0,139.0
1356.0,1356.0,39.0,3.0,45.0,9.0,105.0,20.0
1359.0,1359.0,181.0,3.0,74.0,168.0,47.0,25.0
1360.0,1360.0,55.0,NULL,NULL,NULL,NULL,15.0
1364.0,1364.0,NULL,NULL,NULL,NULL,NULL,45.0
1365.0,1365.0,132.0,16.0,3.0,7.0,9.0,120.0
1366.0,1366.0,8.0,66.0,178.0,150.0,230.0,NULL
1367.0,1367.0,16.0,156.0,2.0,305.0,3.0,5.0
1368.0,1368.0,7.0,22.0,207.0,13.0,217.0,29.0
1370.0,1370.0,5.0,16.0,NULL,NULL,NULL,NULL
1372.0,1372.0,NULL,NULL,NULL,NULL,NULL,15.0
1375.0,1375.0,182.0,NULL,NULL,NULL,NULL,NULL
1377.0,1377.0,3.0,22.0,40.0,9.0,14.0,137.0
1379.0,1379.0,14.0,45.0,33.0,2.0,21.0,74.0
1380.0,1380.0,21.0,42.0,4.0,139.0,NULL,4.0
1381.0,1381.0,183.0,8.0,3.0,9.0,25.0,32.0
1382.0,1382.0,8.0,14.0,12.0,306.0,9.0,15.0
1384.0,1384.0,81.0,3.0,144.0,19.0,5.0,124.0
1385.0,1385.0,NULL,NULL,NULL,NULL,NULL,17.0
1386.0,1386.0,9.0,13.0,7.0,233.0,25.0,113.0
1387.0,1387.0,8.0,64.0,3.0,13.0,14.0,61.0
1388.0,1388.0,NULL,NULL,NULL,NULL,NULL,143.0
1390.0,1390.0,3.0,18.0,13.0,50.0,105.0,96.0
1391.0,1391.0,3.0,25.0,47.0,9.0,31.0,116.0
1392.0,1392.0,74.0,3.0,51.0,14.0,105.0,93.0
1394.0,1394.0,19.0,NULL,NULL,NULL,NULL,24.0
1395.0,1395.0,184.0,51.0,9.0,76.0,16.0,41.0
1396.0,1396.0,16.0,177.0,80.0,17.0,39.0,11.0
1398.0,1398.0,185.0,17.0,5.0,3.0,133.0,NULL
1399.0,1399.0,NULL,NULL,NULL,NULL,NULL,47.0
1400.0,1400.0,16.0,115.0,31.0,1.0,139.0,26.0
1402.0,1402.0,NULL,NULL,NULL,NULL,NULL,28.0
1404.0,1404.0,46.0,9.0,31.0,22.0,14.0,120.0
1405.0,1405.0,137.0,105.0,14.0,31.0,64.0,125.0
1406.0,1406.0,14.0,64.0,221.0,21.0,3.0,151.0
1407.0,1407.0,7.0,25.0,8.0,3.0,31.0,148.0
1408.0,1408.0,9.0,8.0,16.0,3.0,14.0,85.0
1409.0,1409.0,NULL,NULL,NULL,NULL,NULL,12.0
1410.0,1410.0,186.0,5.0,146.0,8.0,9.0,101.0
1411.0,1411.0,5.0,16.0,22.0,14.0,NULL,91.0
1412.0,1412.0,NULL,NULL,NULL,NULL,NULL,28.0
1413.0,1413.0,31.0,251.0,82.0,25.0,42.0,31.0
1414.0,1414.0,66.0,1.0,NULL,NULL,NULL,NULL
1415.0,1415.0,187.0,NULL,NULL,NULL,NULL,NULL
1416.0,1416.0,NULL,NULL,NULL,NULL,NULL,20.0
1417.0,1417.0,NULL,NULL,NULL,NULL,NULL,17.0
1418.0,1418.0,147.0,167.0,51.0,25.0,31.0,72.0
1419.0,1419.0,53.0,8.0,25.0,3.0,21.0,67.0
1420.0,1420.0,NULL,NULL,NULL,NULL,NULL,15.0
1422.0,1422.0,188.0,9.0,177.0,14.0,16.0,70.0
1423.0,1423.0,147.0,3.0,21.0,86.0,44.0,30.0
1424.0,1424.0,14.0,105.0,9.0,3.0,6.0,136.0
1425.0,1425.0,8.0,9.0,75.0,46.0,85.0,29.0
1427.0,1427.0,54.0,67.0,16.0,58.0,47.0,39.0
1428.0,1428.0,19.0,16.0,107.0,9.0,3.0,110.0
1429.0,1429.0,71.0,83.0,200.0,8.0,168.0,16.0
1432.0,1432.0,9.0,31.0,3.0,22.0,14.0,113.0
1433.0,1433.0,11.0,6.0,23.0,3.0,9.0,115.0
1434.0,1434.0,9.0,3.0,8.0,144.0,105.0,73.0
1435.0,1435.0,9.0,13.0,105.0,31.0,42.0,102.0
1436.0,1436.0,189.0,NULL,NULL,NULL,NULL,80.0
1437.0,1437.0,115.0,14.0,3.0,25.0,9.0,93.0
1438.0,1438.0,186.0,NULL,NULL,NULL,NULL,36.0
1439.0,1439.0,NULL,NULL,NULL,NULL,NULL,82.0
1441.0,1441.0,112.0,28.0,21.0,8.0,7.0,67.0
1442.0,1442.0,190.0,186.0,8.0,3.0,206.0,54.0
1443.0,1443.0,8.0,42.0,18.0,NULL,NULL,NULL
1444.0,1444.0,NULL,NULL,NULL,NULL,NULL,30.0
1446.0,1446.0,8.0,3.0,9.0,16.0,53.0,83.0
1447.0,1447.0,191.0,65.0,NULL,NULL,NULL,10.0
1448.0,1448.0,NULL,NULL,NULL,NULL,NULL,54.0
1450.0,1450.0,NULL,NULL,NULL,NULL,NULL,14.0
1451.0,1451.0,9.0,15.0,49.0,8.0,133.0,68.0
1453.0,1453.0,22.0,137.0,7.0,12.0,13.0,167.0
1454.0,1454.0,192.0,206.0,40.0,14.0,150.0,100.0
1456.0,1456.0,95.0,252.0,45.0,9.0,5.0,68.0
1457.0,1457.0,193.0,25.0,122.0,9.0,128.0,8.0
1458.0,1458.0,194.0,8.0,136.0,137.0,40.0,30.0
1459.0,1459.0,16.0,193.0,73.0,119.0,9.0,21.0
1460.0,1460.0,8.0,54.0,167.0,125.0,138.0,12.0
1463.0,1463.0,3.0,253.0,8.0,NULL,NULL,50.0
1464.0,1464.0,NULL,NULL,NULL,NULL,NULL,35.0
1466.0,1466.0,8.0,60.0,237.0,3.0,9.0,20.0
1467.0,1467.0,145.0,3.0,258.0,14.0,21.0,74.0
1469.0,1469.0,NULL,NULL,NULL,NULL,NULL,75.0
1470.0,1470.0,139.0,9.0,8.0,3.0,16.0,103.0
1472.0,1472.0,3.0,NULL,NULL,NULL,NULL,11.0
1473.0,1473.0,9.0,3.0,8.0,225.0,144.0,16.0
1474.0,1474.0,14.0,105.0,31.0,13.0,202.0,79.0
1476.0,1476.0,3.0,85.0,174.0,8.0,105.0,85.0
1477.0,1477.0,11.0,23.0,6.0,3.0,51.0,96.0
1478.0,1478.0,45.0,NULL,NULL,NULL,NULL,NULL
1479.0,1479.0,NULL,NULL,NULL,NULL,NULL,17.0
1480.0,1480.0,144.0,9.0,5.0,131.0,155.0,7.0
1481.0,1481.0,NULL,NULL,NULL,NULL,NULL,43.0
1482.0,1482.0,54.0,14.0,72.0,4.0,NULL,32.0
1484.0,1484.0,7.0,144.0,155.0,224.0,8.0,8.0
1485.0,1485.0,22.0,9.0,8.0,74.0,78.0,16.0
1486.0,1486.0,195.0,80.0,51.0,5.0,128.0,30.0
1487.0,1487.0,16.0,37.0,3.0,36.0,325.0,9.0
1489.0,1489.0,139.0,NULL,NULL,NULL,NULL,NULL
1491.0,1491.0,3.0,16.0,9.0,8.0,129.0,65.0
1492.0,1492.0,3.0,47.0,16.0,14.0,9.0,112.0
1493.0,1493.0,NULL,NULL,NULL,NULL,NULL,14.0
1494.0,1494.0,9.0,8.0,51.0,3.0,213.0,67.0
1495.0,1495.0,NULL,NULL,NULL,NULL,NULL,20.0
1497.0,1497.0,85.0,16.0,3.0,177.0,15.0,30.0
1498.0,1498.0,9.0,254.0,278.0,14.0,8.0,102.0
1499.0,1499.0,9.0,14.0,105.0,25.0,8.0,144.0
1500.0,1500.0,64.0,22.0,7.0,3.0,31.0,141.0
1501.0,1501.0,7.0,197.0,9.0,3.0,74.0,118.0
1503.0,1503.0,6.0,NULL,NULL,NULL,NULL,16.0
1504.0,1504.0,8.0,3.0,9.0,61.0,185.0,11.0
1505.0,1505.0,3.0,174.0,14.0,85.0,8.0,72.0
1507.0,1507.0,2.0,70.0,9.0,105.0,31.0,48.0
1508.0,1508.0,16.0,87.0,9.0,25.0,6.0,126.0
1509.0,1509.0,3.0,8.0,9.0,16.0,129.0,91.0
1511.0,1511.0,196.0,73.0,3.0,17.0,39.0,22.0
1516.0,1516.0,21.0,201.0,275.0,9.0,8.0,61.0
NULL,NULL,NULL,NULL,NULL,NULL,NULL,NULL
NULL,NULL,NULL,NULL,NULL,NULL,NULL,NULL
