gazetteerId,villageInnerId,categoryId,unitId,data
1.0,1.0,3,1,14
3.0,3.0,3,1,15
4.0,4.0,3,1,21.6
5.0,5.0,3,1,12.2
6.0,6.0,3,1,12.7
7.0,7.0,3,1,11.5
8.0,8.0,3,1,15.7
9.0,9.0,3,1,13
10.0,10.0,3,1,NULL
11.0,11.0,3,1,22
12.0,12.0,3,1,NULL
13.0,13.0,3,1,13.7
14.0,14.0,3,1,12
16.0,16.0,3,1,22.4
17.0,17.0,3,1,11.4
18.0,18.0,3,1,11.6
19.0,19.0,3,1,NULL
20.0,20.0,3,1,NULL
21.0,21.0,3,1,NULL
22.0,22.0,3,1,13.2
23.0,23.0,3,1,19.3
24.0,24.0,3,1,22
26.0,26.0,3,1,21.8
29.0,29.0,3,1,NULL
30.0,30.0,3,1,14
31.0,31.0,3,1,13.2
32.0,32.0,3,1,15.5
34.0,34.0,3,1,5.7
35.0,35.0,3,1,21
36.0,36.0,3,1,15.5
37.0,37.0,3,1,13.45
40.0,40.0,3,1,16.7
41.0,41.0,3,1,23.5
42.0,42.0,3,1,16
44.0,44.0,3,1,13.7
45.0,45.0,3,1,NULL
47.0,47.0,3,1,16.18
48.0,48.0,3,1,11.8
49.0,49.0,3,1,16.4
52.0,52.0,3,1,10.25
53.0,53.0,3,1,15.9
54.0,54.0,3,1,13.5
56.0,56.0,3,1,13.5
58.0,58.0,3,1,10
59.0,59.0,3,1,15.6
61.0,61.0,3,1,12
62.0,62.0,3,1,NULL
63.0,63.0,3,1,12
64.0,64.0,3,1,NULL
67.0,67.0,3,1,13
69.0,69.0,3,1,NULL
70.0,70.0,3,1,9
71.0,71.0,3,1,10.7
72.0,72.0,3,1,16
74.0,74.0,3,1,11.8
75.0,75.0,3,1,NULL
76.0,76.0,3,1,11.6
77.0,77.0,3,1,10.2
78.0,78.0,3,1,10.3
80.0,80.0,3,1,NULL
82.0,82.0,3,1,8.1
83.0,83.0,3,1,11
84.0,84.0,3,1,20.1
85.0,85.0,3,1,21.4
87.0,87.0,3,1,NULL
88.0,88.0,3,1,11.9°
91.0,91.0,3,1,14.67
92.0,92.0,3,1,NULL
93.0,93.0,3,1,11.1
94.0,94.0,3,1,NULL
95.0,95.0,3,1,17
96.0,96.0,3,1,11.6
97.0,97.0,3,1,16.6
98.0,98.0,3,1,21
99.0,99.0,3,1,15
100.0,100.0,3,1,NULL
113.0,113.0,3,1,NULL
115.0,115.0,3,1,16.4
116.0,116.0,3,1,16.5
117.0,117.0,3,1,NULL
119.0,119.0,3,1,16.5
121.0,121.0,3,1,NULL
123.0,123.0,3,1,-0.4
124.0,124.0,3,1,5.9
125.0,125.0,3,1,16.8
126.0,126.0,3,1,23.5
127.0,127.0,3,1,5.7
128.0,128.0,3,1,16.2
129.0,129.0,3,1,7.5
130.0,130.0,3,1,NULL
134.0,134.0,3,1,5.6
135.0,135.0,3,1,6.9
136.0,136.0,3,1,25
137.0,137.0,3,1,15.9
138.0,138.0,3,1,NULL
139.0,139.0,3,1,15
140.0,140.0,3,1,17
141.0,141.0,3,1,7
142.0,142.0,3,1,8.6
144.0,144.0,3,1,16
145.0,145.0,3,1,15.9
146.0,146.0,3,1,22
148.0,148.0,3,1,6
149.0,149.0,3,1,NULL
150.0,150.0,3,1,14
151.0,151.0,3,1,12.8
152.0,152.0,3,1,NULL
153.0,153.0,3,1,18.9
154.0,154.0,3,1,15.2
156.0,156.0,3,1,NULL
157.0,157.0,3,1,18.1
158.0,158.0,3,1,17.0
159.0,159.0,3,1,13.3
160.0,160.0,3,1,NULL
161.0,161.0,3,1,16.4
162.0,162.0,3,1,16
164.0,164.0,3,1,1
166.0,166.0,3,1,12
169.0,169.0,3,1,NULL
170.0,170.0,3,1,NULL
171.0,171.0,3,1,16.8
172.0,172.0,3,1,7.8
173.0,173.0,3,1,17.8
174.0,174.0,3,1,18
176.0,176.0,3,1,6.7
177.0,177.0,3,1,20
178.0,178.0,3,1,12.2
180.0,180.0,3,1,3.5
185.0,185.0,3,1,23
186.0,186.0,3,1,15.8
187.0,187.0,3,1,14
189.0,189.0,3,1,11.5
190.0,190.0,3,1,10.7
191.0,191.0,3,1,22.0
193.0,193.0,3,1,22
195.0,195.0,3,1,15
196.0,196.0,3,1,9.7
197.0,197.0,3,1,NULL
198.0,198.0,3,1,9.2
199.0,199.0,3,1,15.5
200.0,200.0,3,1,NULL
201.0,201.0,3,1,15.8
203.0,203.0,3,1,11.8
204.0,204.0,3,1,15.6
205.0,205.0,3,1,17.2
206.0,206.0,3,1,15
207.0,207.0,3,1,16°
208.0,208.0,3,1,15.6
209.0,209.0,3,1,20
210.0,210.0,3,1,15
211.0,211.0,3,1,NULL
212.0,212.0,3,1,16
213.0,213.0,3,1,16.1
214.0,214.0,3,1,16.5
215.0,215.0,3,1,14.1
216.0,216.0,3,1,NULL
217.0,217.0,3,1,20
218.0,218.0,3,1,15.36
219.0,219.0,3,1,10.7
220.0,220.0,3,1,18
221.0,221.0,3,1,16.3
222.0,222.0,3,1,11.3
223.0,223.0,3,1,15.7
224.0,224.0,3,1,11.7
226.0,226.0,3,1,15
227.0,227.0,3,1,11.6
228.0,228.0,3,1,15.5
229.0,229.0,3,1,14.4
230.0,230.0,3,1,15
231.0,231.0,3,1,15
232.0,232.0,3,1,11.7
233.0,233.0,3,1,21
234.0,234.0,3,1,21.9
235.0,235.0,3,1,14.9
236.0,236.0,3,1,11.5
238.0,238.0,3,1,15.98
239.0,239.0,3,1,NULL
243.0,243.0,3,1,NULL
244.0,244.0,3,1,16
245.0,245.0,3,1,17.7
248.0,248.0,3,1,11.6
249.0,249.0,3,1,15.5
251.0,251.0,3,1,10.3
252.0,252.0,3,1,10
253.0,253.0,3,1,NULL
254.0,254.0,3,1,15.5
256.0,256.0,3,1,9
257.0,257.0,3,1,15.5
258.0,258.0,3,1,21
259.0,259.0,3,1,10.4
261.0,261.0,3,1,6.2
262.0,262.0,3,1,22.3
263.0,263.0,3,1,12.5
264.0,264.0,3,1,NULL
265.0,265.0,3,1,12.8
267.0,267.0,3,1,NULL
268.0,268.0,3,1,14.2
270.0,270.0,3,1,15
271.0,271.0,3,1,11.4
272.0,272.0,3,1,13
274.0,274.0,3,1,22.0
275.0,275.0,3,1,NULL
276.0,276.0,3,1,11.1
277.0,277.0,3,1,11.5
278.0,278.0,3,1,18.5
279.0,279.0,3,1,7.2
280.0,280.0,3,1,13.4
281.0,281.0,3,1,6
283.0,283.0,3,1,10
286.0,286.0,3,1,11.7
287.0,287.0,3,1,15.7
289.0,289.0,3,1,19
291.0,291.0,3,1,11.8
292.0,292.0,3,1,13.5
293.0,293.0,3,1,8.8
294.0,294.0,3,1,13.3
297.0,297.0,3,1,NULL
299.0,299.0,3,1,7
300.0,300.0,3,1,13.2
302.0,302.0,3,1,12
303.0,303.0,3,1,8.3
304.0,304.0,3,1,20
305.0,305.0,3,1,14
306.0,306.0,3,1,16
307.0,307.0,3,1,14.2
309.0,309.0,3,1,15.7
310.0,310.0,3,1,13
313.0,313.0,3,1,13
314.0,314.0,3,1,20.5
315.0,315.0,3,1,14.2
316.0,316.0,3,1,14.2
317.0,317.0,3,1,1.4
319.0,319.0,3,1,14.3
321.0,321.0,3,1,16
322.0,322.0,3,1,20
323.0,323.0,3,1,14
325.0,325.0,3,1,13.3
327.0,327.0,3,1,7.8
329.0,329.0,3,1,10.3
330.0,330.0,3,1,8.4
333.0,333.0,3,1,14
335.0,335.0,3,1,12.6
336.0,336.0,3,1,10.7
337.0,337.0,3,1,15.2
338.0,338.0,3,1,14.4
340.0,340.0,3,1,14.3
341.0,341.0,3,1,10.3
342.0,342.0,3,1,NULL
343.0,343.0,3,1,10.2
344.0,344.0,3,1,NULL
346.0,346.0,3,1,14
347.0,347.0,3,1,11.8
348.0,348.0,3,1,16
349.0,349.0,3,1,NULL
350.0,350.0,3,1,15
351.0,351.0,3,1,NULL
352.0,352.0,3,1,16.6
353.0,353.0,3,1,10
354.0,354.0,3,1,17.4
355.0,355.0,3,1,13.1
356.0,356.0,3,1,NULL
357.0,357.0,3,1,11.2
358.0,358.0,3,1,10.7
359.0,359.0,3,1,22
360.0,360.0,3,1,21.9
361.0,361.0,3,1,22
363.0,363.0,3,1,21.8
365.0,365.0,3,1,21.7
366.0,366.0,3,1,14
367.0,367.0,3,1,15
368.0,368.0,3,1,22
369.0,369.0,3,1,14
370.0,370.0,3,1,14.5
371.0,371.0,3,1,15.2
372.0,372.0,3,1,14.4
373.0,373.0,3,1,15.4
374.0,374.0,3,1,16.4
375.0,375.0,3,1,15.5
377.0,377.0,3,1,13
378.0,378.0,3,1,NULL
380.0,380.0,3,1,10
381.0,381.0,3,1,12.3
382.0,382.0,3,1,21.4
383.0,383.0,3,1,14.2
386.0,386.0,3,1,9
387.0,387.0,3,1,24
388.0,388.0,3,1,NULL
390.0,390.0,3,1,NULL
391.0,391.0,3,1,15
392.0,392.0,3,1,NULL
393.0,393.0,3,1,11.6
394.0,394.0,3,1,21
396.0,396.0,3,1,20.5
397.0,397.0,3,1,13.5
398.0,398.0,3,1,8
400.0,400.0,3,1,18.9
401.0,401.0,3,1,13.4
402.0,402.0,3,1,15.4
404.0,404.0,3,1,17.2
405.0,405.0,3,1,9.0
406.0,406.0,3,1,14
407.0,407.0,3,1,14.3
408.0,408.0,3,1,12
409.0,409.0,3,1,13
411.0,411.0,3,1,20
412.0,412.0,3,1,12.4
413.0,413.0,3,1,4
414.0,414.0,3,1,NULL
415.0,415.0,3,1,12.4
416.0,416.0,3,1,16
417.0,417.0,3,1,21.6
418.0,418.0,3,1,21.6
419.0,419.0,3,1,14.2
420.0,420.0,3,1,15
421.0,421.0,3,1,19.8
422.0,422.0,3,1,11.7
423.0,423.0,3,1,13
424.0,424.0,3,1,12.9
425.0,425.0,3,1,15.4
427.0,427.0,3,1,18
428.0,428.0,3,1,NULL
429.0,429.0,3,1,21.6
431.0,431.0,3,1,10.3
432.0,432.0,3,1,14
433.0,433.0,3,1,13.1
434.0,434.0,3,1,10.5
435.0,435.0,3,1,11.1
436.0,436.0,3,1,22.0
437.0,437.0,3,1,4
438.0,438.0,3,1,15.8
439.0,439.0,3,1,11.7
441.0,441.0,3,1,14
442.0,442.0,3,1,10.4
443.0,443.0,3,1,9
444.0,444.0,3,1,15.5
445.0,445.0,3,1,16.3
447.0,447.0,3,1,NULL
448.0,448.0,3,1,13.8
449.0,449.0,3,1,12.9
450.0,450.0,3,1,9
451.0,451.0,3,1,22.4
452.0,452.0,3,1,20.3
453.0,453.0,3,1,12.3
456.0,456.0,3,1,25
457.0,457.0,3,1,12.5
458.0,458.0,3,1,15
459.0,459.0,3,1,13
460.0,460.0,3,1,NULL
462.0,462.0,3,1,21.7
463.0,463.0,3,1,17.8
464.0,464.0,3,1,18
465.0,465.0,3,1,17
468.0,468.0,3,1,8.8
470.0,470.0,3,1,21.6
471.0,471.0,3,1,9.8
474.0,474.0,3,1,6.7
476.0,476.0,3,1,18.6
477.0,477.0,3,1,13.4
478.0,478.0,3,1,14.6
479.0,479.0,3,1,8.8
481.0,481.0,3,1,NULL
482.0,482.0,3,1,16
483.0,483.0,3,1,15.9
484.0,484.0,3,1,10
485.0,485.0,3,1,16.8
486.0,486.0,3,1,8.3
488.0,488.0,3,1,12.7
489.0,489.0,3,1,14.2
490.0,490.0,3,1,26.6
491.0,491.0,3,1,NULL
492.0,492.0,3,1,7
493.0,493.0,3,1,NULL
494.0,494.0,3,1,12.4
496.0,496.0,3,1,21.8
497.0,497.0,3,1,15.5
498.0,498.0,3,1,3
499.0,499.0,3,1,16.2
501.0,501.0,3,1,19.5
502.0,502.0,3,1,13.2
503.0,503.0,3,1,NULL
504.0,504.0,3,1,12.5
505.0,505.0,3,1,17
506.0,506.0,3,1,21.8
507.0,507.0,3,1,16.2
508.0,508.0,3,1,13.5
509.0,509.0,3,1,14.6
510.0,510.0,3,1,15
511.0,511.0,3,1,NULL
512.0,512.0,3,1,14.3
513.0,513.0,3,1,17.0
514.0,514.0,3,1,12.4
516.0,516.0,3,1,15
517.0,517.0,3,1,14.2
519.0,519.0,3,1,13.2
520.0,520.0,3,1,10.25
521.0,521.0,3,1,21
522.0,522.0,3,1,14.2
523.0,523.0,3,1,-2
524.0,524.0,3,1,17
525.0,525.0,3,1,3.4
526.0,526.0,3,1,18.2
527.0,527.0,3,1,18
528.0,528.0,3,1,NULL
529.0,529.0,3,1,14.2
530.0,530.0,3,1,19.5
531.0,531.0,3,1,17
532.0,532.0,3,1,16
533.0,533.0,3,1,16.1
534.0,534.0,3,1,14.8
535.0,535.0,3,1,14
536.0,536.0,3,1,12
538.0,538.0,3,1,15
540.0,540.0,3,1,17.2
541.0,541.0,3,1,16.1
542.0,542.0,3,1,17
544.0,544.0,3,1,16
545.0,545.0,3,1,NULL
546.0,546.0,3,1,11.6
547.0,547.0,3,1,16
548.0,548.0,3,1,NULL
549.0,549.0,3,1,NULL
550.0,550.0,3,1,16.4
552.0,552.0,3,1,16
553.0,553.0,3,1,22
554.0,554.0,3,1,14.4
555.0,555.0,3,1,17
557.0,557.0,3,1,17.45
558.0,558.0,3,1,16.7
559.0,559.0,3,1,16.8
560.0,560.0,3,1,14.7
561.0,561.0,3,1,NULL
562.0,562.0,3,1,16.3
564.0,564.0,3,1,17
565.0,565.0,3,1,11.6
566.0,566.0,3,1,7.6
567.0,567.0,3,1,16.9
568.0,568.0,3,1,23.7
569.0,569.0,3,1,16.4
570.0,570.0,3,1,16.8
571.0,571.0,3,1,15.1
572.0,572.0,3,1,15.8
573.0,573.0,3,1,18
574.0,574.0,3,1,16
575.0,575.0,3,1,NULL
576.0,576.0,3,1,NULL
577.0,577.0,3,1,16.5
578.0,578.0,3,1,17
580.0,580.0,3,1,12
581.0,581.0,3,1,16
582.0,582.0,3,1,13
584.0,584.0,3,1,19
585.0,585.0,3,1,20
586.0,586.0,3,1,16.3
587.0,587.0,3,1,17.4
588.0,588.0,3,1,18.1
589.0,589.0,3,1,17.1
590.0,590.0,3,1,17.2
591.0,591.0,3,1,15.45
592.0,592.0,3,1,NULL
593.0,593.0,3,1,14
594.0,594.0,3,1,12.3
595.0,595.0,3,1,15
596.0,596.0,3,1,NULL
597.0,597.0,3,1,17.1
598.0,598.0,3,1,17.2
599.0,599.0,3,1,17
600.0,600.0,3,1,17
601.0,601.0,3,1,16.3
602.0,602.0,3,1,16
604.0,604.0,3,1,16.6
605.0,605.0,3,1,NULL
606.0,606.0,3,1,NULL
607.0,607.0,3,1,10
608.0,608.0,3,1,10
609.0,609.0,3,1,15.5
611.0,611.0,3,1,15.5
612.0,612.0,3,1,14.5
613.0,613.0,3,1,15.1
614.0,614.0,3,1,NULL
615.0,615.0,3,1,7
616.0,616.0,3,1,7.5
617.0,617.0,3,1,9
618.0,618.0,3,1,14.4
620.0,620.0,3,1,16
621.0,621.0,3,1,15.8
624.0,624.0,3,1,9
625.0,625.0,3,1,NULL
626.0,626.0,3,1,17.8
627.0,627.0,3,1,NULL
630.0,630.0,3,1,NULL
631.0,631.0,3,1,NULL
633.0,633.0,3,1,NULL
635.0,635.0,3,1,13.5
636.0,636.0,3,1,17
637.0,637.0,3,1,13.3
639.0,639.0,3,1,10
640.0,640.0,3,1,NULL
641.0,641.0,3,1,15.5
642.0,642.0,3,1,20
643.0,643.0,3,1,12.98
644.0,644.0,3,1,16.1
645.0,645.0,3,1,14.7
646.0,646.0,3,1,12.6
647.0,647.0,3,1,15
648.0,648.0,3,1,14.5
650.0,650.0,3,1,16.5
651.0,651.0,3,1,NULL
652.0,652.0,3,1,22
653.0,653.0,3,1,17.5
654.0,654.0,3,1,14.5
655.0,655.0,3,1,16
656.0,656.0,3,1,11.5
658.0,658.0,3,1,16.5
659.0,659.0,3,1,18.2
660.0,660.0,3,1,14.7
663.0,663.0,3,1,12.9
664.0,664.0,3,1,NULL
666.0,666.0,3,1,16.7
667.0,667.0,3,1,6.7
668.0,668.0,3,1,13.3
671.0,671.0,3,1,7
672.0,672.0,3,1,NULL
674.0,674.0,3,1,16.1
675.0,675.0,3,1,19.1
676.0,676.0,3,1,NULL
677.0,677.0,3,1,13.4
678.0,678.0,3,1,13.4
682.0,682.0,3,1,NULL
683.0,683.0,3,1,NULL
684.0,684.0,3,1,13
685.0,685.0,3,1,14.2
686.0,686.0,3,1,14.4
687.0,687.0,3,1,8.6
688.0,688.0,3,1,NULL
690.0,690.0,3,1,10.3
691.0,691.0,3,1,11.5
692.0,692.0,3,1,6.6
693.0,693.0,3,1,12.8
694.0,694.0,3,1,13.2
695.0,695.0,3,1,11.3
696.0,696.0,3,1,11.9
697.0,697.0,3,1,NULL
698.0,698.0,3,1,NULL
699.0,699.0,3,1,14.5
700.0,700.0,3,1,15.5
701.0,701.0,3,1,18
702.0,702.0,3,1,12
703.0,703.0,3,1,15.5
704.0,704.0,3,1,14.2
705.0,705.0,3,1,NULL
706.0,706.0,3,1,13
707.0,707.0,3,1,15.4
708.0,708.0,3,1,15.1
709.0,709.0,3,1,16.1
710.0,710.0,3,1,16.3
711.0,711.0,3,1,13.4
712.0,712.0,3,1,11.3
713.0,713.0,3,1,11.8
714.0,714.0,3,1,19.7
715.0,715.0,3,1,11.8
716.0,716.0,3,1,20
718.0,718.0,3,1,NULL
719.0,719.0,3,1,NULL
720.0,720.0,3,1,9.1
722.0,722.0,3,1,16.9
723.0,723.0,3,1,13.8
724.0,724.0,3,1,13
725.0,725.0,3,1,11
726.0,726.0,3,1,NULL
728.0,728.0,3,1,13.8
729.0,729.0,3,1,15.5
731.0,731.0,3,1,9
732.0,732.0,3,1,18.4
733.0,733.0,3,1,15
734.0,734.0,3,1,20
735.0,735.0,3,1,15.2
736.0,736.0,3,1,11.8
738.0,738.0,3,1,10
741.0,741.0,3,1,13.3
743.0,743.0,3,1,NULL
746.0,746.0,3,1,20
747.0,747.0,3,1,NULL
748.0,748.0,3,1,16.8
749.0,749.0,3,1,15.3
750.0,750.0,3,1,18
751.0,751.0,3,1,13.8
752.0,752.0,3,1,NULL
753.0,753.0,3,1,16.6
754.0,754.0,3,1,14.8
755.0,755.0,3,1,16
756.0,756.0,3,1,12
757.0,757.0,3,1,11.4
758.0,758.0,3,1,9
759.0,759.0,3,1,NULL
760.0,760.0,3,1,NULL
764.0,764.0,3,1,15.5
765.0,765.0,3,1,16.6
766.0,766.0,3,1,15
768.0,768.0,3,1,17
770.0,770.0,3,1,21.8
772.0,772.0,3,1,16
773.0,773.0,3,1,NULL
774.0,774.0,3,1,NULL
775.0,775.0,3,1,12
776.0,776.0,3,1,NULL
777.0,777.0,3,1,12.5
778.0,778.0,3,1,9.7
780.0,780.0,3,1,9.8
781.0,781.0,3,1,13.4
782.0,782.0,3,1,12.6
783.0,783.0,3,1,11.3
784.0,784.0,3,1,21
785.0,785.0,3,1,11
786.0,786.0,3,1,20
787.0,787.0,3,1,19.8
789.0,789.0,3,1,19.30
790.0,790.0,3,1,15.7
791.0,791.0,3,1,16.2
792.0,792.0,3,1,10
793.0,793.0,3,1,11.3
794.0,794.0,3,1,NULL
796.0,796.0,3,1,9.7
798.0,798.0,3,1,22
799.0,799.0,3,1,11
800.0,800.0,3,1,22
801.0,801.0,3,1,15.5
802.0,802.0,3,1,NULL
803.0,803.0,3,1,13
804.0,804.0,3,1,NULL
809.0,809.0,3,1,9
810.0,810.0,3,1,13
811.0,811.0,3,1,12.9
812.0,812.0,3,1,15
813.0,813.0,3,1,14.2
814.0,814.0,3,1,14.7
815.0,815.0,3,1,15
816.0,816.0,3,1,14.4
818.0,818.0,3,1,15
819.0,819.0,3,1,13.9
820.0,820.0,3,1,16
822.0,822.0,3,1,13.4
823.0,823.0,3,1,15
824.0,824.0,3,1,12.1
825.0,825.0,3,1,20
826.0,826.0,3,1,13.1
827.0,827.0,3,1,15.5
828.0,828.0,3,1,12.9
829.0,829.0,3,1,22
831.0,831.0,3,1,15.2
832.0,832.0,3,1,14.3
835.0,835.0,3,1,13.6
839.0,839.0,3,1,17.5
840.0,840.0,3,1,22.2
842.0,842.0,3,1,NULL
843.0,843.0,3,1,15.4
844.0,844.0,3,1,22
846.0,846.0,3,1,8
847.0,847.0,3,1,10
849.0,849.0,3,1,NULL
852.0,852.0,3,1,13.5
853.0,853.0,3,1,NULL
854.0,854.0,3,1,21.7
856.0,856.0,3,1,11.8
859.0,859.0,3,1,12.8
862.0,862.0,3,1,12.5
863.0,863.0,3,1,15
864.0,864.0,3,1,6
865.0,865.0,3,1,8.8
866.0,866.0,3,1,13.5
868.0,868.0,3,1,17.2
869.0,869.0,3,1,8
870.0,870.0,3,1,9.9
871.0,871.0,3,1,NULL
873.0,873.0,3,1,16
875.0,875.0,3,1,14.7
876.0,876.0,3,1,12.6
878.0,878.0,3,1,15.2
879.0,879.0,3,1,15.8
881.0,881.0,3,1,16.6
883.0,883.0,3,1,NULL
884.0,884.0,3,1,10
885.0,885.0,3,1,NULL
886.0,886.0,3,1,15.5
887.0,887.0,3,1,16.2
888.0,888.0,3,1,10
889.0,889.0,3,1,14.2
890.0,890.0,3,1,13.4
893.0,893.0,3,1,16.6
895.0,895.0,3,1,NULL
897.0,897.0,3,1,15.6
899.0,899.0,3,1,16.7
900.0,900.0,3,1,16.2
901.0,901.0,3,1,15
902.0,902.0,3,1,10
903.0,903.0,3,1,22
904.0,904.0,3,1,NULL
905.0,905.0,3,1,12.2
907.0,907.0,3,1,4
908.0,908.0,3,1,20.5
909.0,909.0,3,1,12.3
910.0,910.0,3,1,14
911.0,911.0,3,1,NULL
913.0,913.0,3,1,11.5
914.0,914.0,3,1,13.1
915.0,915.0,3,1,12.2
916.0,916.0,3,1,17.6
918.0,918.0,3,1,NULL
920.0,920.0,3,1,15.8
921.0,921.0,3,1,22
922.0,922.0,3,1,16.5
923.0,923.0,3,1,13.4
924.0,924.0,3,1,13.8
925.0,925.0,3,1,13
926.0,926.0,3,1,NULL
927.0,927.0,3,1,16.1
929.0,929.0,3,1,NULL
930.0,930.0,3,1,NULL
931.0,931.0,3,1,12.1
934.0,934.0,3,1,13.1
935.0,935.0,3,1,11.5
936.0,936.0,3,1,15.5
938.0,938.0,3,1,21.3
939.0,939.0,3,1,13.6
940.0,940.0,3,1,13.6
941.0,941.0,3,1,15.36
942.0,942.0,3,1,11
943.0,943.0,3,1,10
944.0,944.0,3,1,7.5
945.0,945.0,3,1,10.6
946.0,946.0,3,1,15
947.0,947.0,3,1,NULL
949.0,949.0,3,1,13
950.0,950.0,3,1,13
951.0,951.0,3,1,11.8
952.0,952.0,3,1,9
953.0,953.0,3,1,21
954.0,954.0,3,1,13.4
955.0,955.0,3,1,22
956.0,956.0,3,1,9
958.0,958.0,3,1,8.6
959.0,959.0,3,1,21.9
960.0,960.0,3,1,21
961.0,961.0,3,1,12.8
962.0,962.0,3,1,21.8
964.0,964.0,3,1,9.7
965.0,965.0,3,1,15.5
966.0,966.0,3,1,9.8
967.0,967.0,3,1,13.2
968.0,968.0,3,1,11.6
972.0,972.0,3,1,10
974.0,974.0,3,1,16
975.0,975.0,3,1,NULL
976.0,976.0,3,1,14
977.0,977.0,3,1,13.3
978.0,978.0,3,1,11.3
979.0,979.0,3,1,NULL
980.0,980.0,3,1,NULL
981.0,981.0,3,1,12.9
982.0,982.0,3,1,11.7
983.0,983.0,3,1,16.1
984.0,984.0,3,1,NULL
986.0,986.0,3,1,NULL
987.0,987.0,3,1,15
988.0,988.0,3,1,14
989.0,989.0,3,1,NULL
990.0,990.0,3,1,12.8
991.0,991.0,3,1,16.0
993.0,993.0,3,1,19.6
994.0,994.0,3,1,17
996.0,996.0,3,1,17
997.0,997.0,3,1,14
998.0,998.0,3,1,12.3
999.0,999.0,3,1,16
1000.0,1000.0,3,1,14.2
1002.0,1002.0,3,1,NULL
1003.0,1003.0,3,1,14
1005.0,1005.0,3,1,16.2
1006.0,1006.0,3,1,17.9
1007.0,1007.0,3,1,NULL
1008.0,1008.0,3,1,10
1009.0,1009.0,3,1,14.2
1010.0,1010.0,3,1,NULL
1011.0,1011.0,3,1,NULL
1014.0,1014.0,3,1,16
1015.0,1015.0,3,1,14.3
1016.0,1016.0,3,1,NULL
1017.0,1017.0,3,1,16
1018.0,1018.0,3,1,NULL
1019.0,1019.0,3,1,12.9
1020.0,1020.0,3,1,13.4
1022.0,1022.0,3,1,13.9
1027.0,1027.0,3,1,NULL
1031.0,1031.0,3,1,NULL
1032.0,1032.0,3,1,16.37
1033.0,1033.0,3,1,21.9
1036.0,1036.0,3,1,16.7
1037.0,1037.0,3,1,16.5
1038.0,1038.0,3,1,12
1041.0,1041.0,3,1,NULL
1043.0,1043.0,3,1,11.3
1044.0,1044.0,3,1,22.3
1045.0,1045.0,3,1,10
1046.0,1046.0,3,1,16.7
1047.0,1047.0,3,1,10.2
1048.0,1048.0,3,1,12.6
1049.0,1049.0,3,1,16.7
1050.0,1050.0,3,1,11
1051.0,1051.0,3,1,NULL
1053.0,1053.0,3,1,11.8
1055.0,1055.0,3,1,15.1
1056.0,1056.0,3,1,15.5
1057.0,1057.0,3,1,9.8
1058.0,1058.0,3,1,12.7
1059.0,1059.0,3,1,8
1060.0,1060.0,3,1,21.8
1061.0,1061.0,3,1,21.7
1062.0,1062.0,3,1,11
1063.0,1063.0,3,1,9.8
1064.0,1064.0,3,1,13.9
1065.0,1065.0,3,1,13.1
1066.0,1066.0,3,1,22
1067.0,1067.0,3,1,13.5
1069.0,1069.0,3,1,NULL
1070.0,1070.0,3,1,20.5
1074.0,1074.0,3,1,NULL
1075.0,1075.0,3,1,NULL
1076.0,1076.0,3,1,12.5
1077.0,1077.0,3,1,20
1079.0,1079.0,3,1,14
1081.0,1081.0,3,1,16.5
1082.0,1082.0,3,1,14.2
1084.0,1084.0,3,1,13.4
1085.0,1085.0,3,1,14.8
1086.0,1086.0,3,1,12.5
1087.0,1087.0,3,1,10
1089.0,1089.0,3,1,12.9
1090.0,1090.0,3,1,12.4
1091.0,1091.0,3,1,14.3
1093.0,1093.0,3,1,13.6
1095.0,1095.0,3,1,15.4
1096.0,1096.0,3,1,15.7
1097.0,1097.0,3,1,14.3
1098.0,1098.0,3,1,12.3
1099.0,1099.0,3,1,15.2
1100.0,1100.0,3,1,12.5
1101.0,1101.0,3,1,12.2
1102.0,1102.0,3,1,15.8
1103.0,1103.0,3,1,14.5
1104.0,1104.0,3,1,15.4
1105.0,1105.0,3,1,NULL
1106.0,1106.0,3,1,9.2
1107.0,1107.0,3,1,10
1108.0,1108.0,3,1,8.7
1109.0,1109.0,3,1,7
1110.0,1110.0,3,1,10.5
1112.0,1112.0,3,1,10.3
1113.0,1113.0,3,1,10.72
1114.0,1114.0,3,1,5
1116.0,1116.0,3,1,13.5
1117.0,1117.0,3,1,13.9
1119.0,1119.0,3,1,11.4
1120.0,1120.0,3,1,NULL
1124.0,1124.0,3,1,11.6
1125.0,1125.0,3,1,NULL
1131.0,1131.0,3,1,15.5
1132.0,1132.0,3,1,NULL
1133.0,1133.0,3,1,NULL
1134.0,1134.0,3,1,9
1136.0,1136.0,3,1,16.2
1137.0,1137.0,3,1,9.9
1138.0,1138.0,3,1,21.8
1140.0,1140.0,3,1,14.4
1141.0,1141.0,3,1,11
1142.0,1142.0,3,1,11.6
1143.0,1143.0,3,1,13.9
1145.0,1145.0,3,1,9
1146.0,1146.0,3,1,10.2
1148.0,1148.0,3,1,9.8
1151.0,1151.0,3,1,15
1154.0,1154.0,3,1,14.2
1155.0,1155.0,3,1,10.61
1156.0,1156.0,3,1,20
1158.0,1158.0,3,1,11.6
1159.0,1159.0,3,1,12.5
1160.0,1160.0,3,1,15.8
1161.0,1161.0,3,1,NULL
1163.0,1163.0,3,1,13.4
1164.0,1164.0,3,1,17.6
1165.0,1165.0,3,1,16
1166.0,1166.0,3,1,16.7
1167.0,1167.0,3,1,16.6
1168.0,1168.0,3,1,16
1169.0,1169.0,3,1,16.2
1170.0,1170.0,3,1,NULL
1171.0,1171.0,3,1,12.10
1172.0,1172.0,3,1,15.8
1173.0,1173.0,3,1,16.2
1175.0,1175.0,3,1,16
1176.0,1176.0,3,1,11
1177.0,1177.0,3,1,12.7
1178.0,1178.0,3,1,13
1179.0,1179.0,3,1,NULL
1180.0,1180.0,3,1,12
1181.0,1181.0,3,1,13.3
1182.0,1182.0,3,1,11.4
1183.0,1183.0,3,1,9
1185.0,1185.0,3,1,12
1187.0,1187.0,3,1,13.4
1188.0,1188.0,3,1,11.8
1191.0,1191.0,3,1,11.8
1192.0,1192.0,3,1,13
1195.0,1195.0,3,1,16.5
1196.0,1196.0,3,1,NULL
1197.0,1197.0,3,1,11.8
1198.0,1198.0,3,1,11.8
1199.0,1199.0,3,1,11.4
1200.0,1200.0,3,1,11.8
1201.0,1201.0,3,1,3.4
1202.0,1202.0,3,1,NULL
1203.0,1203.0,3,1,17.9
1205.0,1205.0,3,1,9.8
1206.0,1206.0,3,1,16
1208.0,1208.0,3,1,NULL
1209.0,1209.0,3,1,11.40
1210.0,1210.0,3,1,NULL
1213.0,1213.0,3,1,13.9
1214.0,1214.0,3,1,19.9
1215.0,1215.0,3,1,NULL
1216.0,1216.0,3,1,18
1218.0,1218.0,3,1,15.7
1219.0,1219.0,3,1,10.2
1220.0,1220.0,3,1,16.4
1221.0,1221.0,3,1,NULL
1222.0,1222.0,3,1,NULL
1223.0,1223.0,3,1,15.1
1224.0,1224.0,3,1,15
1225.0,1225.0,3,1,14.3
1228.0,1228.0,3,1,12.5
1230.0,1230.0,3,1,9.7
1231.0,1231.0,3,1,16.9
1233.0,1233.0,3,1,12
1234.0,1234.0,3,1,20
1235.0,1235.0,3,1,16.1
1236.0,1236.0,3,1,14.3
1238.0,1238.0,3,1,16
1239.0,1239.0,3,1,13.2
1240.0,1240.0,3,1,4.8
1241.0,1241.0,3,1,14.9
1245.0,1245.0,3,1,19
1246.0,1246.0,3,1,NULL
1247.0,1247.0,3,1,21
1248.0,1248.0,3,1,NULL
1249.0,1249.0,3,1,15.7
1251.0,1251.0,3,1,2.6
1252.0,1252.0,3,1,NULL
1254.0,1254.0,3,1,13.6
1255.0,1255.0,3,1,12.3
1256.0,1256.0,3,1,22
1257.0,1257.0,3,1,13.5
1258.0,1258.0,3,1,NULL
1259.0,1259.0,3,1,5.9
1261.0,1261.0,3,1,NULL
1262.0,1262.0,3,1,14.9
1264.0,1264.0,3,1,21.9
1267.0,1267.0,3,1,16
1268.0,1268.0,3,1,16.9
1269.0,1269.0,3,1,17
1271.0,1271.0,3,1,16.7
1272.0,1272.0,3,1,16.5
1277.0,1277.0,3,1,11.9
1278.0,1278.0,3,1,12.6
1279.0,1279.0,3,1,NULL
1280.0,1280.0,3,1,12.4
1281.0,1281.0,3,1,16
1282.0,1282.0,3,1,14.4
1284.0,1284.0,3,1,15.5
1285.0,1285.0,3,1,13.5
1286.0,1286.0,3,1,12.1
1288.0,1288.0,3,1,14.4
1289.0,1289.0,3,1,16.2
1292.0,1292.0,3,1,14.5
1293.0,1293.0,3,1,13.4
1295.0,1295.0,3,1,16.5
1299.0,1299.0,3,1,13.8
1300.0,1300.0,3,1,14.3
1302.0,1302.0,3,1,14.2
1303.0,1303.0,3,1,14.4
1304.0,1304.0,3,1,13.6
1308.0,1308.0,3,1,12.7
1309.0,1309.0,3,1,NULL
1311.0,1311.0,3,1,12.4
1312.0,1312.0,3,1,11.5
1313.0,1313.0,3,1,11.6
1314.0,1314.0,3,1,12.4
1315.0,1315.0,3,1,11.8
1317.0,1317.0,3,1,12.7
1318.0,1318.0,3,1,11.7
1319.0,1319.0,3,1,11.8
1320.0,1320.0,3,1,12.9
1321.0,1321.0,3,1,21
1322.0,1322.0,3,1,21.5
1324.0,1324.0,3,1,7.8
1325.0,1325.0,3,1,NULL
1326.0,1326.0,3,1,12.4
1329.0,1329.0,3,1,22
1330.0,1330.0,3,1,NULL
1331.0,1331.0,3,1,24.1
1332.0,1332.0,3,1,12.2
1333.0,1333.0,3,1,20
1334.0,1334.0,3,1,12.5
1335.0,1335.0,3,1,14.6
1337.0,1337.0,3,1,14
1338.0,1338.0,3,1,15.27
1339.0,1339.0,3,1,NULL
1340.0,1340.0,3,1,12.5
1341.0,1341.0,3,1,13.4
1342.0,1342.0,3,1,12.4
1343.0,1343.0,3,1,11
1344.0,1344.0,3,1,14.2
1345.0,1345.0,3,1,NULL
1349.0,1349.0,3,1,13.3
1350.0,1350.0,3,1,NULL
1351.0,1351.0,3,1,21
1352.0,1352.0,3,1,11.8
1354.0,1354.0,3,1,16
1355.0,1355.0,3,1,22.4
1356.0,1356.0,3,1,13.9
1358.0,1358.0,3,1,11.8
1359.0,1359.0,3,1,13.3
1360.0,1360.0,3,1,13
1362.0,1362.0,3,1,11.6
1365.0,1365.0,3,1,14.3
1368.0,1368.0,3,1,15.7
1370.0,1370.0,3,1,11.5
1371.0,1371.0,3,1,12
1373.0,1373.0,3,1,12.2
1374.0,1374.0,3,1,11.4
1375.0,1375.0,3,1,11.6
1376.0,1376.0,3,1,15.8
1377.0,1377.0,3,1,15.1
1378.0,1378.0,3,1,NULL
1381.0,1381.0,3,1,14
1382.0,1382.0,3,1,12.8
1383.0,1383.0,3,1,14.3
1385.0,1385.0,3,1,14
1386.0,1386.0,3,1,15.5
1391.0,1391.0,3,1,15.5
1392.0,1392.0,3,1,15.5
1394.0,1394.0,3,1,NULL
1395.0,1395.0,3,1,NULL
1396.0,1396.0,3,1,NULL
1398.0,1398.0,3,1,13.3
1399.0,1399.0,3,1,13.9
1400.0,1400.0,3,1,14
1403.0,1403.0,3,1,15
1404.0,1404.0,3,1,15.5
1405.0,1405.0,3,1,15.3
1408.0,1408.0,3,1,13.2
1409.0,1409.0,3,1,12
1411.0,1411.0,3,1,12.4
1.0,1.0,2,2,700.0
3.0,3.0,2,2,1279.8
4.0,4.0,2,2,1310.0
5.0,5.0,2,2,529.7
6.0,6.0,2,2,NULL
7.0,7.0,2,2,543.6
8.0,8.0,2,2,2963.0
9.0,9.0,2,2,534.7
10.0,10.0,2,2,600.0
11.0,11.0,2,2,1790.0
12.0,12.0,2,2,480.0
13.0,13.0,2,2,210.7
14.0,14.0,2,2,500.0
16.0,16.0,2,2,1948.4
17.0,17.0,2,2,644.2
18.0,18.0,2,2,865.4
19.0,19.0,2,2,1171.7
20.0,20.0,2,2,569.4
21.0,21.0,2,2,650.0
22.0,22.0,2,2,710.0
23.0,23.0,2,2,1660.0
24.0,24.0,2,2,1926.7
26.0,26.0,2,2,1217.9
29.0,29.0,2,2,400.0
30.0,30.0,2,2,1365.0
31.0,31.0,2,2,571.5
32.0,32.0,2,2,1114.7
34.0,34.0,2,2,570.4
35.0,35.0,2,2,1411.0
36.0,36.0,2,2,1000.0
37.0,37.0,2,2,679.1
40.0,40.0,2,2,1348.3
41.0,41.0,2,2,1750.0
42.0,42.0,2,2,NULL
44.0,44.0,2,2,634.3
45.0,45.0,2,2,NULL
47.0,47.0,2,2,NULL
48.0,48.0,2,2,NULL
49.0,49.0,2,2,1434.2
52.0,52.0,2,2,685.7
53.0,53.0,2,2,1000.0
54.0,54.0,2,2,588.6
56.0,56.0,2,2,1630.0
58.0,58.0,2,2,592.8
59.0,59.0,2,2,646.6
61.0,61.0,2,2,550.0
62.0,62.0,2,2,NULL
63.0,63.0,2,2,500.0
64.0,64.0,2,2,NULL
67.0,67.0,2,2,503.6
69.0,69.0,2,2,NULL
70.0,70.0,2,2,500.0
71.0,71.0,2,2,568.2
72.0,72.0,2,2,NULL
74.0,74.0,2,2,550.3
75.0,75.0,2,2,1083.4
76.0,76.0,2,2,559.6
77.0,77.0,2,2,566.3
78.0,78.0,2,2,552.4
80.0,80.0,2,2,584.9
82.0,82.0,2,2,NULL
83.0,83.0,2,2,659.7
84.0,84.0,2,2,NULL
85.0,85.0,2,2,1600.0
87.0,87.0,2,2,1530.0
88.0,88.0,2,2,551.7
91.0,91.0,2,2,1006.5
92.0,92.0,2,2,1500.0
93.0,93.0,2,2,490.02
94.0,94.0,2,2,NULL
95.0,95.0,2,2,1156.0
96.0,96.0,2,2,584.6
97.0,97.0,2,2,1100.0
98.0,98.0,2,2,1170.0
99.0,99.0,2,2,NULL
100.0,100.0,2,2,NULL
113.0,113.0,2,2,NULL
115.0,115.0,2,2,1434.2
116.0,116.0,2,2,856.7
117.0,117.0,2,2,490.0
119.0,119.0,2,2,1200.0
121.0,121.0,2,2,1417.8
123.0,123.0,2,2,532.0
124.0,124.0,2,2,280.0
125.0,125.0,2,2,1391.0
126.0,126.0,2,2,1417.8
127.0,127.0,2,2,NULL
128.0,128.0,2,2,1890.0
129.0,129.0,2,2,335.4
130.0,130.0,2,2,NULL
134.0,134.0,2,2,520.0
135.0,135.0,2,2,399.8
136.0,136.0,2,2,NULL
137.0,137.0,2,2,1308.1
138.0,138.0,2,2,NULL
139.0,139.0,2,2,1200.0
140.0,140.0,2,2,1200.0
141.0,141.0,2,2,359.0
142.0,142.0,2,2,202.4
144.0,144.0,2,2,NULL
145.0,145.0,2,2,884.6
146.0,146.0,2,2,400.0
148.0,148.0,2,2,350.0
149.0,149.0,2,2,345.0
150.0,150.0,2,2,1100.0
151.0,151.0,2,2,570.0
152.0,152.0,2,2,NULL
153.0,153.0,2,2,1378.4
154.0,154.0,2,2,878.6
156.0,156.0,2,2,1346.0
157.0,157.0,2,2,1083.0
158.0,158.0,2,2,1282.8
159.0,159.0,2,2,584.8
160.0,160.0,2,2,NULL
161.0,161.0,2,2,1093.3
162.0,162.0,2,2,1350.0
164.0,164.0,2,2,400.0
166.0,166.0,2,2,600.0
169.0,169.0,2,2,670.0
170.0,170.0,2,2,345.0
171.0,171.0,2,2,1350.0
172.0,172.0,2,2,103.2
173.0,173.0,2,2,1100.0
174.0,174.0,2,2,1580.0
176.0,176.0,2,2,349.3
177.0,177.0,2,2,1125.0
178.0,178.0,2,2,558.0
180.0,180.0,2,2,510.0
185.0,185.0,2,2,300.0
186.0,186.0,2,2,1440.0
187.0,187.0,2,2,610.9
189.0,189.0,2,2,500.0
190.0,190.0,2,2,641.7
191.0,191.0,2,2,1700.0
193.0,193.0,2,2,2000.0
195.0,195.0,2,2,1540.5
196.0,196.0,2,2,486.0
197.0,197.0,2,2,648.9
198.0,198.0,2,2,456.6
199.0,199.0,2,2,1047.0
200.0,200.0,2,2,NULL
201.0,201.0,2,2,1088.6
203.0,203.0,2,2,606.4
204.0,204.0,2,2,850.0
205.0,205.0,2,2,1357.0
206.0,206.0,2,2,900.0
207.0,207.0,2,2,918.7
208.0,208.0,2,2,759.0
209.0,209.0,2,2,797.0
210.0,210.0,2,2,879.1
211.0,211.0,2,2,1200.0
212.0,212.0,2,2,865.9
213.0,213.0,2,2,980.0
214.0,214.0,2,2,NULL
215.0,215.0,2,2,1000.0
216.0,216.0,2,2,NULL
217.0,217.0,2,2,880.0
218.0,218.0,2,2,1095.5
219.0,219.0,2,2,1000.0
220.0,220.0,2,2,NULL
221.0,221.0,2,2,1238.0
222.0,222.0,2,2,600.0
223.0,223.0,2,2,829.7
224.0,224.0,2,2,NULL
226.0,226.0,2,2,1079.0
227.0,227.0,2,2,556.4
228.0,228.0,2,2,NULL
229.0,229.0,2,2,800.0
230.0,230.0,2,2,1000.0
231.0,231.0,2,2,1000.0
232.0,232.0,2,2,586.7
233.0,233.0,2,2,1700.0
234.0,234.0,2,2,1600.0
235.0,235.0,2,2,1253.1
236.0,236.0,2,2,610.0
238.0,238.0,2,2,1239.1
239.0,239.0,2,2,803.6
243.0,243.0,2,2,600.0
244.0,244.0,2,2,1148.0
245.0,245.0,2,2,NULL
248.0,248.0,2,2,569.4
249.0,249.0,2,2,NULL
251.0,251.0,2,2,1168.0
252.0,252.0,2,2,472.9
253.0,253.0,2,2,1044.0
254.0,254.0,2,2,1092.8
256.0,256.0,2,2,400.0
257.0,257.0,2,2,NULL
258.0,258.0,2,2,1170.0
259.0,259.0,2,2,NULL
261.0,261.0,2,2,590.0
262.0,262.0,2,2,NULL
263.0,263.0,2,2,488.2
264.0,264.0,2,2,1600.0
265.0,265.0,2,2,590.0
267.0,267.0,2,2,NULL
268.0,268.0,2,2,620.2
270.0,270.0,2,2,1500.0
271.0,271.0,2,2,553.0
272.0,272.0,2,2,1650.0
274.0,274.0,2,2,1700.0
275.0,275.0,2,2,582.8
276.0,276.0,2,2,558.24
277.0,277.0,2,2,NULL
278.0,278.0,2,2,1250.0
279.0,279.0,2,2,430.0
280.0,280.0,2,2,580.3
281.0,281.0,2,2,870.4
283.0,283.0,2,2,571.9
286.0,286.0,2,2,NULL
287.0,287.0,2,2,1156.7
289.0,289.0,2,2,1026.0
291.0,291.0,2,2,600.0
292.0,292.0,2,2,NULL
293.0,293.0,2,2,560.4
294.0,294.0,2,2,550.0
297.0,297.0,2,2,530.0
299.0,299.0,2,2,NULL
300.0,300.0,2,2,520.0
302.0,302.0,2,2,674.0
303.0,303.0,2,2,623.6
304.0,304.0,2,2,1600.0
305.0,305.0,2,2,900.0
306.0,306.0,2,2,1608.0
307.0,307.0,2,2,1433.6
309.0,309.0,2,2,1156.4
310.0,310.0,2,2,800.0
313.0,313.0,2,2,571.3
314.0,314.0,2,2,NULL
315.0,315.0,2,2,649.9
316.0,316.0,2,2,665.6
317.0,317.0,2,2,500.0
319.0,319.0,2,2,825.0
321.0,321.0,2,2,1200.0
322.0,322.0,2,2,NULL
323.0,323.0,2,2,874.5
325.0,325.0,2,2,NULL
327.0,327.0,2,2,860.0
329.0,329.0,2,2,NULL
330.0,330.0,2,2,385.0
333.0,333.0,2,2,575.2
335.0,335.0,2,2,515.0
336.0,336.0,2,2,512.0
337.0,337.0,2,2,1039.3
338.0,338.0,2,2,16.6
340.0,340.0,2,2,1000.0
341.0,341.0,2,2,450.0
342.0,342.0,2,2,592.8
343.0,343.0,2,2,439.0
344.0,344.0,2,2,1000.0
346.0,346.0,2,2,621.1
347.0,347.0,2,2,600.0
348.0,348.0,2,2,1500.0
349.0,349.0,2,2,650.0
350.0,350.0,2,2,1000.0
351.0,351.0,2,2,450.0
352.0,352.0,2,2,1179.4
353.0,353.0,2,2,475.6
354.0,354.0,2,2,1670.0
355.0,355.0,2,2,NULL
356.0,356.0,2,2,NULL
357.0,357.0,2,2,545.2
358.0,358.0,2,2,520.0
359.0,359.0,2,2,1700.0
360.0,360.0,2,2,1655.82
361.0,361.0,2,2,1800.0
363.0,363.0,2,2,1725.7
365.0,365.0,2,2,1500.0
366.0,366.0,2,2,429.0
367.0,367.0,2,2,1200.0
368.0,368.0,2,2,1800.0
369.0,369.0,2,2,429.0
370.0,370.0,2,2,646.6
371.0,371.0,2,2,719.2
372.0,372.0,2,2,380.0
373.0,373.0,2,2,1054.0
374.0,374.0,2,2,1128.7
375.0,375.0,2,2,1000.0
377.0,377.0,2,2,NULL
378.0,378.0,2,2,NULL
380.0,380.0,2,2,450.0
381.0,381.0,2,2,550.0
382.0,382.0,2,2,1600.0
383.0,383.0,2,2,665.6
386.0,386.0,2,2,445.0
387.0,387.0,2,2,1875.4
388.0,388.0,2,2,553.0
390.0,390.0,2,2,NULL
391.0,391.0,2,2,1000.0
392.0,392.0,2,2,610.0
393.0,393.0,2,2,626.0
394.0,394.0,2,2,NULL
396.0,396.0,2,2,1600.0
397.0,397.0,2,2,700.0
398.0,398.0,2,2,500.0
400.0,400.0,2,2,1949.5
401.0,401.0,2,2,519.5
402.0,402.0,2,2,1054.0
404.0,404.0,2,2,NULL
405.0,405.0,2,2,NULL
406.0,406.0,2,2,900.0
407.0,407.0,2,2,500.0
408.0,408.0,2,2,500.8
409.0,409.0,2,2,901.0
411.0,411.0,2,2,1500.0
412.0,412.0,2,2,591.9
413.0,413.0,2,2,155.0
414.0,414.0,2,2,420.0
415.0,415.0,2,2,498.2
416.0,416.0,2,2,1420.5
417.0,417.0,2,2,1742.0
418.0,418.0,2,2,1050.0
419.0,419.0,2,2,415.2
420.0,420.0,2,2,1181.0
421.0,421.0,2,2,1300.0
422.0,422.0,2,2,586.7
423.0,423.0,2,2,200.0
424.0,424.0,2,2,635.1
425.0,425.0,2,2,1124.7
427.0,427.0,2,2,1600.0
428.0,428.0,2,2,114.7
429.0,429.0,2,2,1300.0
431.0,431.0,2,2,551.2
432.0,432.0,2,2,1350.0
433.0,433.0,2,2,NULL
434.0,434.0,2,2,480.0
435.0,435.0,2,2,592.8
436.0,436.0,2,2,1700.0
437.0,437.0,2,2,155.0
438.0,438.0,2,2,NULL
439.0,439.0,2,2,627.4
441.0,441.0,2,2,847.0
442.0,442.0,2,2,600.0
443.0,443.0,2,2,573.9
444.0,444.0,2,2,1073.0
445.0,445.0,2,2,NULL
447.0,447.0,2,2,118.0
448.0,448.0,2,2,NULL
449.0,449.0,2,2,629.9
450.0,450.0,2,2,460.0
451.0,451.0,2,2,1882.0
452.0,452.0,2,2,1143.3
453.0,453.0,2,2,552.0
456.0,456.0,2,2,1025.6
457.0,457.0,2,2,400.0
458.0,458.0,2,2,950.0
459.0,459.0,2,2,650.0
460.0,460.0,2,2,NULL
462.0,462.0,2,2,1725.0
463.0,463.0,2,2,1466.5
464.0,464.0,2,2,1700.0
465.0,465.0,2,2,1362.0
468.0,468.0,2,2,580.0
470.0,470.0,2,2,1310.0
471.0,471.0,2,2,460.0
474.0,474.0,2,2,460.0
476.0,476.0,2,2,1392.5
477.0,477.0,2,2,633.7
478.0,478.0,2,2,1200.0
479.0,479.0,2,2,713.6
481.0,481.0,2,2,NULL
482.0,482.0,2,2,1464.0
483.0,483.0,2,2,1423.2
484.0,484.0,2,2,400.0
485.0,485.0,2,2,NULL
486.0,486.0,2,2,623.6
488.0,488.0,2,2,488.3
489.0,489.0,2,2,646.0
490.0,490.0,2,2,1200.0
491.0,491.0,2,2,NULL
492.0,492.0,2,2,800.0
493.0,493.0,2,2,114.7
494.0,494.0,2,2,527.1
496.0,496.0,2,2,NULL
497.0,497.0,2,2,500.0
498.0,498.0,2,2,550.0
499.0,499.0,2,2,NULL
501.0,501.0,2,2,1332.0
502.0,502.0,2,2,538.2
503.0,503.0,2,2,577.4
504.0,504.0,2,2,550.0
505.0,505.0,2,2,NULL
506.0,506.0,2,2,1800.0
507.0,507.0,2,2,1300.0
508.0,508.0,2,2,500.0
509.0,509.0,2,2,888.0
510.0,510.0,2,2,562.0
511.0,511.0,2,2,736.6
512.0,512.0,2,2,NULL
513.0,513.0,2,2,1282.8
514.0,514.0,2,2,666.9
516.0,516.0,2,2,1300.0
517.0,517.0,2,2,649.9
519.0,519.0,2,2,1000.0
520.0,520.0,2,2,658.0
521.0,521.0,2,2,1320.0
522.0,522.0,2,2,649.9
523.0,523.0,2,2,600.0
524.0,524.0,2,2,1100.0
525.0,525.0,2,2,415.5
526.0,526.0,2,2,1042.2
527.0,527.0,2,2,1500.0
528.0,528.0,2,2,NULL
529.0,529.0,2,2,649.9
530.0,530.0,2,2,NULL
531.0,531.0,2,2,NULL
532.0,532.0,2,2,158.0
533.0,533.0,2,2,NULL
534.0,534.0,2,2,849.6
535.0,535.0,2,2,1438.9
536.0,536.0,2,2,NULL
538.0,538.0,2,2,1200.0
540.0,540.0,2,2,1388.8
541.0,541.0,2,2,NULL
542.0,542.0,2,2,NULL
544.0,544.0,2,2,1135.2
545.0,545.0,2,2,557.2
546.0,546.0,2,2,566.4
547.0,547.0,2,2,900.0
548.0,548.0,2,2,1093.5
549.0,549.0,2,2,NULL
550.0,550.0,2,2,1093.3
552.0,552.0,2,2,1200.0
553.0,553.0,2,2,1000.0
554.0,554.0,2,2,800.0
555.0,555.0,2,2,1300.0
557.0,557.0,2,2,1520.9
558.0,558.0,2,2,1300.0
559.0,559.0,2,2,1200.0
560.0,560.0,2,2,1174.0
561.0,561.0,2,2,100.0
562.0,562.0,2,2,1257.0
564.0,564.0,2,2,1282.8
565.0,565.0,2,2,566.4
566.0,566.0,2,2,117.2
567.0,567.0,2,2,1114.5
568.0,568.0,2,2,1801.0
569.0,569.0,2,2,NULL
570.0,570.0,2,2,929.0
571.0,571.0,2,2,1084.4
572.0,572.0,2,2,1519.3
573.0,573.0,2,2,1400.0
574.0,574.0,2,2,NULL
575.0,575.0,2,2,NULL
576.0,576.0,2,2,NULL
577.0,577.0,2,2,1125.2
578.0,578.0,2,2,1330.0
580.0,580.0,2,2,500.0
581.0,581.0,2,2,1200.0
582.0,582.0,2,2,1500.0
584.0,584.0,2,2,NULL
585.0,585.0,2,2,1000.0
586.0,586.0,2,2,1440.0
587.0,587.0,2,2,1050.0
588.0,588.0,2,2,1035.0
589.0,589.0,2,2,1100.0
590.0,590.0,2,2,NULL
591.0,591.0,2,2,1006.5
592.0,592.0,2,2,NULL
593.0,593.0,2,2,690.0
594.0,594.0,2,2,NULL
595.0,595.0,2,2,1120.0
596.0,596.0,2,2,NULL
597.0,597.0,2,2,1069.0
598.0,598.0,2,2,1024.3
599.0,599.0,2,2,NULL
600.0,600.0,2,2,NULL
601.0,601.0,2,2,1200.0
602.0,602.0,2,2,1000.0
604.0,604.0,2,2,1966.0
605.0,605.0,2,2,670.0
606.0,606.0,2,2,NULL
607.0,607.0,2,2,450.0
608.0,608.0,2,2,552.4
609.0,609.0,2,2,1000.0
611.0,611.0,2,2,1061.9
612.0,612.0,2,2,1100.0
613.0,613.0,2,2,1174.2
614.0,614.0,2,2,1061.9
615.0,615.0,2,2,NULL
616.0,616.0,2,2,400.0
617.0,617.0,2,2,NULL
618.0,618.0,2,2,937.4
620.0,620.0,2,2,NULL
621.0,621.0,2,2,1520.0
624.0,624.0,2,2,837.9
625.0,625.0,2,2,1222.2
626.0,626.0,2,2,NULL
627.0,627.0,2,2,NULL
630.0,630.0,2,2,NULL
631.0,631.0,2,2,NULL
633.0,633.0,2,2,NULL
635.0,635.0,2,2,680.0
636.0,636.0,2,2,1000.0
637.0,637.0,2,2,670.0
639.0,639.0,2,2,NULL
640.0,640.0,2,2,NULL
641.0,641.0,2,2,NULL
642.0,642.0,2,2,1400.0
643.0,643.0,2,2,610.32
644.0,644.0,2,2,1133.3
645.0,645.0,2,2,1425.4
646.0,646.0,2,2,NULL
647.0,647.0,2,2,977.8
648.0,648.0,2,2,1011.0
650.0,650.0,2,2,NULL
651.0,651.0,2,2,NULL
652.0,652.0,2,2,850.0
653.0,653.0,2,2,NULL
654.0,654.0,2,2,1197.3
655.0,655.0,2,2,1344.8
656.0,656.0,2,2,NULL
658.0,658.0,2,2,NULL
659.0,659.0,2,2,1200.0
660.0,660.0,2,2,NULL
663.0,663.0,2,2,600.0
664.0,664.0,2,2,542.7
666.0,666.0,2,2,1700.0
667.0,667.0,2,2,563.0
668.0,668.0,2,2,550.0
671.0,671.0,2,2,1000.0
672.0,672.0,2,2,552.4
674.0,674.0,2,2,1410.0
675.0,675.0,2,2,1415.7
676.0,676.0,2,2,NULL
677.0,677.0,2,2,645.5
678.0,678.0,2,2,623.7
682.0,682.0,2,2,500.0
683.0,683.0,2,2,580.17
684.0,684.0,2,2,NULL
685.0,685.0,2,2,649.9
686.0,686.0,2,2,594.6
687.0,687.0,2,2,390.0
688.0,688.0,2,2,800.0
690.0,690.0,2,2,550.0
691.0,691.0,2,2,625.0
692.0,692.0,2,2,500.0
693.0,693.0,2,2,694.0
694.0,694.0,2,2,656.0
695.0,695.0,2,2,NULL
696.0,696.0,2,2,600.0
697.0,697.0,2,2,550.0
698.0,698.0,2,2,NULL
699.0,699.0,2,2,NULL
700.0,700.0,2,2,1354.0
701.0,701.0,2,2,1650.0
702.0,702.0,2,2,560.0
703.0,703.0,2,2,1000.0
704.0,704.0,2,2,649.9
705.0,705.0,2,2,650.0
706.0,706.0,2,2,534.8
707.0,707.0,2,2,1071.4
708.0,708.0,2,2,NULL
709.0,709.0,2,2,1406.8
710.0,710.0,2,2,1450.0
711.0,711.0,2,2,580.3
712.0,712.0,2,2,600.0
713.0,713.0,2,2,600.0
714.0,714.0,2,2,NULL
715.0,715.0,2,2,600.0
716.0,716.0,2,2,1000.0
718.0,718.0,2,2,NULL
719.0,719.0,2,2,NULL
720.0,720.0,2,2,429.0
722.0,722.0,2,2,1600.0
723.0,723.0,2,2,626.3
724.0,724.0,2,2,696.9
725.0,725.0,2,2,738.3
726.0,726.0,2,2,NULL
728.0,728.0,2,2,650.0
729.0,729.0,2,2,1000.0
731.0,731.0,2,2,350.0
732.0,732.0,2,2,1239.7
733.0,733.0,2,2,1088.0
734.0,734.0,2,2,NULL
735.0,735.0,2,2,1042.7
736.0,736.0,2,2,550.3
738.0,738.0,2,2,500.0
741.0,741.0,2,2,496.2
743.0,743.0,2,2,NULL
746.0,746.0,2,2,NULL
747.0,747.0,2,2,500.0
748.0,748.0,2,2,1222.2
749.0,749.0,2,2,925.0
750.0,750.0,2,2,1050.0
751.0,751.0,2,2,1469.4
752.0,752.0,2,2,NULL
753.0,753.0,2,2,1200.0
754.0,754.0,2,2,1000.0
755.0,755.0,2,2,1120.0
756.0,756.0,2,2,400.0
757.0,757.0,2,2,450.0
758.0,758.0,2,2,280.0
759.0,759.0,2,2,560.0
760.0,760.0,2,2,NULL
764.0,764.0,2,2,1088.0
765.0,765.0,2,2,1122.0
766.0,766.0,2,2,NULL
768.0,768.0,2,2,1246.4
770.0,770.0,2,2,2000.0
772.0,772.0,2,2,1238.0
773.0,773.0,2,2,NULL
774.0,774.0,2,2,NULL
775.0,775.0,2,2,600.0
776.0,776.0,2,2,650.3
777.0,777.0,2,2,700.0
778.0,778.0,2,2,405.0
780.0,780.0,2,2,441.8
781.0,781.0,2,2,661.3
782.0,782.0,2,2,784.0
783.0,783.0,2,2,865.4
784.0,784.0,2,2,2000.0
785.0,785.0,2,2,NULL
786.0,786.0,2,2,NULL
787.0,787.0,2,2,1164.1
789.0,789.0,2,2,1850.0
790.0,790.0,2,2,NULL
791.0,791.0,2,2,1400.0
792.0,792.0,2,2,450.0
793.0,793.0,2,2,606.4
794.0,794.0,2,2,606.4
796.0,796.0,2,2,486.0
798.0,798.0,2,2,1709.3
799.0,799.0,2,2,653.5
800.0,800.0,2,2,1757.3
801.0,801.0,2,2,1061.0
802.0,802.0,2,2,NULL
803.0,803.0,2,2,600.0
804.0,804.0,2,2,549.0
809.0,809.0,2,2,400.0
810.0,810.0,2,2,585.0
811.0,811.0,2,2,NULL
812.0,812.0,2,2,966.0
813.0,813.0,2,2,563.0
814.0,814.0,2,2,601.6
815.0,815.0,2,2,1250.0
816.0,816.0,2,2,1045.0
818.0,818.0,2,2,600.0
819.0,819.0,2,2,542.2
820.0,820.0,2,2,1300.0
822.0,822.0,2,2,822.4
823.0,823.0,2,2,1200.0
824.0,824.0,2,2,557.4
825.0,825.0,2,2,1500.0
826.0,826.0,2,2,NULL
827.0,827.0,2,2,NULL
828.0,828.0,2,2,569.8
829.0,829.0,2,2,1800.0
831.0,831.0,2,2,1060.0
832.0,832.0,2,2,510.0
835.0,835.0,2,2,544.0
839.0,839.0,2,2,1506.8
840.0,840.0,2,2,1472.9
842.0,842.0,2,2,NULL
843.0,843.0,2,2,1692.5
844.0,844.0,2,2,1000.0
846.0,846.0,2,2,400.0
847.0,847.0,2,2,500.0
849.0,849.0,2,2,NULL
852.0,852.0,2,2,NULL
853.0,853.0,2,2,NULL
854.0,854.0,2,2,1600.0
856.0,856.0,2,2,606.4
859.0,859.0,2,2,550.0
862.0,862.0,2,2,581.0
863.0,863.0,2,2,606.5
864.0,864.0,2,2,240.0
865.0,865.0,2,2,450.0
866.0,866.0,2,2,504.4
868.0,868.0,2,2,1600.0
869.0,869.0,2,2,600.0
870.0,870.0,2,2,520.0
871.0,871.0,2,2,1700.0
873.0,873.0,2,2,1400.0
875.0,875.0,2,2,922.9
876.0,876.0,2,2,679.1
878.0,878.0,2,2,878.6
879.0,879.0,2,2,1077.0
881.0,881.0,2,2,1644.6
883.0,883.0,2,2,2300.0
884.0,884.0,2,2,930.0
885.0,885.0,2,2,NULL
886.0,886.0,2,2,1500.0
887.0,887.0,2,2,1374.7
888.0,888.0,2,2,396.6
889.0,889.0,2,2,649.9
890.0,890.0,2,2,636.9
893.0,893.0,2,2,1337.0
895.0,895.0,2,2,1246.3
897.0,897.0,2,2,1570.0
899.0,899.0,2,2,1200.0
900.0,900.0,2,2,1073.2
901.0,901.0,2,2,NULL
902.0,902.0,2,2,395.0
903.0,903.0,2,2,365.0
904.0,904.0,2,2,1700.0
905.0,905.0,2,2,652.9
907.0,907.0,2,2,NULL
908.0,908.0,2,2,1700.0
909.0,909.0,2,2,597.0
910.0,910.0,2,2,900.0
911.0,911.0,2,2,NULL
913.0,913.0,2,2,738.3
914.0,914.0,2,2,525.3
915.0,915.0,2,2,580.0
916.0,916.0,2,2,1466.5
918.0,918.0,2,2,NULL
920.0,920.0,2,2,NULL
921.0,921.0,2,2,2000.0
922.0,922.0,2,2,1194.0
923.0,923.0,2,2,580.2
924.0,924.0,2,2,588.1
925.0,925.0,2,2,NULL
926.0,926.0,2,2,517.99
927.0,927.0,2,2,1220.0
929.0,929.0,2,2,550.9
930.0,930.0,2,2,601.4
931.0,931.0,2,2,577.3
934.0,934.0,2,2,504.4
935.0,935.0,2,2,573.8
936.0,936.0,2,2,1100.0
938.0,938.0,2,2,2129.0
939.0,939.0,2,2,773.1
940.0,940.0,2,2,NULL
941.0,941.0,2,2,1100.0
942.0,942.0,2,2,765.7
943.0,943.0,2,2,413.0
944.0,944.0,2,2,645.0
945.0,945.0,2,2,450.0
946.0,946.0,2,2,1000.0
947.0,947.0,2,2,NULL
949.0,949.0,2,2,633.0
950.0,950.0,2,2,645.5
951.0,951.0,2,2,510.0
952.0,952.0,2,2,NULL
953.0,953.0,2,2,1105.0
954.0,954.0,2,2,654.54
955.0,955.0,2,2,1200.0
956.0,956.0,2,2,NULL
958.0,958.0,2,2,385.0
959.0,959.0,2,2,1800.0
960.0,960.0,2,2,1600.0
961.0,961.0,2,2,503.5
962.0,962.0,2,2,1725.7
964.0,964.0,2,2,406.9
965.0,965.0,2,2,1089.0
966.0,966.0,2,2,625.7
967.0,967.0,2,2,606.1
968.0,968.0,2,2,550.0
972.0,972.0,2,2,NULL
974.0,974.0,2,2,1025.0
975.0,975.0,2,2,NULL
976.0,976.0,2,2,617.8
977.0,977.0,2,2,550.0
978.0,978.0,2,2,600.7
979.0,979.0,2,2,NULL
980.0,980.0,2,2,NULL
981.0,981.0,2,2,522.7
982.0,982.0,2,2,640.0
983.0,983.0,2,2,1133.3
984.0,984.0,2,2,1300.0
986.0,986.0,2,2,NULL
987.0,987.0,2,2,NULL
988.0,988.0,2,2,617.8
989.0,989.0,2,2,1135.1
990.0,990.0,2,2,600.0
991.0,991.0,2,2,1132.5
993.0,993.0,2,2,1700.0
994.0,994.0,2,2,1200.0
996.0,996.0,2,2,1000.0
997.0,997.0,2,2,NULL
998.0,998.0,2,2,659.2
999.0,999.0,2,2,1500.0
1000.0,1000.0,2,2,704.4
1002.0,1002.0,2,2,580.3
1003.0,1003.0,2,2,429.0
1005.0,1005.0,2,2,1280.9
1006.0,1006.0,2,2,1500.0
1007.0,1007.0,2,2,1255.1
1008.0,1008.0,2,2,500.0
1009.0,1009.0,2,2,620.0
1010.0,1010.0,2,2,636.7
1011.0,1011.0,2,2,NULL
1014.0,1014.0,2,2,1530.0
1015.0,1015.0,2,2,510.0
1016.0,1016.0,2,2,1300.0
1017.0,1017.0,2,2,1100.0
1018.0,1018.0,2,2,NULL
1019.0,1019.0,2,2,692.9
1020.0,1020.0,2,2,600.0
1022.0,1022.0,2,2,542.2
1027.0,1027.0,2,2,NULL
1031.0,1031.0,2,2,603.0
1032.0,1032.0,2,2,1154.04
1033.0,1033.0,2,2,1742.2
1036.0,1036.0,2,2,1159.1
1037.0,1037.0,2,2,NULL
1038.0,1038.0,2,2,500.0
1041.0,1041.0,2,2,NULL
1043.0,1043.0,2,2,600.7
1044.0,1044.0,2,2,1446.9
1045.0,1045.0,2,2,630.0
1046.0,1046.0,2,2,1159.1
1047.0,1047.0,2,2,439.0
1048.0,1048.0,2,2,450.0
1049.0,1049.0,2,2,1159.1
1050.0,1050.0,2,2,600.0
1051.0,1051.0,2,2,520.0
1053.0,1053.0,2,2,606.4
1055.0,1055.0,2,2,1137.8
1056.0,1056.0,2,2,1114.0
1057.0,1057.0,2,2,460.0
1058.0,1058.0,2,2,482.1
1059.0,1059.0,2,2,350.0
1060.0,1060.0,2,2,1725.7
1061.0,1061.0,2,2,NULL
1062.0,1062.0,2,2,600.0
1063.0,1063.0,2,2,460.0
1064.0,1064.0,2,2,NULL
1065.0,1065.0,2,2,504.4
1066.0,1066.0,2,2,1790.0
1067.0,1067.0,2,2,550.0
1069.0,1069.0,2,2,NULL
1070.0,1070.0,2,2,2000.0
1074.0,1074.0,2,2,NULL
1075.0,1075.0,2,2,586.7
1076.0,1076.0,2,2,616.4
1077.0,1077.0,2,2,640.0
1079.0,1079.0,2,2,640.0
1081.0,1081.0,2,2,NULL
1082.0,1082.0,2,2,704.4
1084.0,1084.0,2,2,582.3
1085.0,1085.0,2,2,NULL
1086.0,1086.0,2,2,561.2
1087.0,1087.0,2,2,460.0
1089.0,1089.0,2,2,NULL
1090.0,1090.0,2,2,700.0
1091.0,1091.0,2,2,626.08
1093.0,1093.0,2,2,773.5
1095.0,1095.0,2,2,1895.1
1096.0,1096.0,2,2,1073.0
1097.0,1097.0,2,2,650.0
1098.0,1098.0,2,2,787.8
1099.0,1099.0,2,2,1039.3
1100.0,1100.0,2,2,800.0
1101.0,1101.0,2,2,794.0
1102.0,1102.0,2,2,1112.2
1103.0,1103.0,2,2,1200.0
1104.0,1104.0,2,2,1078.9
1105.0,1105.0,2,2,1000.0
1106.0,1106.0,2,2,550.0
1107.0,1107.0,2,2,400.0
1108.0,1108.0,2,2,550.0
1109.0,1109.0,2,2,380.0
1110.0,1110.0,2,2,573.0
1112.0,1112.0,2,2,NULL
1113.0,1113.0,2,2,628.4
1114.0,1114.0,2,2,350.0
1116.0,1116.0,2,2,700.0
1117.0,1117.0,2,2,542.2
1119.0,1119.0,2,2,644.2
1120.0,1120.0,2,2,600.0
1124.0,1124.0,2,2,NULL
1125.0,1125.0,2,2,540.0
1131.0,1131.0,2,2,1100.0
1132.0,1132.0,2,2,NULL
1133.0,1133.0,2,2,469.7
1134.0,1134.0,2,2,500.0
1136.0,1136.0,2,2,1280.0
1137.0,1137.0,2,2,520.0
1138.0,1138.0,2,2,1694.1
1140.0,1140.0,2,2,599.5
1141.0,1141.0,2,2,542.7
1142.0,1142.0,2,2,400.0
1143.0,1143.0,2,2,634.6
1145.0,1145.0,2,2,500.0
1146.0,1146.0,2,2,567.1
1148.0,1148.0,2,2,624.0
1151.0,1151.0,2,2,900.0
1154.0,1154.0,2,2,636.7
1155.0,1155.0,2,2,632.2
1156.0,1156.0,2,2,1400.0
1158.0,1158.0,2,2,NULL
1159.0,1159.0,2,2,580.0
1160.0,1160.0,2,2,1600.0
1161.0,1161.0,2,2,NULL
1163.0,1163.0,2,2,NULL
1164.0,1164.0,2,2,1300.0
1165.0,1165.0,2,2,1150.0
1166.0,1166.0,2,2,1346.7
1167.0,1167.0,2,2,NULL
1168.0,1168.0,2,2,1480.6
1169.0,1169.0,2,2,1655.3
1170.0,1170.0,2,2,NULL
1171.0,1171.0,2,2,638.2
1172.0,1172.0,2,2,1398.6
1173.0,1173.0,2,2,NULL
1175.0,1175.0,2,2,1150.0
1176.0,1176.0,2,2,559.6
1177.0,1177.0,2,2,679.4
1178.0,1178.0,2,2,600.0
1179.0,1179.0,2,2,NULL
1180.0,1180.0,2,2,687.4
1181.0,1181.0,2,2,NULL
1182.0,1182.0,2,2,553.2
1183.0,1183.0,2,2,400.0
1185.0,1185.0,2,2,555.0
1187.0,1187.0,2,2,698.6
1188.0,1188.0,2,2,583.2
1191.0,1191.0,2,2,NULL
1192.0,1192.0,2,2,500.0
1195.0,1195.0,2,2,1250.0
1196.0,1196.0,2,2,NULL
1197.0,1197.0,2,2,606.4
1198.0,1198.0,2,2,606.4
1199.0,1199.0,2,2,644.2
1200.0,1200.0,2,2,600.0
1201.0,1201.0,2,2,NULL
1202.0,1202.0,2,2,552.4
1203.0,1203.0,2,2,1250.0
1205.0,1205.0,2,2,440.0
1206.0,1206.0,2,2,1300.0
1208.0,1208.0,2,2,901.0
1209.0,1209.0,2,2,551.7
1210.0,1210.0,2,2,NULL
1213.0,1213.0,2,2,615.1
1214.0,1214.0,2,2,NULL
1215.0,1215.0,2,2,NULL
1216.0,1216.0,2,2,1868.0
1218.0,1218.0,2,2,1000.0
1219.0,1219.0,2,2,960.0
1220.0,1220.0,2,2,1178.6
1221.0,1221.0,2,2,NULL
1222.0,1222.0,2,2,640.0
1223.0,1223.0,2,2,1160.0
1224.0,1224.0,2,2,606.5
1225.0,1225.0,2,2,650.0
1228.0,1228.0,2,2,486.2
1230.0,1230.0,2,2,549.5
1231.0,1231.0,2,2,1395.0
1233.0,1233.0,2,2,665.0
1234.0,1234.0,2,2,1000.0
1235.0,1235.0,2,2,1363.3
1236.0,1236.0,2,2,632.0
1238.0,1238.0,2,2,NULL
1239.0,1239.0,2,2,572.4
1240.0,1240.0,2,2,195.0
1241.0,1241.0,2,2,1079.0
1245.0,1245.0,2,2,1771.0
1246.0,1246.0,2,2,817.7
1247.0,1247.0,2,2,1300.0
1248.0,1248.0,2,2,488.0
1249.0,1249.0,2,2,1400.0
1251.0,1251.0,2,2,578.3
1252.0,1252.0,2,2,1000.0
1254.0,1254.0,2,2,2015.2
1255.0,1255.0,2,2,600.0
1256.0,1256.0,2,2,1700.0
1257.0,1257.0,2,2,684.8
1258.0,1258.0,2,2,449.0
1259.0,1259.0,2,2,195.0
1261.0,1261.0,2,2,1000.0
1262.0,1262.0,2,2,925.4
1264.0,1264.0,2,2,1649.0
1267.0,1267.0,2,2,1260.4
1268.0,1268.0,2,2,1559.0
1269.0,1269.0,2,2,NULL
1271.0,1271.0,2,2,1604.0
1272.0,1272.0,2,2,1250.0
1277.0,1277.0,2,2,660.0
1278.0,1278.0,2,2,868.5
1279.0,1279.0,2,2,670.0
1280.0,1280.0,2,2,593.8
1281.0,1281.0,2,2,1363.3
1282.0,1282.0,2,2,2208.1
1284.0,1284.0,2,2,1500.0
1285.0,1285.0,2,2,674.7
1286.0,1286.0,2,2,660.4
1288.0,1288.0,2,2,145.8
1289.0,1289.0,2,2,1586.4
1292.0,1292.0,2,2,510.9
1293.0,1293.0,2,2,621.1
1295.0,1295.0,2,2,709.0
1299.0,1299.0,2,2,569.4
1300.0,1300.0,2,2,NULL
1302.0,1302.0,2,2,614.2
1303.0,1303.0,2,2,599.5
1304.0,1304.0,2,2,606.1
1308.0,1308.0,2,2,642.8
1309.0,1309.0,2,2,2000.0
1311.0,1311.0,2,2,553.9
1312.0,1312.0,2,2,831.5
1313.0,1313.0,2,2,716.4
1314.0,1314.0,2,2,850.0
1315.0,1315.0,2,2,583.0
1317.0,1317.0,2,2,679.4
1318.0,1318.0,2,2,744.5
1319.0,1319.0,2,2,586.4
1320.0,1320.0,2,2,NULL
1321.0,1321.0,2,2,1944.7
1322.0,1322.0,2,2,1701.4
1324.0,1324.0,2,2,300.0
1325.0,1325.0,2,2,647.0
1326.0,1326.0,2,2,502.5
1329.0,1329.0,2,2,1700.0
1330.0,1330.0,2,2,NULL
1331.0,1331.0,2,2,NULL
1332.0,1332.0,2,2,500.0
1333.0,1333.0,2,2,1670.0
1334.0,1334.0,2,2,617.8
1335.0,1335.0,2,2,778.7
1337.0,1337.0,2,2,649.9
1338.0,1338.0,2,2,704.33
1339.0,1339.0,2,2,NULL
1340.0,1340.0,2,2,800.0
1341.0,1341.0,2,2,582.3
1342.0,1342.0,2,2,561.1
1343.0,1343.0,2,2,560.0
1344.0,1344.0,2,2,525.4
1345.0,1345.0,2,2,NULL
1349.0,1349.0,2,2,NULL
1350.0,1350.0,2,2,569.4
1351.0,1351.0,2,2,1983.0
1352.0,1352.0,2,2,NULL
1354.0,1354.0,2,2,1450.0
1355.0,1355.0,2,2,2089.0
1356.0,1356.0,2,2,NULL
1358.0,1358.0,2,2,600.0
1359.0,1359.0,2,2,500.0
1360.0,1360.0,2,2,569.8
1362.0,1362.0,2,2,550.0
1365.0,1365.0,2,2,634.4
1368.0,1368.0,2,2,NULL
1370.0,1370.0,2,2,580.0
1371.0,1371.0,2,2,600.0
1373.0,1373.0,2,2,600.0
1374.0,1374.0,2,2,600.0
1375.0,1375.0,2,2,556.4
1376.0,1376.0,2,2,804.3
1377.0,1377.0,2,2,1174.2
1378.0,1378.0,2,2,600.0
1381.0,1381.0,2,2,830.0
1382.0,1382.0,2,2,550.0
1383.0,1383.0,2,2,650.0
1385.0,1385.0,2,2,922.5
1386.0,1386.0,2,2,1092.8
1391.0,1391.0,2,2,1127.5
1392.0,1392.0,2,2,1090.6
1394.0,1394.0,2,2,500.0
1395.0,1395.0,2,2,569.4
1396.0,1396.0,2,2,636.7
1398.0,1398.0,2,2,550.0
1399.0,1399.0,2,2,542.2
1400.0,1400.0,2,2,522.4
1403.0,1403.0,2,2,700.0
1404.0,1404.0,2,2,1070.0
1405.0,1405.0,2,2,1040.0
1408.0,1408.0,2,2,560.0
1409.0,1409.0,2,2,NULL
1411.0,1411.0,2,2,NULL
1.0,1.0,1,3,NULL
3.0,3.0,1,3,1225.0
4.0,4.0,1,3,NULL
5.0,5.0,1,3,NULL
6.0,6.0,1,3,61.0
7.0,7.0,1,3,NULL
8.0,8.0,1,3,1600.0
9.0,9.0,1,3,NULL
10.0,10.0,1,3,NULL
11.0,11.0,1,3,NULL
12.0,12.0,1,3,NULL
13.0,13.0,1,3,NULL
14.0,14.0,1,3,NULL
16.0,16.0,1,3,NULL
17.0,17.0,1,3,34.3
18.0,18.0,1,3,NULL
19.0,19.0,1,3,NULL
20.0,20.0,1,3,NULL
21.0,21.0,1,3,NULL
22.0,22.0,1,3,NULL
23.0,23.0,1,3,128.0
24.0,24.0,1,3,NULL
26.0,26.0,1,3,NULL
29.0,29.0,1,3,NULL
30.0,30.0,1,3,1350.0
31.0,31.0,1,3,NULL
32.0,32.0,1,3,NULL
34.0,34.0,1,3,NULL
35.0,35.0,1,3,NULL
36.0,36.0,1,3,NULL
37.0,37.0,1,3,NULL
40.0,40.0,1,3,NULL
41.0,41.0,1,3,33.0
42.0,42.0,1,3,NULL
44.0,44.0,1,3,53.0
45.0,45.0,1,3,1357.0
47.0,47.0,1,3,NULL
48.0,48.0,1,3,88.5
49.0,49.0,1,3,20.0
52.0,52.0,1,3,NULL
53.0,53.0,1,3,4.5
54.0,54.0,1,3,NULL
56.0,56.0,1,3,NULL
58.0,58.0,1,3,NULL
59.0,59.0,1,3,NULL
61.0,61.0,1,3,NULL
62.0,62.0,1,3,22.0
63.0,63.0,1,3,680.0
64.0,64.0,1,3,43.0
67.0,67.0,1,3,NULL
69.0,69.0,1,3,375.0
70.0,70.0,1,3,NULL
71.0,71.0,1,3,NULL
72.0,72.0,1,3,NULL
74.0,74.0,1,3,NULL
75.0,75.0,1,3,NULL
76.0,76.0,1,3,20.9
77.0,77.0,1,3,NULL
78.0,78.0,1,3,NULL
80.0,80.0,1,3,NULL
82.0,82.0,1,3,NULL
83.0,83.0,1,3,NULL
84.0,84.0,1,3,NULL
85.0,85.0,1,3,NULL
87.0,87.0,1,3,NULL
88.0,88.0,1,3,3.5
91.0,91.0,1,3,1887.0
92.0,92.0,1,3,NULL
93.0,93.0,1,3,NULL
94.0,94.0,1,3,NULL
95.0,95.0,1,3,NULL
96.0,96.0,1,3,NULL
97.0,97.0,1,3,NULL
98.0,98.0,1,3,1894.0
99.0,99.0,1,3,2040.0
100.0,100.0,1,3,1748.0
113.0,113.0,1,3,1757.0
115.0,115.0,1,3,NULL
116.0,116.0,1,3,NULL
117.0,117.0,1,3,117.8
119.0,119.0,1,3,650.0
121.0,121.0,1,3,NULL
123.0,123.0,1,3,NULL
124.0,124.0,1,3,2200.0
125.0,125.0,1,3,NULL
126.0,126.0,1,3,NULL
127.0,127.0,1,3,NULL
128.0,128.0,1,3,NULL
129.0,129.0,1,3,1940.0
130.0,130.0,1,3,2920.0
134.0,134.0,1,3,NULL
135.0,135.0,1,3,NULL
136.0,136.0,1,3,NULL
137.0,137.0,1,3,NULL
138.0,138.0,1,3,680.0
139.0,139.0,1,3,NULL
140.0,140.0,1,3,450.0
141.0,141.0,1,3,NULL
142.0,142.0,1,3,1122.0
144.0,144.0,1,3,NULL
145.0,145.0,1,3,NULL
146.0,146.0,1,3,545.0
148.0,148.0,1,3,1063.0
149.0,149.0,1,3,NULL
150.0,150.0,1,3,NULL
151.0,151.0,1,3,NULL
152.0,152.0,1,3,15.0
153.0,153.0,1,3,NULL
154.0,154.0,1,3,NULL
156.0,156.0,1,3,NULL
157.0,157.0,1,3,NULL
158.0,158.0,1,3,NULL
159.0,159.0,1,3,491.0
160.0,160.0,1,3,2200.0
161.0,161.0,1,3,420.0
162.0,162.0,1,3,NULL
164.0,164.0,1,3,NULL
166.0,166.0,1,3,4.0
169.0,169.0,1,3,NULL
170.0,170.0,1,3,2340.0
171.0,171.0,1,3,NULL
172.0,172.0,1,3,1334.5
173.0,173.0,1,3,NULL
174.0,174.0,1,3,NULL
176.0,176.0,1,3,1763.0
177.0,177.0,1,3,1890.0
178.0,178.0,1,3,5.0
180.0,180.0,1,3,418.0
185.0,185.0,1,3,NULL
186.0,186.0,1,3,NULL
187.0,187.0,1,3,NULL
189.0,189.0,1,3,NULL
190.0,190.0,1,3,NULL
191.0,191.0,1,3,NULL
193.0,193.0,1,3,NULL
195.0,195.0,1,3,2096.0
196.0,196.0,1,3,NULL
197.0,197.0,1,3,NULL
198.0,198.0,1,3,NULL
199.0,199.0,1,3,2.42
200.0,200.0,1,3,500.0
201.0,201.0,1,3,NULL
203.0,203.0,1,3,NULL
204.0,204.0,1,3,NULL
205.0,205.0,1,3,NULL
206.0,206.0,1,3,NULL
207.0,207.0,1,3,NULL
208.0,208.0,1,3,NULL
209.0,209.0,1,3,1887.0
210.0,210.0,1,3,1732.0
211.0,211.0,1,3,1840.0
212.0,212.0,1,3,550.0
213.0,213.0,1,3,510.8
214.0,214.0,1,3,1887.0
215.0,215.0,1,3,1800.0
216.0,216.0,1,3,673.0
217.0,217.0,1,3,496.0
218.0,218.0,1,3,NULL
219.0,219.0,1,3,2300.0
220.0,220.0,1,3,1209.0
221.0,221.0,1,3,4.5
222.0,222.0,1,3,NULL
223.0,223.0,1,3,1774.3
224.0,224.0,1,3,92.0
226.0,226.0,1,3,1974.0
227.0,227.0,1,3,NULL
228.0,228.0,1,3,NULL
229.0,229.0,1,3,1951.0
230.0,230.0,1,3,NULL
231.0,231.0,1,3,4.3
232.0,232.0,1,3,40.0
233.0,233.0,1,3,NULL
234.0,234.0,1,3,NULL
235.0,235.0,1,3,NULL
236.0,236.0,1,3,35.0
238.0,238.0,1,3,NULL
239.0,239.0,1,3,NULL
243.0,243.0,1,3,49.8
244.0,244.0,1,3,NULL
245.0,245.0,1,3,NULL
248.0,248.0,1,3,20.3
249.0,249.0,1,3,NULL
251.0,251.0,1,3,2300.0
252.0,252.0,1,3,NULL
253.0,253.0,1,3,NULL
254.0,254.0,1,3,NULL
256.0,256.0,1,3,151.0
257.0,257.0,1,3,NULL
258.0,258.0,1,3,1894.0
259.0,259.0,1,3,2400.0
261.0,261.0,1,3,1240.0
262.0,262.0,1,3,NULL
263.0,263.0,1,3,31.0
264.0,264.0,1,3,NULL
265.0,265.0,1,3,NULL
267.0,267.0,1,3,389.3
268.0,268.0,1,3,NULL
270.0,270.0,1,3,NULL
271.0,271.0,1,3,NULL
272.0,272.0,1,3,NULL
274.0,274.0,1,3,NULL
275.0,275.0,1,3,NULL
276.0,276.0,1,3,NULL
277.0,277.0,1,3,NULL
278.0,278.0,1,3,NULL
279.0,279.0,1,3,NULL
280.0,280.0,1,3,57.0
281.0,281.0,1,3,492.0
283.0,283.0,1,3,NULL
286.0,286.0,1,3,NULL
287.0,287.0,1,3,NULL
289.0,289.0,1,3,NULL
291.0,291.0,1,3,NULL
292.0,292.0,1,3,NULL
293.0,293.0,1,3,NULL
294.0,294.0,1,3,NULL
297.0,297.0,1,3,350.0
299.0,299.0,1,3,NULL
300.0,300.0,1,3,49.0
302.0,302.0,1,3,NULL
303.0,303.0,1,3,NULL
304.0,304.0,1,3,NULL
305.0,305.0,1,3,NULL
306.0,306.0,1,3,458.0
307.0,307.0,1,3,NULL
309.0,309.0,1,3,NULL
310.0,310.0,1,3,NULL
313.0,313.0,1,3,NULL
314.0,314.0,1,3,NULL
315.0,315.0,1,3,NULL
316.0,316.0,1,3,NULL
317.0,317.0,1,3,45.0
319.0,319.0,1,3,1192.0
321.0,321.0,1,3,NULL
322.0,322.0,1,3,220.0
323.0,323.0,1,3,NULL
325.0,325.0,1,3,600.0
327.0,327.0,1,3,NULL
329.0,329.0,1,3,NULL
330.0,330.0,1,3,NULL
333.0,333.0,1,3,369.0
335.0,335.0,1,3,NULL
336.0,336.0,1,3,NULL
337.0,337.0,1,3,NULL
338.0,338.0,1,3,100.0
340.0,340.0,1,3,NULL
341.0,341.0,1,3,NULL
342.0,342.0,1,3,NULL
343.0,343.0,1,3,750.0
344.0,344.0,1,3,NULL
346.0,346.0,1,3,NULL
347.0,347.0,1,3,33.0
348.0,348.0,1,3,100.0
349.0,349.0,1,3,NULL
350.0,350.0,1,3,NULL
351.0,351.0,1,3,NULL
352.0,352.0,1,3,29.0
353.0,353.0,1,3,763.0
354.0,354.0,1,3,NULL
355.0,355.0,1,3,200.0
356.0,356.0,1,3,430.0
357.0,357.0,1,3,722.0
358.0,358.0,1,3,NULL
359.0,359.0,1,3,100.0
360.0,360.0,1,3,NULL
361.0,361.0,1,3,NULL
363.0,363.0,1,3,NULL
365.0,365.0,1,3,NULL
366.0,366.0,1,3,NULL
367.0,367.0,1,3,NULL
368.0,368.0,1,3,NULL
369.0,369.0,1,3,69.0
370.0,370.0,1,3,NULL
371.0,371.0,1,3,NULL
372.0,372.0,1,3,347.0
373.0,373.0,1,3,NULL
374.0,374.0,1,3,NULL
375.0,375.0,1,3,NULL
377.0,377.0,1,3,NULL
378.0,378.0,1,3,40.0
380.0,380.0,1,3,NULL
381.0,381.0,1,3,NULL
382.0,382.0,1,3,NULL
383.0,383.0,1,3,NULL
386.0,386.0,1,3,NULL
387.0,387.0,1,3,NULL
388.0,388.0,1,3,NULL
390.0,390.0,1,3,1421.9
391.0,391.0,1,3,NULL
392.0,392.0,1,3,NULL
393.0,393.0,1,3,34.0
394.0,394.0,1,3,NULL
396.0,396.0,1,3,NULL
397.0,397.0,1,3,NULL
398.0,398.0,1,3,NULL
400.0,400.0,1,3,NULL
401.0,401.0,1,3,64.0
402.0,402.0,1,3,NULL
404.0,404.0,1,3,NULL
405.0,405.0,1,3,NULL
406.0,406.0,1,3,28.0
407.0,407.0,1,3,NULL
408.0,408.0,1,3,378.0
409.0,409.0,1,3,25.5
411.0,411.0,1,3,50.0
412.0,412.0,1,3,NULL
413.0,413.0,1,3,1920.0
414.0,414.0,1,3,NULL
415.0,415.0,1,3,NULL
416.0,416.0,1,3,NULL
417.0,417.0,1,3,NULL
418.0,418.0,1,3,NULL
419.0,419.0,1,3,NULL
420.0,420.0,1,3,3.5
421.0,421.0,1,3,NULL
422.0,422.0,1,3,40.0
423.0,423.0,1,3,NULL
424.0,424.0,1,3,NULL
425.0,425.0,1,3,3.8
427.0,427.0,1,3,495.0
428.0,428.0,1,3,NULL
429.0,429.0,1,3,NULL
431.0,431.0,1,3,NULL
432.0,432.0,1,3,638.0
433.0,433.0,1,3,NULL
434.0,434.0,1,3,700.0
435.0,435.0,1,3,NULL
436.0,436.0,1,3,NULL
437.0,437.0,1,3,1740.0
438.0,438.0,1,3,NULL
439.0,439.0,1,3,500.0
441.0,441.0,1,3,NULL
442.0,442.0,1,3,NULL
443.0,443.0,1,3,4.0
444.0,444.0,1,3,NULL
445.0,445.0,1,3,334.2
447.0,447.0,1,3,NULL
448.0,448.0,1,3,NULL
449.0,449.0,1,3,NULL
450.0,450.0,1,3,NULL
451.0,451.0,1,3,NULL
452.0,452.0,1,3,6.0
453.0,453.0,1,3,4.2
456.0,456.0,1,3,NULL
457.0,457.0,1,3,16.0
458.0,458.0,1,3,800.0
459.0,459.0,1,3,NULL
460.0,460.0,1,3,369.0
462.0,462.0,1,3,NULL
463.0,463.0,1,3,NULL
464.0,464.0,1,3,NULL
465.0,465.0,1,3,NULL
468.0,468.0,1,3,1305.0
470.0,470.0,1,3,76.7
471.0,471.0,1,3,744.5
474.0,474.0,1,3,1790.0
476.0,476.0,1,3,NULL
477.0,477.0,1,3,82.1
478.0,478.0,1,3,150.0
479.0,479.0,1,3,NULL
481.0,481.0,1,3,395.0
482.0,482.0,1,3,NULL
483.0,483.0,1,3,800.0
484.0,484.0,1,3,600.0
485.0,485.0,1,3,NULL
486.0,486.0,1,3,NULL
488.0,488.0,1,3,600.0
489.0,489.0,1,3,NULL
490.0,490.0,1,3,NULL
491.0,491.0,1,3,236.0
492.0,492.0,1,3,NULL
493.0,493.0,1,3,1563.0
494.0,494.0,1,3,NULL
496.0,496.0,1,3,NULL
497.0,497.0,1,3,NULL
498.0,498.0,1,3,922.0
499.0,499.0,1,3,NULL
501.0,501.0,1,3,NULL
502.0,502.0,1,3,NULL
503.0,503.0,1,3,NULL
504.0,504.0,1,3,NULL
505.0,505.0,1,3,NULL
506.0,506.0,1,3,NULL
507.0,507.0,1,3,NULL
508.0,508.0,1,3,335.0
509.0,509.0,1,3,NULL
510.0,510.0,1,3,NULL
511.0,511.0,1,3,NULL
512.0,512.0,1,3,NULL
513.0,513.0,1,3,NULL
514.0,514.0,1,3,NULL
516.0,516.0,1,3,61.0
517.0,517.0,1,3,NULL
519.0,519.0,1,3,1330.0
520.0,520.0,1,3,NULL
521.0,521.0,1,3,NULL
522.0,522.0,1,3,NULL
523.0,523.0,1,3,NULL
524.0,524.0,1,3,1111.0
525.0,525.0,1,3,NULL
526.0,526.0,1,3,600.0
527.0,527.0,1,3,NULL
528.0,528.0,1,3,500.0
529.0,529.0,1,3,NULL
530.0,530.0,1,3,NULL
531.0,531.0,1,3,NULL
532.0,532.0,1,3,NULL
533.0,533.0,1,3,NULL
534.0,534.0,1,3,NULL
535.0,535.0,1,3,1658.0
536.0,536.0,1,3,6.0
538.0,538.0,1,3,NULL
540.0,540.0,1,3,60.0
541.0,541.0,1,3,470.0
542.0,542.0,1,3,1100.0
544.0,544.0,1,3,NULL
545.0,545.0,1,3,2.5
546.0,546.0,1,3,2.5
547.0,547.0,1,3,450.0
548.0,548.0,1,3,NULL
549.0,549.0,1,3,400.0
550.0,550.0,1,3,420.0
552.0,552.0,1,3,600.0
553.0,553.0,1,3,NULL
554.0,554.0,1,3,NULL
555.0,555.0,1,3,NULL
557.0,557.0,1,3,21.0
558.0,558.0,1,3,NULL
559.0,559.0,1,3,86.0
560.0,560.0,1,3,NULL
561.0,561.0,1,3,1100.0
562.0,562.0,1,3,4.0
564.0,564.0,1,3,NULL
565.0,565.0,1,3,NULL
566.0,566.0,1,3,NULL
567.0,567.0,1,3,105.45
568.0,568.0,1,3,NULL
569.0,569.0,1,3,NULL
570.0,570.0,1,3,NULL
571.0,571.0,1,3,NULL
572.0,572.0,1,3,320.0
573.0,573.0,1,3,NULL
574.0,574.0,1,3,NULL
575.0,575.0,1,3,1220.0
576.0,576.0,1,3,1165.0
577.0,577.0,1,3,NULL
578.0,578.0,1,3,NULL
580.0,580.0,1,3,NULL
581.0,581.0,1,3,300.0
582.0,582.0,1,3,NULL
584.0,584.0,1,3,NULL
585.0,585.0,1,3,700.0
586.0,586.0,1,3,NULL
587.0,587.0,1,3,348.0
588.0,588.0,1,3,249.0
589.0,589.0,1,3,357.0
590.0,590.0,1,3,NULL
591.0,591.0,1,3,1959.0
592.0,592.0,1,3,1888.8
593.0,593.0,1,3,NULL
594.0,594.0,1,3,2233.0
595.0,595.0,1,3,1894.0
596.0,596.0,1,3,1886.3
597.0,597.0,1,3,362.1
598.0,598.0,1,3,374.0
599.0,599.0,1,3,NULL
600.0,600.0,1,3,NULL
601.0,601.0,1,3,NULL
602.0,602.0,1,3,NULL
604.0,604.0,1,3,1256.0
605.0,605.0,1,3,NULL
606.0,606.0,1,3,18.0
607.0,607.0,1,3,NULL
608.0,608.0,1,3,NULL
609.0,609.0,1,3,NULL
611.0,611.0,1,3,NULL
612.0,612.0,1,3,NULL
613.0,613.0,1,3,NULL
614.0,614.0,1,3,NULL
615.0,615.0,1,3,NULL
616.0,616.0,1,3,989.0
617.0,617.0,1,3,900.0
618.0,618.0,1,3,NULL
620.0,620.0,1,3,NULL
621.0,621.0,1,3,171.0
624.0,624.0,1,3,NULL
625.0,625.0,1,3,NULL
626.0,626.0,1,3,NULL
627.0,627.0,1,3,NULL
630.0,630.0,1,3,3.0
631.0,631.0,1,3,44.8
633.0,633.0,1,3,4.0
635.0,635.0,1,3,NULL
636.0,636.0,1,3,NULL
637.0,637.0,1,3,434.0
639.0,639.0,1,3,NULL
640.0,640.0,1,3,803.0
641.0,641.0,1,3,NULL
642.0,642.0,1,3,NULL
643.0,643.0,1,3,NULL
644.0,644.0,1,3,NULL
645.0,645.0,1,3,NULL
646.0,646.0,1,3,2415.9
647.0,647.0,1,3,NULL
648.0,648.0,1,3,NULL
650.0,650.0,1,3,1891.5
651.0,651.0,1,3,1881.0
652.0,652.0,1,3,NULL
653.0,653.0,1,3,95.0
654.0,654.0,1,3,NULL
655.0,655.0,1,3,3.0
656.0,656.0,1,3,10.0
658.0,658.0,1,3,NULL
659.0,659.0,1,3,NULL
660.0,660.0,1,3,1896.0
663.0,663.0,1,3,80.0
664.0,664.0,1,3,58.0
666.0,666.0,1,3,NULL
667.0,667.0,1,3,1156.5
668.0,668.0,1,3,NULL
671.0,671.0,1,3,NULL
672.0,672.0,1,3,NULL
674.0,674.0,1,3,NULL
675.0,675.0,1,3,NULL
676.0,676.0,1,3,497.0
677.0,677.0,1,3,NULL
678.0,678.0,1,3,NULL
682.0,682.0,1,3,1200.0
683.0,683.0,1,3,NULL
684.0,684.0,1,3,20.0
685.0,685.0,1,3,90.0
686.0,686.0,1,3,115.0
687.0,687.0,1,3,1100.0
688.0,688.0,1,3,NULL
690.0,690.0,1,3,NULL
691.0,691.0,1,3,30.0
692.0,692.0,1,3,400.0
693.0,693.0,1,3,400.0
694.0,694.0,1,3,NULL
695.0,695.0,1,3,25.4
696.0,696.0,1,3,NULL
697.0,697.0,1,3,NULL
698.0,698.0,1,3,418.0
699.0,699.0,1,3,300.0
700.0,700.0,1,3,NULL
701.0,701.0,1,3,400.0
702.0,702.0,1,3,NULL
703.0,703.0,1,3,NULL
704.0,704.0,1,3,NULL
705.0,705.0,1,3,NULL
706.0,706.0,1,3,NULL
707.0,707.0,1,3,7.2
708.0,708.0,1,3,NULL
709.0,709.0,1,3,NULL
710.0,710.0,1,3,NULL
711.0,711.0,1,3,52.5
712.0,712.0,1,3,NULL
713.0,713.0,1,3,NULL
714.0,714.0,1,3,NULL
715.0,715.0,1,3,27.9
716.0,716.0,1,3,NULL
718.0,718.0,1,3,160.0
719.0,719.0,1,3,4.0
720.0,720.0,1,3,913.0
722.0,722.0,1,3,NULL
723.0,723.0,1,3,NULL
724.0,724.0,1,3,758.0
725.0,725.0,1,3,NULL
726.0,726.0,1,3,140.0
728.0,728.0,1,3,NULL
729.0,729.0,1,3,NULL
731.0,731.0,1,3,NULL
732.0,732.0,1,3,NULL
733.0,733.0,1,3,4.0
734.0,734.0,1,3,1460.0
735.0,735.0,1,3,5.3
736.0,736.0,1,3,64.0
738.0,738.0,1,3,760.0
741.0,741.0,1,3,NULL
743.0,743.0,1,3,74.2
746.0,746.0,1,3,NULL
747.0,747.0,1,3,NULL
748.0,748.0,1,3,NULL
749.0,749.0,1,3,1780.0
750.0,750.0,1,3,500.0
751.0,751.0,1,3,NULL
752.0,752.0,1,3,285.0
753.0,753.0,1,3,NULL
754.0,754.0,1,3,1868.0
755.0,755.0,1,3,NULL
756.0,756.0,1,3,NULL
757.0,757.0,1,3,682.0
758.0,758.0,1,3,NULL
759.0,759.0,1,3,500.0
760.0,760.0,1,3,1889.0
764.0,764.0,1,3,2.5
765.0,765.0,1,3,NULL
766.0,766.0,1,3,4.5
768.0,768.0,1,3,NULL
770.0,770.0,1,3,NULL
772.0,772.0,1,3,4.5
773.0,773.0,1,3,630.0
774.0,774.0,1,3,37.0
775.0,775.0,1,3,37.3
776.0,776.0,1,3,NULL
777.0,777.0,1,3,NULL
778.0,778.0,1,3,900.0
780.0,780.0,1,3,NULL
781.0,781.0,1,3,45.0
782.0,782.0,1,3,NULL
783.0,783.0,1,3,NULL
784.0,784.0,1,3,NULL
785.0,785.0,1,3,NULL
786.0,786.0,1,3,1100.0
787.0,787.0,1,3,NULL
789.0,789.0,1,3,369.0
790.0,790.0,1,3,NULL
791.0,791.0,1,3,NULL
792.0,792.0,1,3,NULL
793.0,793.0,1,3,26.0
794.0,794.0,1,3,25.9
796.0,796.0,1,3,NULL
798.0,798.0,1,3,NULL
799.0,799.0,1,3,NULL
800.0,800.0,1,3,NULL
801.0,801.0,1,3,NULL
802.0,802.0,1,3,1448.0
803.0,803.0,1,3,29.2
804.0,804.0,1,3,962.0
809.0,809.0,1,3,NULL
810.0,810.0,1,3,NULL
811.0,811.0,1,3,NULL
812.0,812.0,1,3,1676.0
813.0,813.0,1,3,263.0
814.0,814.0,1,3,NULL
815.0,815.0,1,3,NULL
816.0,816.0,1,3,1889.0
818.0,818.0,1,3,NULL
819.0,819.0,1,3,NULL
820.0,820.0,1,3,NULL
822.0,822.0,1,3,51.0
823.0,823.0,1,3,NULL
824.0,824.0,1,3,NULL
825.0,825.0,1,3,NULL
826.0,826.0,1,3,NULL
827.0,827.0,1,3,NULL
828.0,828.0,1,3,84.78
829.0,829.0,1,3,NULL
831.0,831.0,1,3,NULL
832.0,832.0,1,3,NULL
835.0,835.0,1,3,62.0
839.0,839.0,1,3,NULL
840.0,840.0,1,3,NULL
842.0,842.0,1,3,428.0
843.0,843.0,1,3,NULL
844.0,844.0,1,3,1898.0
846.0,846.0,1,3,900.0
847.0,847.0,1,3,1050.0
849.0,849.0,1,3,485.0
852.0,852.0,1,3,150.0
853.0,853.0,1,3,21.0
854.0,854.0,1,3,NULL
856.0,856.0,1,3,34.0
859.0,859.0,1,3,47.0
862.0,862.0,1,3,NULL
863.0,863.0,1,3,NULL
864.0,864.0,1,3,NULL
865.0,865.0,1,3,NULL
866.0,866.0,1,3,NULL
868.0,868.0,1,3,NULL
869.0,869.0,1,3,NULL
870.0,870.0,1,3,723.0
871.0,871.0,1,3,NULL
873.0,873.0,1,3,292.0
875.0,875.0,1,3,1900.0
876.0,876.0,1,3,570.0
878.0,878.0,1,3,NULL
879.0,879.0,1,3,5.0
881.0,881.0,1,3,NULL
883.0,883.0,1,3,1400.0
884.0,884.0,1,3,NULL
885.0,885.0,1,3,245.0
886.0,886.0,1,3,480.0
887.0,887.0,1,3,3.75
888.0,888.0,1,3,NULL
889.0,889.0,1,3,NULL
890.0,890.0,1,3,NULL
893.0,893.0,1,3,NULL
895.0,895.0,1,3,NULL
897.0,897.0,1,3,500.0
899.0,899.0,1,3,NULL
900.0,900.0,1,3,NULL
901.0,901.0,1,3,580.0
902.0,902.0,1,3,930.0
903.0,903.0,1,3,698.2
904.0,904.0,1,3,NULL
905.0,905.0,1,3,NULL
907.0,907.0,1,3,500.0
908.0,908.0,1,3,NULL
909.0,909.0,1,3,7.0
910.0,910.0,1,3,NULL
911.0,911.0,1,3,732.0
913.0,913.0,1,3,NULL
914.0,914.0,1,3,78.0
915.0,915.0,1,3,NULL
916.0,916.0,1,3,400.0
918.0,918.0,1,3,6.0
920.0,920.0,1,3,3.5
921.0,921.0,1,3,NULL
922.0,922.0,1,3,NULL
923.0,923.0,1,3,51.8
924.0,924.0,1,3,NULL
925.0,925.0,1,3,500.0
926.0,926.0,1,3,3.0
927.0,927.0,1,3,4.5
929.0,929.0,1,3,430.0
930.0,930.0,1,3,NULL
931.0,931.0,1,3,NULL
934.0,934.0,1,3,NULL
935.0,935.0,1,3,930.0
936.0,936.0,1,3,3.85
938.0,938.0,1,3,NULL
939.0,939.0,1,3,NULL
940.0,940.0,1,3,NULL
941.0,941.0,1,3,NULL
942.0,942.0,1,3,NULL
943.0,943.0,1,3,747.4
944.0,944.0,1,3,NULL
945.0,945.0,1,3,780.0
946.0,946.0,1,3,4.3
947.0,947.0,1,3,36.5
949.0,949.0,1,3,11.2
950.0,950.0,1,3,NULL
951.0,951.0,1,3,NULL
952.0,952.0,1,3,NULL
953.0,953.0,1,3,20.0
954.0,954.0,1,3,70.0
955.0,955.0,1,3,NULL
956.0,956.0,1,3,NULL
958.0,958.0,1,3,759.4
959.0,959.0,1,3,NULL
960.0,960.0,1,3,NULL
961.0,961.0,1,3,59.0
962.0,962.0,1,3,NULL
964.0,964.0,1,3,1000.0
965.0,965.0,1,3,NULL
966.0,966.0,1,3,NULL
967.0,967.0,1,3,296.0
968.0,968.0,1,3,520.0
972.0,972.0,1,3,552.0
974.0,974.0,1,3,NULL
975.0,975.0,1,3,112.0
976.0,976.0,1,3,NULL
977.0,977.0,1,3,NULL
978.0,978.0,1,3,32.0
979.0,979.0,1,3,45.0
980.0,980.0,1,3,52.0
981.0,981.0,1,3,NULL
982.0,982.0,1,3,NULL
983.0,983.0,1,3,NULL
984.0,984.0,1,3,NULL
986.0,986.0,1,3,NULL
987.0,987.0,1,3,NULL
988.0,988.0,1,3,NULL
989.0,989.0,1,3,3.5
990.0,990.0,1,3,100.0
991.0,991.0,1,3,4.0
993.0,993.0,1,3,270.0
994.0,994.0,1,3,NULL
996.0,996.0,1,3,340.0
997.0,997.0,1,3,NULL
998.0,998.0,1,3,NULL
999.0,999.0,1,3,NULL
1000.0,1000.0,1,3,NULL
1002.0,1002.0,1,3,170.0
1003.0,1003.0,1,3,NULL
1005.0,1005.0,1,3,489.0
1006.0,1006.0,1,3,NULL
1007.0,1007.0,1,3,1459.0
1008.0,1008.0,1,3,NULL
1009.0,1009.0,1,3,140.0
1010.0,1010.0,1,3,112.0
1011.0,1011.0,1,3,199.47
1014.0,1014.0,1,3,NULL
1015.0,1015.0,1,3,NULL
1016.0,1016.0,1,3,600.0
1017.0,1017.0,1,3,4.2
1018.0,1018.0,1,3,400.0
1019.0,1019.0,1,3,NULL
1020.0,1020.0,1,3,NULL
1022.0,1022.0,1,3,NULL
1027.0,1027.0,1,3,261.0
1031.0,1031.0,1,3,NULL
1032.0,1032.0,1,3,NULL
1033.0,1033.0,1,3,NULL
1036.0,1036.0,1,3,2.8
1037.0,1037.0,1,3,1896.0
1038.0,1038.0,1,3,NULL
1041.0,1041.0,1,3,32.9
1043.0,1043.0,1,3,NULL
1044.0,1044.0,1,3,4.0
1045.0,1045.0,1,3,1031.0
1046.0,1046.0,1,3,3.4
1047.0,1047.0,1,3,730.0
1048.0,1048.0,1,3,NULL
1049.0,1049.0,1,3,3.5
1050.0,1050.0,1,3,51.0
1051.0,1051.0,1,3,NULL
1053.0,1053.0,1,3,36.0
1055.0,1055.0,1,3,NULL
1056.0,1056.0,1,3,3.5
1057.0,1057.0,1,3,NULL
1058.0,1058.0,1,3,8.5
1059.0,1059.0,1,3,866.0
1060.0,1060.0,1,3,NULL
1061.0,1061.0,1,3,NULL
1062.0,1062.0,1,3,NULL
1063.0,1063.0,1,3,NULL
1064.0,1064.0,1,3,NULL
1065.0,1065.0,1,3,NULL
1066.0,1066.0,1,3,NULL
1067.0,1067.0,1,3,160.0
1069.0,1069.0,1,3,65.0
1070.0,1070.0,1,3,NULL
1074.0,1074.0,1,3,73.8
1075.0,1075.0,1,3,47.0
1076.0,1076.0,1,3,5.0
1077.0,1077.0,1,3,NULL
1079.0,1079.0,1,3,NULL
1081.0,1081.0,1,3,3.3
1082.0,1082.0,1,3,NULL
1084.0,1084.0,1,3,54.0
1085.0,1085.0,1,3,NULL
1086.0,1086.0,1,3,7.2
1087.0,1087.0,1,3,NULL
1089.0,1089.0,1,3,21.2
1090.0,1090.0,1,3,69.75
1091.0,1091.0,1,3,61.6
1093.0,1093.0,1,3,NULL
1095.0,1095.0,1,3,NULL
1096.0,1096.0,1,3,NULL
1097.0,1097.0,1,3,NULL
1098.0,1098.0,1,3,NULL
1099.0,1099.0,1,3,NULL
1100.0,1100.0,1,3,2000.0
1101.0,1101.0,1,3,NULL
1102.0,1102.0,1,3,NULL
1103.0,1103.0,1,3,NULL
1104.0,1104.0,1,3,NULL
1105.0,1105.0,1,3,NULL
1106.0,1106.0,1,3,1000.0
1107.0,1107.0,1,3,754.0
1108.0,1108.0,1,3,NULL
1109.0,1109.0,1,3,NULL
1110.0,1110.0,1,3,735.0
1112.0,1112.0,1,3,1000.0
1113.0,1113.0,1,3,NULL
1114.0,1114.0,1,3,NULL
1116.0,1116.0,1,3,NULL
1117.0,1117.0,1,3,NULL
1119.0,1119.0,1,3,34.3
1120.0,1120.0,1,3,NULL
1124.0,1124.0,1,3,NULL
1125.0,1125.0,1,3,NULL
1131.0,1131.0,1,3,NULL
1132.0,1132.0,1,3,780.0
1133.0,1133.0,1,3,735.2
1134.0,1134.0,1,3,NULL
1136.0,1136.0,1,3,NULL
1137.0,1137.0,1,3,NULL
1138.0,1138.0,1,3,NULL
1140.0,1140.0,1,3,NULL
1141.0,1141.0,1,3,NULL
1142.0,1142.0,1,3,NULL
1143.0,1143.0,1,3,40.0
1145.0,1145.0,1,3,NULL
1146.0,1146.0,1,3,907.0
1148.0,1148.0,1,3,860.0
1151.0,1151.0,1,3,NULL
1154.0,1154.0,1,3,NULL
1155.0,1155.0,1,3,NULL
1156.0,1156.0,1,3,NULL
1158.0,1158.0,1,3,NULL
1159.0,1159.0,1,3,640.9
1160.0,1160.0,1,3,NULL
1161.0,1161.0,1,3,305.0
1163.0,1163.0,1,3,NULL
1164.0,1164.0,1,3,NULL
1165.0,1165.0,1,3,NULL
1166.0,1166.0,1,3,NULL
1167.0,1167.0,1,3,NULL
1168.0,1168.0,1,3,NULL
1169.0,1169.0,1,3,NULL
1170.0,1170.0,1,3,245.0
1171.0,1171.0,1,3,NULL
1172.0,1172.0,1,3,NULL
1173.0,1173.0,1,3,NULL
1175.0,1175.0,1,3,NULL
1176.0,1176.0,1,3,NULL
1177.0,1177.0,1,3,NULL
1178.0,1178.0,1,3,60.0
1179.0,1179.0,1,3,9.3
1180.0,1180.0,1,3,83.06
1181.0,1181.0,1,3,NULL
1182.0,1182.0,1,3,540.0
1183.0,1183.0,1,3,900.0
1185.0,1185.0,1,3,NULL
1187.0,1187.0,1,3,NULL
1188.0,1188.0,1,3,NULL
1191.0,1191.0,1,3,698.0
1192.0,1192.0,1,3,700.0
1195.0,1195.0,1,3,NULL
1196.0,1196.0,1,3,52.0
1197.0,1197.0,1,3,NULL
1198.0,1198.0,1,3,30.0
1199.0,1199.0,1,3,34.3
1200.0,1200.0,1,3,52.2
1201.0,1201.0,1,3,NULL
1202.0,1202.0,1,3,NULL
1203.0,1203.0,1,3,NULL
1205.0,1205.0,1,3,780.0
1206.0,1206.0,1,3,NULL
1208.0,1208.0,1,3,NULL
1209.0,1209.0,1,3,3.0
1210.0,1210.0,1,3,471.25
1213.0,1213.0,1,3,NULL
1214.0,1214.0,1,3,250.0
1215.0,1215.0,1,3,421.0
1216.0,1216.0,1,3,NULL
1218.0,1218.0,1,3,4.5
1219.0,1219.0,1,3,2530.0
1220.0,1220.0,1,3,NULL
1221.0,1221.0,1,3,456.0
1222.0,1222.0,1,3,NULL
1223.0,1223.0,1,3,810.0
1224.0,1224.0,1,3,NULL
1225.0,1225.0,1,3,NULL
1228.0,1228.0,1,3,NULL
1230.0,1230.0,1,3,972.4
1231.0,1231.0,1,3,580.0
1233.0,1233.0,1,3,31.0
1234.0,1234.0,1,3,388.0
1235.0,1235.0,1,3,6.0
1236.0,1236.0,1,3,NULL
1238.0,1238.0,1,3,NULL
1239.0,1239.0,1,3,NULL
1240.0,1240.0,1,3,1625.0
1241.0,1241.0,1,3,NULL
1245.0,1245.0,1,3,200.0
1246.0,1246.0,1,3,NULL
1247.0,1247.0,1,3,NULL
1248.0,1248.0,1,3,NULL
1249.0,1249.0,1,3,NULL
1251.0,1251.0,1,3,NULL
1252.0,1252.0,1,3,610.0
1254.0,1254.0,1,3,1030.0
1255.0,1255.0,1,3,NULL
1256.0,1256.0,1,3,NULL
1257.0,1257.0,1,3,NULL
1258.0,1258.0,1,3,107.0
1259.0,1259.0,1,3,NULL
1261.0,1261.0,1,3,NULL
1262.0,1262.0,1,3,650.0
1264.0,1264.0,1,3,NULL
1267.0,1267.0,1,3,39.0
1268.0,1268.0,1,3,NULL
1269.0,1269.0,1,3,120.0
1271.0,1271.0,1,3,NULL
1272.0,1272.0,1,3,NULL
1277.0,1277.0,1,3,NULL
1278.0,1278.0,1,3,NULL
1279.0,1279.0,1,3,110.0
1280.0,1280.0,1,3,15.0
1281.0,1281.0,1,3,NULL
1282.0,1282.0,1,3,650.0
1284.0,1284.0,1,3,NULL
1285.0,1285.0,1,3,NULL
1286.0,1286.0,1,3,NULL
1288.0,1288.0,1,3,5.0
1289.0,1289.0,1,3,NULL
1292.0,1292.0,1,3,NULL
1293.0,1293.0,1,3,51.0
1295.0,1295.0,1,3,NULL
1299.0,1299.0,1,3,NULL
1300.0,1300.0,1,3,NULL
1302.0,1302.0,1,3,NULL
1303.0,1303.0,1,3,NULL
1304.0,1304.0,1,3,NULL
1308.0,1308.0,1,3,24.8
1309.0,1309.0,1,3,NULL
1311.0,1311.0,1,3,6.5
1312.0,1312.0,1,3,NULL
1313.0,1313.0,1,3,NULL
1314.0,1314.0,1,3,NULL
1315.0,1315.0,1,3,NULL
1317.0,1317.0,1,3,26.0
1318.0,1318.0,1,3,NULL
1319.0,1319.0,1,3,NULL
1320.0,1320.0,1,3,17.0
1321.0,1321.0,1,3,NULL
1322.0,1322.0,1,3,NULL
1324.0,1324.0,1,3,696.0
1325.0,1325.0,1,3,191.2
1326.0,1326.0,1,3,NULL
1329.0,1329.0,1,3,NULL
1330.0,1330.0,1,3,45.0
1331.0,1331.0,1,3,NULL
1332.0,1332.0,1,3,NULL
1333.0,1333.0,1,3,NULL
1334.0,1334.0,1,3,NULL
1335.0,1335.0,1,3,55.1
1337.0,1337.0,1,3,NULL
1338.0,1338.0,1,3,NULL
1339.0,1339.0,1,3,990.0
1340.0,1340.0,1,3,1200.0
1341.0,1341.0,1,3,70.0
1342.0,1342.0,1,3,NULL
1343.0,1343.0,1,3,NULL
1344.0,1344.0,1,3,NULL
1345.0,1345.0,1,3,105.0
1349.0,1349.0,1,3,NULL
1350.0,1350.0,1,3,31.0
1351.0,1351.0,1,3,NULL
1352.0,1352.0,1,3,34.5
1354.0,1354.0,1,3,NULL
1355.0,1355.0,1,3,NULL
1356.0,1356.0,1,3,NULL
1358.0,1358.0,1,3,28.6
1359.0,1359.0,1,3,NULL
1360.0,1360.0,1,3,160.0
1362.0,1362.0,1,3,30.0
1365.0,1365.0,1,3,NULL
1368.0,1368.0,1,3,NULL
1370.0,1370.0,1,3,NULL
1371.0,1371.0,1,3,60.5
1373.0,1373.0,1,3,50.0
1374.0,1374.0,1,3,NULL
1375.0,1375.0,1,3,NULL
1376.0,1376.0,1,3,NULL
1377.0,1377.0,1,3,NULL
1378.0,1378.0,1,3,NULL
1381.0,1381.0,1,3,NULL
1382.0,1382.0,1,3,400.0
1383.0,1383.0,1,3,NULL
1385.0,1385.0,1,3,NULL
1386.0,1386.0,1,3,NULL
1391.0,1391.0,1,3,NULL
1392.0,1392.0,1,3,NULL
1394.0,1394.0,1,3,1500.0
1395.0,1395.0,1,3,392.58
1396.0,1396.0,1,3,NULL
1398.0,1398.0,1,3,NULL
1399.0,1399.0,1,3,NULL
1400.0,1400.0,1,3,65.0
1403.0,1403.0,1,3,NULL
1404.0,1404.0,1,3,3.3
1405.0,1405.0,1,3,NULL
1408.0,1408.0,1,3,NULL
1409.0,1409.0,1,3,330.0
1411.0,1411.0,1,3,NULL
