villageInnerId_村庄内部代码,gazetteerId_村志代码,villageId_村庄代码,nameChineseCharacters_村名汉字,nameHanyuPinyin_村名汉语拼音
1.0,1.0,411082100218,太平店村,Taipingdian Cun
2.0,2.0,420116403201,叶店村,Yedian Cun
3.0,3.0,522328102210,马鞭田村,Mabiantian Cun
4.0,4.0,450107002201,万秀村,Wanxiu Cun
5.0,5.0,130632200207,光淀村,Guangdian Cun
6.0,6.0,130522201225,方等村,Fangdeng Cun
7.0,7.0,NULL,渔津洼村,Yujinwa Cun
8.0,8.0,532530101211,板板桥村,Banbanqiao Cun
9.0,9.0,130535100213,仓上村,Cangshang Cun
10.0,10.0,110105038210,草场地村,Caochangdi Cun
11.0,11.0,441900110202,桥梓村,Qiaozi Cun
12.0,12.0,NULL,东侯坊村,Donghoufang Cun
13.0,13.0,110106202201,黄土岗村,Huangtugang Cun
14.0,14.0,410581106229,桑耳庄村,Sang'erzhuang Cun
15.0,15.0,110111209207,三合村,Sanhe Cun
16.0,16.0,NULL,上梅林村,Shangmeilin Cun
17.0,17.0,110114007206,单家村,Shanjia Cun
18.0,18.0,370687001201,生产村,Shengchan Cun
19.0,19.0,310120501203,树园村,Shuyuan Cun
20.0,20.0,110115005206,西黄村,Xihuang Cun
21.0,21.0,110111110212,张坊村,Zhangfang Cun
22.0,22.0,370921107223,张家圩子村,Zhangjiaweizi Cun
23.0,23.0,350702105207,凤池村,Fengchi Cun
24.0,24.0,440306007015,楼村,Lou Cun
25.0,25.0,520121206201,马头村,Matou Cun
26.0,26.0,450109100203,孟莲村,Menglian Cun
27.0,27.0,460201104001,马岭村,Maling Cun
28.0,28.0,350822103222,莲塘村,Liantang Cun
29.0,29.0,NULL,刘国忠村,Liuguozhong Cun
30.0,30.0,520402006203,管元村,Guanyuan Cun
31.0,31.0,130107101003,南凤山村,Nanfengshan Cun
32.0,32.0,310112107204,井亭村,Jingting Cun
33.0,33.0,130129100206,见守村,Jianshou Cun
34.0,34.0,220105100208,胡家村,Hujia Cun
35.0,35.0,350212108003,洪塘头村,Hongtangtou Cun
36.0,36.0,320412100223,周家巷村,Zhoujiaxiang Cun
37.0,37.0,610303100007,联盟村,Lianmeng Cun
38.0,38.0,130983204216,梁口村,Liangkou Cun
39.0,39.0,310230113210,骏马村,Junma Cun
40.0,40.0,430702205205,金家坪村,Jinjiaping Cun
41.0,41.0,469023100204,博谭村,Botan Cun
42.0,42.0,310112107205,新桥村,Xinqiao Cun
43.0,43.0,110108104213,草厂村,Caochang Cun
44.0,44.0,410526201201,大吕庄村,Dalüzhuang Cun
45.0,45.0,620724201200,定安村,Ding'an Cun
46.0,46.0,210212400204,方家村,Fangjia Cun
47.0,47.0,310120502002,冯桥村,Fengqiao Cun
48.0,48.0,110106201215,小瓦窑村,Xiaowayao Cun
49.0,49.0,330621103235,富强村,Fuqiang Cun
50.0,50.0,350181007201,音西村,Yinxi Cun
51.0,51.0,445221112203,潭前王村,Tanqianwang Cun
52.0,52.0,210212012206,郭家沟村,Guojiagou Cun
53.0,53.0,320412109234,牟家村,Moujia Cun
54.0,54.0,410523204205,西官庄村,Xiguanzhuang Cun
55.0,55.0,350111101201,西园村,Xiyuan Cun
56.0,56.0,NULL,沐陂村,Mubei Cun
57.0,57.0,420626107221,尧治河村,Yaozhihe Cun
58.0,58.0,210212013204,袁家沟村,Yuanjiagou Cun
59.0,59.0,410883100218,云水村,Yunshui Cun
60.0,60.0,440605125226,平地村,Pingdi Cun
61.0,61.0,130604200205,西高庄村,Xigaozhuang Cun
62.0,62.0,420114070220,新华村,Xinhua Cun
63.0,63.0,410581106218,盘山村,Panshan Cun
64.0,64.0,110106201203,三路居村,Sanluju Cun
65.0,65.0,110116103202,仙台村,Xiantai Cun
66.0,66.0,110111208202,四马台村,Simatai Cun
67.0,67.0,130429200212,西洞头村,Xidongtou Cun
68.0,68.0,522629104218,五河苗族村,Wuhe Miaozu Cun
69.0,69.0,610112002201,五一村,Wuyi Cun
70.0,70.0,140322101211,乌玉村,Wuyu Cun
71.0,71.0,210212005200,前夹山村,Qianjiashan Cun
72.0,72.0,330108003201,浦联村,Pulian Cun
73.0,73.0,370783006232,三元朱村,Sanyuanzhu Cun
74.0,74.0,110114113205,上东廓村,Shangdongkuo Cun
75.0,75.0,320581100015,琴湖村,Qinhu Cun
76.0,76.0,110115111210,沁水营村,Qinshuiying Cun
77.0,77.0,210212400200,三洋村,Sanyang Cun
78.0,78.0,210212005202,三八里村,Sanbali Cun
79.0,79.0,330303001220,坦头村,Tantou Cun
80.0,80.0,610112002221,新店村,Xindian Cun
81.0,81.0,370983102210,北仪仙村,Beiyixian Cun
82.0,82.0,NULL,北良侯村,Beilianghou Cun
83.0,83.0,140522102202,柏沟村,Bogou Cun
84.0,84.0,451228204203,三力村,Sanli Cun
85.0,85.0,NULL,马鼻村,Mabi Cun
86.0,86.0,NULL,石䧱村,Shikuan Cun
87.0,87.0,341824102204,坦头村,Tantou Cun
88.0,88.0,120112102202,传字营村,Chuanziying Cun
89.0,89.0,120110005201,新立村,Xinli Cun
90.0,90.0,450902004208,高山村,Gaoshan Cun
91.0,91.0,530111008204,福保村,Fubao Cun
92.0,92.0,451226101002,上南村,Shangnan Cun
93.0,93.0,120113111206,霍庄子村,Huozhuangzi Cun
94.0,94.0,140521104201,长畛村,Changzhen Cun
95.0,95.0,510503109202,大河村,Dahe Cun
96.0,96.0,120111100216,大蒋庄村,Dajiangzhuang Cun
97.0,97.0,510131102212,插旗山村,Chaqishan Cun
98.0,98.0,530111001004,福德村,Fude Cun
99.0,99.0,532901108203,银桥村,Yinqiao Cun
100.0,100.0,640425101219,崖堡村,Yabao Cun
101.0,101.0,450222100206,龙台村,Longtai Cun
102.0,102.0,450222100208,洛古村,Luogu Cun
103.0,103.0,450222100215,吉兆村,Jizhao Cun
104.0,104.0,450222101208,码头村,Matou Cun
105.0,105.0,450222102205,黄宜村,Huangyi Cun
106.0,106.0,450222102212,山咀村,Shanzui Cun
107.0,107.0,450222103204,六广村,Liuguang Cun
108.0,108.0,450222104210,莫道村,Modao Cun
109.0,109.0,450222104215,走马村,Zouma Cun
110.0,110.0,450222104211,新龙村,Xinlong Cun
111.0,111.0,450222105201,二塘村,Ertang Cun
112.0,112.0,450222202202,社冲村,Shechong Cun
113.0,113.0,620123207201,东古城村,Donggucheng Cun
114.0,114.0,371324112209,涌泉村,Yongquan Cun
115.0,115.0,330602106202,荷湖村,Hehu Cun
116.0,116.0,520330201207,青峰村,Qingfeng Cun
117.0,117.0,231221203201,正蓝前二村,Zhenglanqianer Cun
118.0,118.0,420704001205,百子畈村,Baizifan Cun
119.0,119.0,421087112218,三堰淌村,Sanyantang Cun
120.0,120.0,150722106211,小库木尔村,Xiaokumuer Cun
121.0,121.0,469023101003,马村,Ma Cun
123.0,123.0,NULL,小三家子村,Xiaosanjiazi Cun
124.0,124.0,620121200201,复兴村,Fuxing Cun
125.0,125.0,430821100248,长见村,Changjian Cun
126.0,126.0,469023101213,文大村,Wenda Cun
127.0,127.0,NULL,浪营村,Langying Cun
128.0,128.0,330881118260,白沙村,Baisha Cun
129.0,129.0,632123103001,高庙村,Gaomiao Cun
130.0,130.0,632128200201,起台堡村,Qitaibao Cun
131.0,131.0,341522105216,双庄村,Shuangzhuang Cun
132.0,132.0,370213009001,毕家上流村,Bijiashangliu Cun
133.0,133.0,120113100204,天穆村,Tianmu Cun
134.0,134.0,640423209204,梁堡村,Liangbao Cun
135.0,135.0,150221215200,苏波盖村,Subogai Cun
136.0,136.0,469027108212,丹村,Dan Cun
137.0,137.0,433123101209,菖蒲塘村,Changputang Cun
138.0,138.0,140823102222,东颜村,Dongyan Cun
139.0,139.0,522628104207,魁胆村,Kuidan Cun
140.0,140.0,522628202200,隆里所村,Longlisuo Cun
141.0,141.0,150402010202,大三家村,Dasanjia Cun
142.0,142.0,640121100205,纳家户村,Najiahu Cun
143.0,143.0,222404101206,防川村,Fangchuan Cun
144.0,144.0,341824103200,上庄村,Shangzhuang Cun
145.0,145.0,510112109211,宝狮村,Baoshi Cun
146.0,146.0,511902216200,凤凰庙村,Fenghuangmiao Cun
147.0,147.0,341021201210,卖花渔村,Maihuayu Cun
148.0,148.0,150123203203,西厂圪洞村,Xichanggedong Cun
149.0,149.0,630105100201,严小村,Yanxiao Cun
150.0,150.0,320903110007,宝才村,Baocai Cun
151.0,151.0,130185105202,宜安村,Yian Cun
152.0,152.0,NULL,传桂村,Chuangui Cun
153.0,153.0,360781200200,叶坪村,Yeping Cun
154.0,154.0,NULL,马路村,Malu Cun
156.0,156.0,431121100214,百花村,Baihua Cun
157.0,157.0,500106014202,上桥村,Shangqiao Cun
158.0,158.0,420704102203,茅草村,Maocao Cun
159.0,159.0,610113004200,北山门口村,Beishanmenkou Cun
160.0,160.0,NULL,逯家寨村,Lujiazhai Cun
161.0,161.0,522625102204,鸡鸣村,Jiming Cun
162.0,162.0,522628103210,丁达村,Dingda Cun
163.0,163.0,NULL,莲麻坑村,Lianmakeng Cun
164.0,164.0,620722105200,八卦营村,Baguaying Cun
165.0,165.0,361130103212,大畈村,Dafan Cun
166.0,166.0,120110006208,赤土村,Chitu Cun
167.0,167.0,150102008210,南店村,Nandian Cun
168.0,168.0,150429103206,杨树林子村,Yangshulinzi Cun
169.0,169.0,220211200200,永庆村,Yongqing Cun
170.0,170.0,630105100204,鲍家寨村,Baojiazhai Cun
171.0,171.0,420581101210,青林寺村,Qinglinsi Cun
172.0,172.0,620724201201,定平村,Dingping Cun
173.0,173.0,511602102212,果山村,Guoshan Cun
174.0,174.0,330783107246,蔡宅村,Caizhai Cun
176.0,176.0,640324203208,汪家塬村,Wangjiayuan Cun
177.0,177.0,530112006001,船房村,Chuanfang Cun
178.0,178.0,120113102210,双街村,Shuangjie Cun
179.0,179.0,451421203202,木民村,Mumin Cun
180.0,180.0,231084100203,红城村,Hongcheng Cun
181.0,181.0,440604011212,弼唐村,Bitang Cun
183.0,183.0,130983103217,旧城村,Jiucheng Cun
184.0,184.0,NULL,横西村,Hengxi Cun
185.0,185.0,460105100212,镇海村,Zhenhai Cun
186.0,186.0,433130206211,白岩洞村,Baiyandong Cun
187.0,187.0,410782103001,百泉村,Baiquan Cun
188.0,188.0,440811100205,调塾村,Tiaoshu Cun
189.0,189.0,131026102207,苑口村,Yuankou Cun
190.0,190.0,130302101019,范家店村,Fanjiadian Cun
191.0,191.0,440306007007,塘尾村,Tangwei Cun
192.0,192.0,610112002200,三桥村,Sanqiao Cun
193.0,193.0,440781106212,唐美村,Tangmei Cun
194.0,194.0,331124206200,界首村,Jieshou Cun
195.0,195.0,532901104202,珂里庄村,Kelizhuang Cun
196.0,196.0,610826106200,吉镇村,Jizhen Cun
197.0,197.0,140431104209,贤友村,Xianyou Cun
198.0,198.0,610830101221,徐家河村,Xujiahe Cun
199.0,199.0,320581100228,勤丰村,Qinfeng Cun
200.0,200.0,610113002203,观音庙村,Guanyinmiao Cun
201.0,201.0,320582106210,永联村,Yonglian Cun
203.0,203.0,110228101204,石马峪村,Shimayu Cun
204.0,204.0,530423105203,者湾村,Zhewan Cun
205.0,205.0,511126101203,黄土村,Huangtu Cun
206.0,206.0,532901104207,上关村,Shangguan Cun
207.0,207.0,510114103218,兴堰村,Xingyan Cun
208.0,208.0,510108013004,人民塘村,Renmintang Cun
209.0,209.0,530111006004,海东村,Haidong Cun
210.0,210.0,530421101201,三街村,Sanjie Cun
211.0,211.0,530521103206,山邑村,Shanyi Cun
212.0,212.0,510115101223,石坝村,Shiba Cun
213.0,213.0,510184119214,群安村,Qun'an Cun
214.0,214.0,530111005005,云溪村,Yunxi Cun
215.0,215.0,530127101224,龙街村,Longjie Cun
216.0,216.0,510181105228,金陵村,Jinling Cun
217.0,217.0,510122121208,瓦窑村,Wayao Cun
218.0,218.0,310112102203,九星村,Jiuxing Cun
219.0,219.0,533325101201,金凤村,Jinfeng Cun
220.0,220.0,532530202209,董棕河村,Dongzonghe Cun
221.0,221.0,310120118214,南胜村,Nansheng Cun
222.0,222.0,110108103201,唐家岭村,Tangjialing Cun
223.0,223.0,NULL,水闸口村,Shuizhakou Cun
224.0,224.0,110116004210,柏崖厂村,Baiyachang Cun
225.0,225.0,110107004010,古城村,Gucheng Cun
226.0,226.0,532901001201,天井村,Tianjing Cun
227.0,227.0,110115005233,后辛庄村,Houxinzhuang Cun
228.0,228.0,310115125220,环东村,Huandong Cun
229.0,229.0,530127104204,上马坊村,Shangmafang Cun
230.0,230.0,NULL,果园村,Guoyuan Cun
231.0,231.0,310115133206,众安村,Zhongan Cun
232.0,232.0,110106201201,马连道村,Maliandao Cun
233.0,233.0,NULL,棠东村,Tangdong Cun
234.0,234.0,441900111225,小坑村,Xiaokeng Cun
235.0,235.0,530524101202,勐廷村,Mengting Cun
236.0,236.0,110113113206,榆林村,Yulin Cun
238.0,238.0,310115103227,界龙村,Jielong Cun
239.0,239.0,530126101218,北山村,Beishan Cun
241.0,241.0,110105027202,龙爪树村,Longzhuashu Cun
242.0,242.0,310116109209,横浦村,Hengpu Cun
243.0,243.0,110111009200,南韩继村,Nanhanji Cun
244.0,244.0,310120102220,盐行村,Yanhang Cun
245.0,245.0,330382114208,上园村,Shangyuan Cun
246.0,246.0,310116109212,卫通村,Weitong Cun
247.0,247.0,310116104215,亭北村,Tingbei Cun
248.0,248.0,110112119219,东夏园村,Dongxiayuan Cun
249.0,249.0,310112103210,北桥村,Beiqiao Cun
250.0,250.0,310116101222,慧农村,Huinong Cun
251.0,251.0,532931101214,双河村,Shuanghe Cun
252.0,252.0,110111212211,金鸡台村,Jinjitai Cun
253.0,253.0,310118105216,崧泽村,Songze Cun
254.0,254.0,310116104204,亭东村,Tingdong Cun
255.0,255.0,310116101203,民主村,Minzhu Cun
256.0,256.0,110111009212,黄山店村,Huangshandian Cun
257.0,257.0,310112108202,华一村,Huayi Cun
258.0,258.0,530111006008,罗衙村,Luoya Cun
259.0,259.0,533325101002,江头河村,Jiangtouhe Cun
260.0,260.0,310114109203,钱桥村,Qianqiao Cun
261.0,261.0,140722200200,寒王村,Hanwang Cun
262.0,262.0,441900102202,新维村,Xinwei Cun
263.0,263.0,130181204226,东张口村,Dongzhangkou Cun
264.0,264.0,350105101216,长安村,Chang'an Cun
265.0,265.0,130481103402,磁山村,Cishan Cun
266.0,266.0,430703115203,洞阳观村,Dongyangguan Cun
267.0,267.0,610581002204,晨钟村,Chenzhong Cun
268.0,268.0,410306200200,北陈村,Beichen Cun
269.0,269.0,350823104206,南坑村,Nankeng Cun
270.0,270.0,330781200206,洞源村,Dongyuan Cun
271.0,271.0,610524100201,东街村,Dongjie Cun
272.0,272.0,430923103234,芙蓉村,Furong Cun
273.0,273.0,350121201213,超墘村,Chaoqian Cun
274.0,274.0,440306004006,怀德村,Huaide Cun
275.0,275.0,210212400205,高家村,Gaojia Cun
276.0,276.0,210212400206,大潘家村,Dapanjia Cun
277.0,277.0,370285107236,东大寨村,Dongdazhai Cun
278.0,278.0,330621106205,国际村,Guoji Cun
279.0,279.0,621121206207,黑石头村,Heishitou Cun
280.0,280.0,130421200218,北寨张村,Beizhaizhang Cun
281.0,281.0,210522110209,碑登村,Beideng Cun
282.0,282.0,330782004007,何麻车村,Hemache Cun
283.0,283.0,130426106201,固新村,Guxin Cun
285.0,285.0,441900110212,土塘村,Tutang Cun
286.0,286.0,110106201213,大井村,Dajing Cun
287.0,287.0,310116113208,东方村,Dongfang Cun
288.0,288.0,430702101213,枫树岗村,Fengshugang Cun
289.0,289.0,350122104201,百胜村,Baisheng Cun
290.0,290.0,211322004207,大板沟村,Dabangou Cun
291.0,291.0,370681101227,官曲村,Guanqu Cun
292.0,292.0,411222102209,凡村,Fan Cun
293.0,293.0,610624102204,碟子沟村,Diezigou Cun
294.0,294.0,NULL,北沙坡村,Beishapo Cun
295.0,295.0,370283004224,何家楼村,Hejialou Cun
296.0,296.0,371626101306,大省村,Dasheng Cun
297.0,297.0,130582201207,册井村,Cejing Cun
298.0,298.0,610821111244,葛富村,Gefu Cun
299.0,299.0,210921120210,衙门村,Yamen Cun
300.0,300.0,130434202215,斗门村,Doumen Cun
301.0,301.0,330726106206,长山村,Changshan Cun
302.0,302.0,NULL,南关村,Nanguan Cun
303.0,303.0,211103018201,陈屯村,Chentun Cun
304.0,304.0,350105101210,东岐村,Dongqi Cun
305.0,305.0,320382109003,港西村,Gangxi Cun
306.0,306.0,430224207204,大英村,Daying Cun
307.0,307.0,330225105225,方家岙村,Fangjiaao Cun
309.0,309.0,320584107218,开弦弓村,Kaixiangong Cun
310.0,310.0,371327101215,李家桑园村,Lijiasangyuan Cun
312.0,312.0,350425100201,红星村,Hongxing Cun
313.0,313.0,371402200215,刘集村,Liuji Cun
314.0,314.0,NULL,凌塘村,Lingtong Cun
315.0,315.0,410105015204,花沟王村,Huagouwang Cun
316.0,316.0,370105013004,黄岗村,Huanggang Cun
317.0,317.0,230881205200,八岔赫哲族村,Bacha Hezhezu Cun
318.0,318.0,371524105214,柳林屯村,Liulintun Cun
319.0,319.0,NULL,花园关村,Huayuanguan Cun
320.0,320.0,430421106211,金沙村,Jinsha Cun
321.0,321.0,430522108211,巨口铺村,Jukoupu Cun
322.0,322.0,350426103201,后楼村,Houlou Cun
323.0,323.0,320305103205,荒里村,Huangli Cun
324.0,324.0,411626200218,大张营村,Dazhangying Cun
325.0,325.0,411282104204,河西村,Hexi Cun
326.0,326.0,330621110242,江桃村,Jiangtao Cun
327.0,327.0,210682116204,四台子村,Sitaizi Cun
329.0,329.0,210212400201,后三羊头村,Housanyangtou Cun
330.0,330.0,211382008201,庙东村,Miaodong Cun
331.0,331.0,440112003009,茅岗村,Maogang Cun
332.0,332.0,NULL,近江村,Jinjiang Cun
333.0,333.0,610112007230,柳树林村,Liushulin Cun
334.0,334.0,320506103200,灵岩村,Lingyan Cun
335.0,335.0,610525101211,吉安城村,Ji'ancheng Cun
336.0,336.0,140429200213,常青村,Changqing Cun
337.0,337.0,320582401206,李巷村,Lixiang Cun
338.0,338.0,NULL,麻扎村,Mazha Cun
339.0,339.0,610125101211,旧泉坊村,Jiuquanfang Cun
340.0,340.0,320925103207,建河村,Jianhe Cun
341.0,341.0,141181105210,旧尉屯村,Jiuweitun Cun
342.0,342.0,210212013200,李家沟村,Lijiagou Cun
343.0,343.0,140728206201,梁官村,Liangguan Cun
344.0,344.0,320581100013,环湖村,Huanhu Cun
345.0,345.0,140421203209,辉河村,Huihe Cun
346.0,346.0,410902203212,胡干城村,Hugancheng Cun
347.0,347.0,110105037205,北甸西村,Beidianxi Cun
348.0,348.0,330109102202,尖山下村,Jianshanxia Cun
349.0,349.0,210881112206,后蚂虹嘴村,houmahongzui Cun
350.0,350.0,321281117201,蒋家村,Jiangjia Cun
351.0,351.0,NULL,雷家崄村,Leijiaxian Cun
352.0,352.0,430611101209,合兴村,Hexing Cun
353.0,353.0,141122100001,西街村,Xijie Cun
354.0,354.0,330881104235,花园岗村,Huayuangang Cun
355.0,355.0,130582202205,孟石岗村,Mengshigang Cun
356.0,356.0,411282107209,西水头村,Xishuitou Cun
357.0,357.0,140311102201,义东沟村,Yidonggou Cun
358.0,358.0,130522200204,丰盈村,Fengying Cun
359.0,359.0,440106022001,新塘村,Xintang Cun
360.0,360.0,440606104208,沙富村,Shafu Cun
361.0,361.0,441900117205,黄洞村,Huangdong Cun
362.0,362.0,440106015001,元岗村,Yuangang Cun
363.0,363.0,NULL,黄村,Huang Cun
364.0,364.0,441900117201,官井头村,Guanjingtou Cun
365.0,365.0,440106021003,珠村,Zhu Cun
366.0,366.0,410704200204,分将池村,Fenjiangchi Cun
367.0,367.0,440306004009,白石厦村,Baishixia Cun
368.0,368.0,441900117202,油甘埔村,Youganpu Cun
369.0,369.0,410704201203,尚介村,Shangjie Cun
370.0,370.0,410323106214,关址村,Guanzhi Cun
371.0,371.0,NULL,南程村,Nancheng Cun
372.0,372.0,410821206211,北洼村,Beiwa Cun
373.0,373.0,320581103219,李袁村,Liyuan Cun
374.0,374.0,320281003206,李沟头村,Ligoutou Cun
375.0,375.0,320412100204,三勤村,Sanqin Cun
376.0,376.0,131022103219,林城村,Lincheng Cun
377.0,377.0,130185500202,横山村,Hengshan Cun
378.0,378.0,421003103208,马店村,Madian Cun
379.0,379.0,320211009203,群丰村,Qunfeng Cun
380.0,380.0,141181002209,桥北村,Qiaobei Cun
381.0,381.0,NULL,马家疃村,Majiatuan Cun
382.0,382.0,450881120204,盘石村,Panshi Cun
383.0,383.0,370105014012,清河村,Qinghe Cun
384.0,384.0,610581001205,坡底村,Podi Cun
385.0,385.0,610125100206,七一村,Qiyi Cun
386.0,386.0,NULL,乔家辿村,Qiaojiazhan Cun
387.0,387.0,440305002007,南山村,Nanshan Cun
388.0,388.0,210212012200,龙头村,Longtou Cun
389.0,389.0,141002101200,乔李村,Qiaoli Cun
390.0,390.0,621002003201,秦霸岭村,Qinbaling Cun
391.0,391.0,320412102212,卢家巷村,Lujiaxiang Cun
392.0,392.0,610124208211,沙河岸村,Shahean Cun
393.0,393.0,110105038212,北皋村,Beigao Cun
394.0,394.0,440111014015,庆丰村,Qingfeng Cun
395.0,395.0,350128100002,右营村,Youying Cun
396.0,396.0,431127102201,毛俊村,Maojun Cun
397.0,397.0,370104100231,七里铺村,Qilipu Cun
398.0,398.0,141029200222,南崖村,Nanya Cun
399.0,399.0,NULL,南湾村,Nanwan Cun
400.0,400.0,430802108211,马头溪村,Matouxi Cun
401.0,401.0,130423101201,南东坊村,Nandongfang Cun
402.0,402.0,320581100249,小山村,Xiaoshan Cun
404.0,404.0,431226106204,漫水村,Manshui Cun
405.0,405.0,140525108204,南山村,Nanshan Cun
406.0,406.0,320381101203,李庄村,Lizhuang Cun
407.0,407.0,NULL,聂寨村,Niezhai Cun
408.0,408.0,140882002211,龙门村,Longmen Cun
409.0,409.0,NULL,桥塘村,Qiaotang Cun
411.0,411.0,450103101206,施厚村,Shihou Cun
412.0,412.0,370783104228,牛头镇村,Niutouzhen Cun
413.0,413.0,620722103218,三寨村,Sanzhai Cun
414.0,414.0,620123100202,南坡湾村,Nanpowan Cun
415.0,415.0,130133101201,南庄村,Nanzhuang Cun
416.0,416.0,NULL,潘山村,Panshan Cun
417.0,417.0,440183001208,罗岗村,Luogang Cun
418.0,418.0,NULL,平羌村,Pingqiang Cun
419.0,419.0,410104008008,南五里堡村,Nanwulipu Cun
420.0,420.0,330503102220,荃步村,Quanbu Cun
421.0,421.0,350181103210,牛宅村,Niuzhai Cun
422.0,422.0,110106202207,看丹村,Kandan Cun
423.0,423.0,110105038204,奶东村,Naidong Cun
424.0,424.0,610403203204,新集村,Xinji Cun
425.0,425.0,320412100237,夏雷村,Xialei Cun
427.0,427.0,350425100205,宋京村,Songjing Cun
428.0,428.0,620702103226,兴隆村,Xinglong Cun
429.0,429.0,450107004201,苏卢村,Sulu Cun
430.0,430.0,130981202239,石桥鲁道村,Shiqiaoludao Cun
431.0,431.0,210212005203,水师营村,Shuishiying Cun
432.0,432.0,431382202203,申家村,Shenjia Cun
433.0,433.0,NULL,吴家村,Wujia Cun
434.0,434.0,141181201200,下栅村,Xiazha Cun
435.0,435.0,210212010207,土城子村,Tuchengzi Cun
436.0,436.0,440306004007,兴围村,Xingwei Cun
437.0,437.0,620722102209,五坝村,Wuba Cun
438.0,438.0,330282004021,湾底村,Wandi Cun
439.0,439.0,140522101229,史山村,Shishan Cun
440.0,440.0,NULL,新房村,Xinfang Cun
441.0,441.0,320303006203,土山寺村,Tushansi Cun
442.0,442.0,210212005205,西沟村,Xigou Cun
443.0,443.0,210711070205,孙家湾村,Sunjiawan Cun
444.0,444.0,320583100036,同心村,Tongxin Cun
445.0,445.0,330225102252,文岙村,Wenao Cun
446.0,446.0,140821107209,王寮村,Wangliao Cun
447.0,447.0,620702103204,水磨湾村,Shuimowan Cun
448.0,448.0,330621004220,铜井村,Tongjing Cun
449.0,449.0,370302112001,渭二村,Weier Cun
450.0,450.0,140110003206,古城营村,Guchengying Cun
451.0,451.0,440306005020,万丰村,Wanfeng Cun
452.0,452.0,350582106208,围头村,Weitou Cun
453.0,453.0,370523104243,王道村,Wangdao Cun
454.0,454.0,370285001201,水集二村,Shuijier Cun
455.0,455.0,370302003001,西关一村,Xiguanyi Cun
456.0,456.0,NULL,唐林村,Tanglin Cun
457.0,457.0,130207107247,太各庄村,Taigezhuang Cun
458.0,458.0,520122201209,鹿窝村,Luwo Cun
459.0,459.0,370983001220,孙家小庄村,Sunjiaxiaozhuang Cun
460.0,460.0,411222100200,大营村,Daying Cun
461.0,461.0,440114001209,马溪村,Maxi Cun
462.0,462.0,NULL,棠下村,Tangxia Cun
463.0,463.0,431002100201,小溪村,Xiaoxi Cun
464.0,464.0,330304110215,沈岙村,Shen'ao Cun
465.0,465.0,330783108278,象塘村,Xiangtang Cun
466.0,466.0,NULL,石鼓村,Shigu Cun
467.0,467.0,410883002214,中曹村,Zhongcao Cun
468.0,468.0,140427104200,树掌村,Shuzhang Cun
470.0,470.0,450107001201,友爱村,Youai Cun
471.0,471.0,141182103213,义安村,Yian Cun
472.0,472.0,321011003201,堡城村,Baocheng Cun
473.0,473.0,130103008030,义堂村,Yitang Cun
474.0,474.0,622921215206,徐马村,Xuma Cun
475.0,475.0,370112003002,祝甸村,Zhudian Cun
476.0,476.0,350111100222,园中村,Yuanzhong Cun
477.0,477.0,371524001405,鱼山村,Yushan Cun
478.0,478.0,430521205249,羊家冲村,Yangjiachong Cun
479.0,479.0,210302013202,营城子村,Yingchengzi Cun
480.0,480.0,320506005200,新路村,Xinlu Cun
481.0,481.0,331124102200,玉岩村,Yuyan Cun
482.0,482.0,330183002227,新建村,Xinjian Cun
483.0,483.0,433123112206,雄龙村,Xionglong Cun
484.0,484.0,610821109230,薛家会村,Xuejiahui Cun
485.0,485.0,NULL,浔龙村,Xunlong Cun
486.0,486.0,211103018204,西跃村,Xiyue Cun
487.0,487.0,410704200206,堡上村,Baoshang Cun
488.0,488.0,141023102208,西中黄村,Xizhonghuang Cun
489.0,489.0,410105102207,杲村,Gao Cun
490.0,490.0,350582103220,洋埭村,Yangdai Cun
491.0,491.0,330624107200,小将村,Xiaojiang Cun
492.0,492.0,210421205226,油坊村,Youfang Cun
493.0,493.0,620723105203,友好村,Youhao Cun
494.0,494.0,NULL,枣牌刘村,Zaopailiu Cun
495.0,495.0,140821202213,西齐永村,Xiqiyong Cun
496.0,496.0,NULL,龙塘村,Longtang Cun
497.0,497.0,410181101202,新中村,Xinzhong Cun
498.0,498.0,140429202221,枣烟村,Zaoyan Cun
499.0,499.0,330212110258,走马塘村,Zoumatang Cun
500.0,500.0,610581100208,西原村,Xiyuan Cun
501.0,501.0,350121102217,元峰村,Yuanfeng Cun
502.0,502.0,130582102224,窑坡村,Yaopo Cun
503.0,503.0,130107101009,张家井村,Zhangjiajing Cun
504.0,504.0,130129201401,南关村,Nanguan Cun
505.0,505.0,421224100202,新塘下村,Xintangxia Cun
506.0,506.0,441900117207,竹尾田村,Zhuweitian Cun
507.0,507.0,330281002209,永丰村,Yongfeng Cun
508.0,508.0,140881104210,寨子村,Zhaizi Cun
509.0,509.0,610922100208,新堰村,Xinyan Cun
510.0,510.0,410104202203,南岗村,Nangang Cun
511.0,511.0,370613004218,西解甲庄村,Xixiejiazhuang Cun
512.0,512.0,410825101207,薛肇村,Xuezhao Cun
513.0,513.0,420704001203,洋澜村,Yanglan Cun
514.0,514.0,411281006001,千秋村,Qianqiu Cun
515.0,515.0,140823100230,仪张村,Yizhang Cun
516.0,516.0,330781104200,诸葛村,Zhuge Cun
517.0,517.0,410105101208,杨槐村志,Yanghuai Cun
518.0,518.0,440106019001,渔沙坦村,Yushatan Cun
519.0,519.0,520123102209,清水村,Qingshui Cun
520.0,520.0,210212012205,盐厂新村,Yanchang Xincun
521.0,521.0,350322102217,后溪村,Houxi Cun
522.0,522.0,410105101217,唐庄村,Tangzhuang Cun
523.0,523.0,231102206201,新生村,Xinsheng Cun
524.0,524.0,500113117216,荷花村,Hehua Cun
525.0,525.0,230206200205,库勒村,Kule Cun
526.0,526.0,500118003206,黄瓜山村,Huangguashan Cun
527.0,527.0,360313103201,关里村,Guanli Cun
528.0,528.0,360730203207,东龙村,Donglong Cun
529.0,529.0,NULL,黄家门村,Huangjiamen Cun
530.0,530.0,451031203210,上棒村,Shangbang Cun
531.0,531.0,NULL,草陂村,Caobei Cun
532.0,532.0,500238239204,兰英村,Lanying Cun
533.0,533.0,340721202200,老观村,Laoguan Cun
534.0,534.0,340603100214,黄里村,Huangli Cun
535.0,535.0,522323104204,保冲村,Baochong Cun
536.0,536.0,120112103209,海河湾村,Haihewan Cun
537.0,537.0,422801101203,鸦鹊水村,Yaqueshui Cun
538.0,538.0,522628104207,魁胆村,Kuidan Cun
539.0,539.0,420704001204,莲花村,Lianhua Cun
540.0,540.0,430111006201,红星村,Hongxing Cun
541.0,541.0,510114102202,建设村,Jianshe Cun
542.0,542.0,511922222213,庙坪村,Miaoping Cun
543.0,543.0,431025205201,小湾村,Xiaowan Cun
544.0,544.0,420982102211,新堤村,Xindi Cun
545.0,545.0,120111104207,刘庄村,Liuzhuang Cun
546.0,546.0,120111002211,王兰庄村,Wanglanzhuang Cun
547.0,547.0,510922209211,临江村,Linjiang Cun
548.0,548.0,420821100008,城畈村,Chengfan Cun
549.0,549.0,511323104208,柳树垭村,Liushuya Cun
550.0,550.0,522625102203,大塘村,Datang Cun
551.0,551.0,430321200226,双湖村,Shuanghu Cun
552.0,552.0,510183105203,二龙村,Erlong Cun
553.0,553.0,512022110203,旧居村,Jiuju Cun
554.0,554.0,341302104205,左洼村,Zuowa Cun
555.0,555.0,430381106210,中石村,Zhongshi Cun
556.0,556.0,341021104200,郑村,Zheng Cun
557.0,557.0,NULL,沥坑刘村,Likeng Liu Cun
558.0,558.0,430321200224,稠泉村,Chouquan Cun
559.0,559.0,430725102207,朱家港村,Zhujiagang Cun
560.0,560.0,522622101213,川心堡村,Chuanxinpu Cun
561.0,561.0,150102008202,代州营村,Daizhouying Cun
562.0,562.0,340221101201,北陶村,Beitao Cun
563.0,563.0,520302107206,中桥村,Zhongqiao Cun
564.0,564.0,370683107239,菜园头村,Caiyuantou Cun
565.0,565.0,120111450498,凌庄子村,Lingzhuangzi Cun
566.0,566.0,620723202204,马郡村,Majun Cun
567.0,567.0,NULL,虎牙滩村,Huyatan Cun
568.0,568.0,NULL,土艳村,Tuyan Cun
569.0,569.0,341021204201,方村,Fang Cun
570.0,570.0,510921104210,拱市村,Gongshi Cun
571.0,571.0,520302102205,护城村,Hucheng Cun
572.0,572.0,NULL,冯村,Feng Cun
573.0,573.0,NULL,塘井村,Tangjing Cun
574.0,574.0,341021102205,白杨村,Baiyang Cun
575.0,575.0,620522100211,邢泉村,Xingquan Cun
576.0,576.0,620503103224,张石村,Zhangshi Cun
577.0,577.0,421022113211,青羊岗村,Qingyanggang Cun
578.0,578.0,420704101206,三山村,Sanshan Cun
579.0,579.0,360429204201,殷山村,Yinshan Cun
580.0,580.0,120114113206,西南庄村,Xinanzhuang Cun
581.0,581.0,511324102211,瓦子坪村,Waziping Cun
582.0,582.0,530921204206,岔河村,Chahe Cun
583.0,583.0,431128100225,三里亭村,Sanliting Cun
584.0,584.0,511321235211,唐家坪村,Tangjiaping Cun
585.0,585.0,511024115219,船石村,Chuanshi Cun
586.0,586.0,NULL,膏田村,Gaotian Cun
587.0,587.0,510521110237,新屋咀村,Xinwuju Cun
588.0,588.0,510521118222,石牌坊村,Shipaifang Cun
589.0,589.0,511322111214,锁口村,Suokou Cun
590.0,590.0,430121110204,惠农村,Huinong Cun
591.0,591.0,530111009201,大板桥村,Dabanqiao Cun
592.0,592.0,530112403007,大坝村,Daba Cun
593.0,593.0,532923106204,大波那村,Dabona Cun
594.0,594.0,532931103201,天马村,Tianma Cun
595.0,595.0,530111002007,吴井村,Wujing Cun
596.0,596.0,530112006006,新河村,Xinhe Cun
597.0,597.0,511425110222,万沟村,Wangou Cun
598.0,598.0,511124205207,四合村,Sihe Cun
599.0,599.0,512081114203,石河村,Shihe Cun
600.0,600.0,510183102204,乌木村,Wumu Cun
601.0,601.0,522631208200,肇兴村,Zhaoxing Cun
602.0,602.0,522631106202,竹坪村,Zhuping Cun
603.0,603.0,431121114201,竹山湾村,Zhushanwan Cun
604.0,604.0,361129104206,石下村,Shixia Cun
605.0,605.0,370611005001,八角村,Bajiao Cun
606.0,606.0,370282002206,北阁村,Beige Cun
607.0,607.0,141030100214,白杜村,Baidu Cun
608.0,608.0,210212005201,大王村,Dawang Cun
609.0,609.0,310116101217,长浜村,Changbang Cun
610.0,610.0,310116101204,大茫村,Damang Cun
611.0,611.0,310115137206,沉香村,Chenxiang Cun
612.0,612.0,320412100206,东华村,Donghua Cun
613.0,613.0,310115110223,大星村,Daxing Cun
614.0,614.0,310115144203,成日村,Chengri Cun
615.0,615.0,141031102203,谙正村,Anzheng Cun
616.0,616.0,140221211201,安家皂村,Anjiazao Cun
617.0,617.0,140411103219,安昌村,Anchang Cun
618.0,618.0,321023109217,崔堡村,Cuipu Cun
619.0,619.0,310114106212,仓场村,Cangchang Cun
620.0,620.0,320582105205,程墩村,Chengdun Cun
621.0,621.0,341824200201,仁里村,Renli Cun
622.0,622.0,210681107218,下岗村,Xiagang Cun
623.0,623.0,110111112222,北车营村,Beicheying Cun
624.0,624.0,210681108212,獐岛村,Zhangdao Cun
625.0,625.0,NULL,邓一村,Dengyi Cun
626.0,626.0,510302101209,竹元村,Zhuyuan Cun
627.0,627.0,321181109204,长春村,Changchun Cun
628.0,628.0,341522118205,林祠村,Linci Cun
629.0,629.0,370212004033,磅石村,Bangshi Cun
630.0,630.0,211103018200,赵家村,Zhaojia Cun
631.0,631.0,350322101218,溪尾村,Xiwei Cun
632.0,632.0,370923206231,八里湾村,Baliwan Cun
633.0,633.0,310115103238,陈胡村,Chenhu Cun
634.0,634.0,350181106206,上薛村,Shangxue Cun
635.0,635.0,610581104212,党家村,Dangjia Cun
636.0,636.0,350181107213,南宵村,Nanxiao Cun
637.0,637.0,610124100201,镇丰村,Zhenfeng Cun
638.0,638.0,320382109002,港中村,Gangzhong Cun
639.0,639.0,350526207208,阳山村,Yangshan Cun
640.0,640.0,350721201206,榜山村,Bangshan Cun
641.0,641.0,310116104224,保卫村,Baowei Cun
642.0,642.0,350304100209,后黄村,Houhuang Cun
643.0,643.0,370305109240,北金召村,Beijinzhao Cun
644.0,644.0,NULL,度城村,Ducheng Cun
645.0,645.0,530522101201,洞山村,Dongshan Cun
646.0,646.0,530702201203,玉河村,Yuhe Cun
647.0,647.0,NULL,可邑村,Keyi Cun
648.0,648.0,530111006001,官渡社区(村),Guandu Shequ (Cun)
650.0,650.0,530111005005,云溪村,Yunxi Cun
651.0,651.0,530112403008,周家村,Zhoujia Cun
652.0,652.0,532927104208,小围埂村,Xiaoweigeng Cun
653.0,653.0,330784001219,高镇村,Gaozhen Cun
654.0,654.0,320282104201,官林村,Guanlin Cun
655.0,655.0,330282118208,海星村,Haixing Cun
656.0,656.0,131022100203,北关村,Beiguan Cun
658.0,658.0,NULL,义路村,Yilu Cun
659.0,659.0,530524203210,邑等村,Yideng Cun
660.0,660.0,530111005003,羊甫村,Yangfu Cun
662.0,662.0,110111001204,东瓜地村,Dongguadi Cun
663.0,663.0,370983111236,边院村,Bianyuan Cun
664.0,664.0,110108104212,北安河村,Beianhe Cun
665.0,665.0,141002103217,佰王刘村,Baiwangliu Cun
666.0,666.0,350783104213,可建村,Kejian Cun
667.0,667.0,141124101001,白文村,Baiwen Cun
668.0,668.0,530112403008,八仙庄村,Baxianzhuang Cun
669.0,669.0,120221107201,西塘坨村,Xitangtuo Cun
670.0,670.0,110115005225,北程庄村,Beichengzhuang Cun
671.0,671.0,210682113208,顾家村,Gujia Cun
672.0,672.0,210212005207,小南村,Xiaonan Cun
673.0,673.0,350427002222,茶丰峡村,Chafengxia Cun
674.0,674.0,330783108200,歌山村志,Geshan Cun
675.0,675.0,350921101214,大京村,Dajing Cun
676.0,676.0,610481106213,南韩村,Nanhan Cun
677.0,677.0,NULL,北关村,Beiguan Cun
678.0,678.0,NULL,后孙密城村,Housunmicheng Cun
679.0,679.0,410882202226,西王曲村,Xiwangqu Cun
680.0,680.0,140581001002,城北村,Chengbei Cun
681.0,681.0,110106202203,白盆窑村,Baipenyao Cun
682.0,682.0,140429101203,白和村,Baihe Cun
683.0,683.0,610112007001,杜家堡村,Dujiapu Cun
684.0,684.0,420704400205,杜山村,Dushan Cun
685.0,685.0,410105015201,花胡庄村,Huahuzhuang Cun
686.0,686.0,NULL,小蒲水村,Xiaopushui Cun
687.0,687.0,610823109203,杜羊圈村,Duyangjuan cun
688.0,688.0,320302151208,孤山村,Gushan Cun
689.0,689.0,130632106216,北冯村,Beifeng Cun
690.0,690.0,140724100240,巴洲村,Bazhou Cun
691.0,691.0,110113101215,东马各庄村,Dongmagezhuang Cun
692.0,692.0,130826107205,八间房村,Bajianfang Cun
693.0,693.0,370304103213,北万山村,Beiwanshan Cun
694.0,694.0,610303100203,东岭村,Dongling Cun
695.0,695.0,110112114240,东石村,Dongshi Cun
696.0,696.0,140525108212,北堆村,Beidui Cun
697.0,697.0,110114115209,白庙村,Baimiao Cun
698.0,698.0,411282100204,涧东村,Jiandong Cun
699.0,699.0,410181111204,罗口村,Luokou Cun
700.0,700.0,330523100249,古城村,Gucheng Cun
701.0,701.0,350425105213,汤泉村,Tangquan Cun
702.0,702.0,140521105209,半峪村,Banyu Cun
703.0,703.0,320412411204,东庄村,Dongzhuang Cun
704.0,704.0,NULL,贾岗村,Jiagang Cun
705.0,705.0,370112105205,曹家馆村,Caojiaguan Cun
706.0,706.0,370212002033,北龙口村,Beilongkou Cun
707.0,707.0,320412411206,古方村,Gufang Cun
708.0,708.0,320281105207,观山村,Guanshan Cun
709.0,709.0,330109112203,工农村,Gongnong Cun
710.0,710.0,330781112200,国庆村,Guoqing Cun
711.0,711.0,130421202211,北陈庄村,Beichen Cun
712.0,712.0,NULL,北庄村,Beizhuang Cun
713.0,713.0,110114115205,东二旗村,Dongerqi Cun
714.0,714.0,350104101218,黄山村,Huangshan Cun
715.0,715.0,110105037204,北甸东村,Beidiandong Cun
716.0,716.0,350212108001,(氵+ 丙)洲村,Bingzhou Cun
718.0,718.0,350525108204,塘溪村,Tangxi Cun
719.0,719.0,350902101209,蓝田村,Lantian Cun
720.0,720.0,610822101218,段家寨村,Duanjiazhai Cun
721.0,721.0,610821107202,温家川村,Wenjiachuan Cun
722.0,722.0,330182102285,安仁村,Anren Cun
723.0,723.0,370302101212,查王村,Chawang Cun
724.0,724.0,610302100209,燃灯寺村,Randengsi Cun
725.0,725.0,370212003031,长岭村,Changling Cun
726.0,726.0,370102013212,草山岭村,Caoshanling Cun
727.0,727.0,NULL,大王岭村,Dawangling Cun
728.0,728.0,370112102239,安家庄村,Anjiazhuang Cun
729.0,729.0,310115140201,人民村,Renmin Cun
730.0,730.0,310116101218,五龙村,Wulong Cun
731.0,731.0,610826203230,中角村,Zhongjiao Cun
732.0,732.0,533122204201,九保村,Jiubao Cun
733.0,733.0,310115103237,森林村,Senlin Cun
734.0,734.0,NULL,白河村,Baihe Cun
735.0,735.0,320582105200,凤凰村,Fenghuang Cun
736.0,736.0,320582105200,北邵洼村,Beishaowa Cun
737.0,737.0,370302001002,城一村,Chengyi Cun
738.0,738.0,141181002201,北关村,Beiguan Cun
739.0,739.0,320583105205,红星村,Hongxing Cun
740.0,740.0,320583105209,民和村,Minhe Cun
741.0,741.0,140882101209,北方平村,Beifangping Cun
742.0,742.0,610125204207,文义村,Wenyi Cun
743.0,743.0,141121105214,北齐村,Beiqi Cun
744.0,744.0,532901101205,金星村,Jinxing Cun
745.0,745.0,320723207203,韩圩村,Hanwei Cun
746.0,746.0,440114001202,大陵村,Daling Cun
747.0,747.0,140426103216,北桑鲁村,Beisanglu Cun
748.0,748.0,310115139203,三八村,Sanba Cun
749.0,749.0,530125104215,梨花村,Lihua Cun
750.0,750.0,NULL,金鸭村,Jinya Cun
751.0,751.0,530522102203,江东村,Jiangdong Cun
752.0,752.0,512021217209,铁门村,Tiemen Cun
753.0,753.0,511923102205,黄柳村,Huangliu Cun
754.0,754.0,530128213207,乐乌村,Lewu Cun
755.0,755.0,530111008201,六甲村,Liujia Cun
756.0,756.0,610302102214,姜城村,Jiangcheng Cun
757.0,757.0,610524108215,井溢村,Jingyi Cun
758.0,758.0,610823201203,王梁村,Wangliang Cun
759.0,759.0,610113002204,王家村,Wangjia Cun
760.0,760.0,530102401402,梁家河村,Liangjiahe Cun
761.0,761.0,321181109201,姚家弄村,Yaojialong Cun
762.0,762.0,NULL,新巷村,Xinxiang Cun
763.0,763.0,310115133203,新卫村,Xinwei Cun
764.0,764.0,310115103239,小圩村,Xiaowei Cun
765.0,765.0,320412411200,贺北村,Hebei Cun
766.0,766.0,320412109221,横沟村,Henggou Cun
767.0,767.0,321181109205,群楼村,Qunlou Cun
768.0,768.0,310116101224,温和村,Wenhe Cun
769.0,769.0,310116103202,桑园村,Sangyuan Cun
770.0,770.0,442000006202,长命水村,Changmingshui Cun
771.0,771.0,440106017001,长湴村,Changban Cun
772.0,772.0,310120118210,新塘村,Xintang Cun
773.0,773.0,350922101225,富达村,Fuda Cun
774.0,774.0,110116103204,北年丰村,Beinianfeng Cun
775.0,775.0,110105038200,崔各庄村,Cuigezhuang Cun
776.0,776.0,370685001011,城西吕家村,Chengxilüjia Cun
777.0,777.0,370611001008,城里村,Chengli Cun
778.0,778.0,610821111200,马镇村,Mazhen Cun
779.0,779.0,440106017004,岑村,Cen Cun
780.0,780.0,140727100207,北谷丰村,Beigufeng Cun
781.0,781.0,NULL,曹口村,Caokou Cun
782.0,782.0,370212001029,车家下庄村,Chejiaxiazhuang Cun
783.0,783.0,370687002219,城北村,Chengbei Cun
784.0,784.0,440106003023,车陂村,Chebei Cun
785.0,785.0,140525112211,北坡村,Beipo Cun
786.0,786.0,522301004203,双生村,Shuangsheng Cun
787.0,787.0,350505106213,路口村,Lukou Cun
788.0,788.0,440114107217,茶塘村,Chatang Cun
789.0,789.0,350802100206,东埔村,Dongbu Cun
790.0,790.0,NULL,新盛村,Xinsheng Cun
791.0,791.0,NULL,鞍山村,Anshan Cun
792.0,792.0,140108005200,北固碾村,Beigunian Cun
793.0,793.0,110105036212,曹各庄村,Caogezhuang Cun
794.0,794.0,110105036205,北马房村,Beimafang Cun
795.0,795.0,110108104204,西小营村,Xixiaoying Cun
796.0,796.0,610826201203,西贺家石村,Xihejiashi Cun
797.0,797.0,141181204200,东小景村,Dongxiaojing Cun
798.0,798.0,441900118207,旧飞鹅村,Jiufeie Cun
799.0,799.0,110108102212,门头村,Mentou Cun
800.0,800.0,441900118218,水朗村,Shuilang Cun
801.0,801.0,310115139207,星光村,Xingguang Cun
802.0,802.0,141025101200,北平村,Beiping Cun
803.0,803.0,110114115202,北七家庄村,Beiqijiazhuang Cun
804.0,804.0,140421202212,北岭头村,Beilingtou Cun
805.0,805.0,110116004207,北台上村,Beitaishang Cun
806.0,806.0,330185201227,一都村,Yidu Cun
807.0,807.0,310116112216,水库村,Shuiku Cun
808.0,808.0,310116112209,阮巷村,Ruanxiang Cun
809.0,809.0,610821109219,沙坪寺村,Shapingsi Cun
810.0,810.0,610112009211,讲武殿村,Jiangwudian Cun
811.0,811.0,130105101206,党家庄村,Dangjiazhuang Cun
812.0,812.0,530502101202,沙坝村,Shaba Cun
813.0,813.0,410185103209,八方村,Bafang Cun
814.0,814.0,410482103215,关庙村,Guanmiao Cun
815.0,815.0,530524101207,龙泉村,Longquan Cun
816.0,816.0,530112007007,土堆村,Tudui Cun
818.0,818.0,410482103223,东营村,Dongying Cun
819.0,819.0,130185104211,北胡庄村,Beihuzhuang Cun
820.0,820.0,330621106218,白洋村,Baiyang Cun
821.0,821.0,130126104201,慈峪村,Ciyu Cun
822.0,822.0,410902001008,东白仓村,Dongbaicang Cun
823.0,823.0,440306004012,福永村,Fuyong Cun
824.0,824.0,130982500203,东八村,Dongba Cun
825.0,825.0,441481129213,东升村,Dongsheng Cun
826.0,826.0,410581105237,东皇墓村,Donghuangmu Cun
827.0,827.0,310115103235,营前村,Yingqian Cun
828.0,828.0,130104010201,大谈村,Datan Cun
829.0,829.0,441900118205,鸡翅岭村,Jichiling Cun
830.0,830.0,441900110205,袁山贝村,Yuanshanbei Cun
831.0,831.0,310115136206,沿南村,Yannan Cun
832.0,832.0,410122105209,白坟村,Baifen Cun
833.0,833.0,310116112204,营房村,Yingfang Cun
834.0,834.0,310116109223,张桥村,Zhangqiao cun
835.0,835.0,410527203227,岸上村,Anshang Cun
836.0,836.0,441622103207,枫深村,Fengshen Cun
839.0,839.0,NULL,赤水垟村,Chishuiyang Cun
840.0,840.0,441421131209,侨乡村,Qiaoxiang Cun
841.0,841.0,130185200202,北薛庄村,Beixuezhuang Cun
842.0,842.0,350525104204,美林村,Meilin Cun
843.0,843.0,NULL,蔡和村,Caihe Cun
844.0,844.0,530111004005,十里社区,Shili Shequ
845.0,845.0,610122106211,峒峪村,Dongyu Cun
846.0,846.0,NULL,李氏村,Lishi Cun
847.0,847.0,NULL,牛薛沟村,Niuxuegou Cun
848.0,848.0,130185104218,邓村,Deng Cun
849.0,849.0,331181106206,碧龙村,Bilong Cun
850.0,850.0,310116109204,永联村,Yonglian Cun
851.0,851.0,130127202213,北焦村,Beijiao Cun
852.0,852.0,130185100225,北海山村,Beihaishan Cun
853.0,853.0,330624102204,坂田村,Bantian Cun
854.0,854.0,440604010202,塘头村,Tangtou Cun
855.0,855.0,441900003014,梨川村,Lichuan Cun
856.0,856.0,110105038208,南皋村,Nan'gao Cun
857.0,857.0,610502103213,新店村,Xindian Cun
858.0,858.0,610125101200,安善坊村,Anshanfang Cun
859.0,859.0,110106202210,葆台村,Baotai Cun
860.0,860.0,410106003201,二十里铺村,Ershilipu Cun
861.0,861.0,320582102208,东山村,Dongshan Cun
862.0,862.0,130981203251,王官屯村,Wangguantun Cun
863.0,863.0,410482106211,戴湾村,Daiwan Cun
864.0,864.0,150621105203,柳子圪旦村,Liuzigedan Cun
865.0,865.0,140321201203,理家庄村,Lijiazhuang Cun
866.0,866.0,130602200206,小车村,Xiaoche Cun
867.0,867.0,130185104209,同阁村,Tongge Cun
868.0,868.0,360302103400,上柳源村,Shangliuyuan Cun
869.0,869.0,140724101204,库城村,Kucheng Cun
870.0,870.0,140729102202,崔家沟村,Cuijiagou Cun
871.0,871.0,341525108200,堆谷山村,Duigushan Cun
872.0,872.0,320281108202,三房巷村,Sanfangxiang Cun
873.0,873.0,341824103201,余川村,Yuchuan Cun
874.0,874.0,211004101202,大打白狐村,Dadabaihu Cun
875.0,875.0,530112009002,里仁村,Liren Cun
876.0,876.0,610302100205,永清村,Yongqing Cun
877.0,877.0,630102100204,杨沟湾村,Yanggouwan Cun
878.0,878.0,420302002202,姜湾村,Jiangwan Cun
879.0,879.0,320582105208,恬庄村,Tianzhuang Cun
880.0,880.0,320582107204,新海坝村,Xinhaiba Cun
881.0,881.0,331123105214,后山村,Houshan Cun
882.0,882.0,433127115202,桃子溪村,Taozixi Cun
883.0,883.0,420529203215,栗子坪村,Liziping Cun
884.0,884.0,420506101204,栗林河村,Lilinhe Cun
885.0,885.0,341021205200,三阳村,Sanyang Cun
886.0,886.0,341524103210,大峡谷村,Daxiagu Cun
887.0,887.0,330212110264,胡家坟村,Hujiafen Cun
888.0,888.0,610828206205,云家码头村,Yunjiamatou Cun
889.0,889.0,410105101207,杓袁村,Shaoyuan Cun
890.0,890.0,370302116218,西河村,Xihe Cun
891.0,891.0,610581105205,昝村,Zan Cun
892.0,892.0,141023102221,良陌村,Liangmo Cun
893.0,893.0,330621105209,东桃村,Dongtao Cun
894.0,894.0,440114104205,小㘵村,Xiaobu Cun
895.0,895.0,320282100209,祝陵村,Zhuling Cun
896.0,896.0,370212002034,西九水村,Xijiushui Cun
897.0,897.0,422801208210,高拱桥村,Gaogongqiao Cun
898.0,898.0,140221102200,大白登村,Dabaideng Cun
899.0,899.0,430703114218,放羊坪村,Fangyangping Cun
900.0,900.0,320582101204,欧桥村,Ouqiao Cun
901.0,901.0,330212109212,金山村,Jinshan Cun
902.0,902.0,610828105241,陈家墕村,Chenjiayan Cun
903.0,903.0,610828202200,木头峪村,Mutouyu Cun
904.0,904.0,441423126204,大胜村,Dasheng Cun
905.0,905.0,370305102245,西上庄村,Xishangzhuang Cun
906.0,906.0,310116104202,龙泉村,Longquan Cun
907.0,907.0,220621104204,黄家崴子村,Huangjiawaizi Cun
908.0,908.0,441622110208,黄岭村,Huangling Cun
909.0,909.0,370523102247,西水磨村,Xishuimo Cun
910.0,910.0,NULL,江浦村,Jiangpu Cun
911.0,911.0,610821107210,张家塔村,Zhangjiata Cun
912.0,912.0,320506107209,渡桥村,Duqiao Cun
913.0,913.0,370212003002,西台村,Xitai Cun
914.0,914.0,130123103202,吴兴村,Wuxing Cun
915.0,915.0,130121205225,桃王庄村,Taowangzhuang Cun
916.0,916.0,431002102203,上鲁塘村,Shanglutang Cun
917.0,917.0,440306001020,安乐村,Anle Cun
918.0,918.0,120223101208,赵官屯村,Zhaoguantun Cun
919.0,919.0,310114109219,劳动村,Laodong Cun
920.0,920.0,310116105215,和平村,Heping Cun
921.0,921.0,442000006203,桂南村,Guinan Cun
922.0,922.0,310116103212,建农村,Jiannong Cun
923.0,923.0,130421202204,王安堡村,Wang'anbu Cun
924.0,924.0,411282200211,川口村,Chuankou Cun
925.0,925.0,610528202200,上官村,Shangguan Cun
926.0,926.0,370503200234,东六合村,Dongliuhe Cun
927.0,927.0,310120101232,光明村,Guangming Cun
928.0,928.0,440306001018,甲岸村,Jiaan Cun
929.0,929.0,NULL,赵村,Zhao Cun
930.0,930.0,NULL,兴朱村,Xingzhu Cun
931.0,931.0,130922200206,小许庄村,Xiaoxuzhuang Cun
932.0,932.0,120111100206,邢庄村,Xingzhuang Cun
933.0,933.0,131022102213,无为庄村,Wuweizhuang Cun
934.0,934.0,130121100201,微水村,Weishui Cun
935.0,935.0,140525105203,拦车村,Lanche Cun
936.0,936.0,310116112211,蒋庄村,Jiangzhuang Cun
937.0,937.0,140802201203,赤社村,Chishe Cun
938.0,938.0,445281109214,交丙坛村,Jiaobingtan Cun
939.0,939.0,370481108241,邢寨村,Xingzhai Cun
940.0,940.0,NULL,西林西村,Xilinxi Cun
941.0,941.0,NULL,金红村,Jinhong Cun
942.0,942.0,370687104217,西古现村,Xiguxian Cun
943.0,943.0,140921203205,崔家庄村,Cuijiazhuang Cun
944.0,944.0,140431203201,聪子峪村,Congziyu Cun
945.0,945.0,140121100205,大北村,Dabei Cun
946.0,946.0,310115133202,金建村,Jinjian Cun
947.0,947.0,NULL,大望京村,Dawangjing Cun
949.0,949.0,371626109242,西王村,Xiwang Cun
950.0,950.0,370306003203,西马村,Xima Cun
951.0,951.0,141022103240,两坂村,Liangban Cun
952.0,952.0,140426203214,李堡村,Lipu Cun
953.0,953.0,350303100201,后郭村,Houguo Cun
954.0,954.0,370112005205,辛庄村,Xinzhuang Cun
955.0,955.0,440306004005,和平村,Heping Cun
956.0,956.0,140426100229,城南村,Chengnan Cun
957.0,957.0,140581002001,城东村,Chengdong Cun
958.0,958.0,140921100200,城内村,Chengnei Cun
959.0,959.0,441900128200,潢涌村,Huangchong Cun
960.0,960.0,440114107219,环山村,Huanshan Cun
961.0,961.0,130124100231,西董铺村,Xidongpu Cun
962.0,962.0,440106014001,冼村,Xian Cun
963.0,963.0,411082002007,楚寨村,Chuzhai Cun
964.0,964.0,610802104207,鱼河湾村,Yuhewan Cun
965.0,965.0,411524102218,崔楼村,Cuilou Cun
966.0,966.0,140581101235,酒务村,Jiuwu Cun
967.0,967.0,410522203209,卜居头村,Bujutou Cun
968.0,968.0,610524201208,保宁村,Baoning Cun
969.0,969.0,610113007223,南窑头村,Nanyaotou Cun
970.0,970.0,330522100217,涧塘村,Jiantang Cun
971.0,971.0,610826107213,朱麻硷村,Zhumajian Cun
972.0,972.0,140522102219,李街村,Lijie Cun
974.0,974.0,320506104202,箭泾村,Jianjing Cun
975.0,975.0,410105015007,崔庄村,Cuizhuang Cun
976.0,976.0,410704100209,陈堡村,Chenbao Cun
977.0,977.0,110114115214,郑各庄村,Zhenggezhuang Cun
978.0,978.0,110105023201,驼房营村,Tuofangying Cun
979.0,979.0,110106202214,四合庄村,Sihezhuang Cun
980.0,980.0,110106201218,卢沟桥村,Lugouqiao Cun
981.0,981.0,131127102201,广川街村,Guangchuanjie Cun
982.0,982.0,110111009216,车厂村,Chechang Cun
983.0,983.0,320583105202,兴复村,Xingfu Cun
984.0,984.0,430524207219,黄皮村,Huangpi Cun
986.0,986.0,370686104213,大楚留村,Dachuliu Cun
987.0,987.0,320206003006,华新村,Huaxin Cun
988.0,988.0,410704200205,老道井村,Laodaojing Cun
989.0,989.0,310116102216,新新村,Xinxin Cun
990.0,990.0,110109103202,城子村,Chengzi Cun
991.0,991.0,320582101210,花园村,Huayuan Cun
992.0,992.0,130132101206,故城村,Gucheng Cun
993.0,993.0,350823102215,都康村,Dukang Cun
994.0,994.0,420583101218,廖家林村,Liaojialin Cun
995.0,995.0,410105008010,关虎屯村,Guanhutun Cun
996.0,996.0,510304100204,江姐村,Jiangjie Cun
997.0,997.0,NULL,葛寨村,Gezhai Cun
998.0,998.0,370702005213,崔家村,Cuijia Cun
999.0,999.0,341002100203,篁墩村,Huangdun Cun
1000.0,1000.0,NULL,兰寨村,Lanzhai Cun
1002.0,1002.0,130421205216,工程村,Gongcheng Cun
1003.0,1003.0,410704200203,金灯寺村,Jindengsi Cun
1004.0,1004.0,320125103203,武家嘴村,Wujiazui Cun
1005.0,1005.0,NULL,清卓村,Qingzhuo Cun
1006.0,1006.0,360829106206,松田村,Songtian Cun
1007.0,1007.0,532621108205,大兴寨村,Daxingzhai Cun
1008.0,1008.0,130185106203,古贤村,Guxian Cun
1009.0,1009.0,410306200207,吉利村,Jili Cun
1010.0,1010.0,410104561213,耿庄村,Gengzhuang Cun
1011.0,1011.0,410302100205,葛家岭村,Gejialing Cun
1012.0,1012.0,320506003201,旺山村,Wangshan Cun
1013.0,1013.0,130921205204,高官屯村,Gaoguantun Cun
1014.0,1014.0,431224103212,独石村,Dushi Cun
1015.0,1015.0,410122105214,康庄村,Kangzhuang Cun
1016.0,1016.0,430522201208,牛头冲村,Niutouchong Cun
1017.0,1017.0,320506110207,湖桥村,Huqiao Cun
1018.0,1018.0,430522102206,继志村,Jizhi Cun
1019.0,1019.0,370302002003,城张村,Chengzhang Cun
1020.0,1020.0,370921102218,大伯集村,Daboji Cun
1021.0,1021.0,341522114203,朱老庄村,Zhulaozhuang Cun
1022.0,1022.0,130185500205,符家庄村,Fujiazhuang Cun
1023.0,1023.0,532901101204,大关邑村,Daguanyi Cun
1024.0,1024.0,NULL,小河坝村,Xiaoheba Cun
1025.0,1025.0,110116004211,长元村,Changyuan Cun
1026.0,1026.0,130185102206,岗上村,Gangshang Cun
1027.0,1027.0,NULL,霞水村,Xiashui Cun
1028.0,1028.0,440112008008,沙步村,Shabu Cun
1030.0,1030.0,320582102218,小明沙村,Xiaomingsha Cun
1031.0,1031.0,410622101201,高村,Gao Cun
1032.0,1032.0,320582100201,斜桥村,Xieqiao Cun
1033.0,1033.0,440183101221,群星村,Qunxing Cun
1034.0,1034.0,130185201209,谷家峪村,Gujiayu Cun
1035.0,1035.0,370212001004,大埠东村,Dabudong Cun
1036.0,1036.0,310116101206,秀州村,Xiuzhou Cun
1037.0,1037.0,530111007211,塔密村,Tami Cun
1038.0,1038.0,130636101207,高于铺村,Gaoyupu Cun
1039.0,1039.0,411082104205,耿庄村,Gengzhuang Cun
1040.0,1040.0,NULL,席家湖村,Xijiahu Cun
1041.0,1041.0,110105038211,东辛店村,Dongxindian Cun
1042.0,1042.0,141022202208,北冶村,Beiye Cun
1043.0,1043.0,110105036211,东窑村,Dongyao Cun
1044.0,1044.0,441900121023,南栅村,Nanzha Cun
1045.0,1045.0,140421104204,岔口村,Chakou Cun
1046.0,1046.0,310116101223,牡丹村,Mudan Cun
1047.0,1047.0,140728103204,北营村,Beiying Cun
1048.0,1048.0,141023101226,北王村,Beiwang Cun
1049.0,1049.0,310116107216,南塘村,Nantang Cun
1050.0,1050.0,110116003219,大中富乐村,Dazhongfule Cun
1051.0,1051.0,141130102205,蔡家沟村,Caijiagou Cun
1052.0,1052.0,310116102202,中洪村,Zhonghong Cun
1053.0,1053.0,110105038213,东营村,Dongying Cun
1054.0,1054.0,310115140209,彭庙村,Pengmiao Cun
1055.0,1055.0,310115133212,祝桥村,Zhuqiao Cun
1056.0,1056.0,310116105212,龙跃村,Longyue Cun
1057.0,1057.0,141081005204,北坞村,Beiwu Cun
1058.0,1058.0,131025400203,东阜村,Dongfu Cun
1059.0,1059.0,130727103201,揣骨疃村,Chuaigutuan Cun
1060.0,1060.0,NULL,吉山村,Jishan Cun
1061.0,1061.0,440106013001,猎德村,Liede Cun
1062.0,1062.0,NULL,蔡家坡村,Caijiapo Cun
1063.0,1063.0,141081200222,常青村,Changqing Cun
1064.0,1064.0,130185103215,韩庄村,Hanzhuang Cun
1065.0,1065.0,130121100206,长岗村,Changgang Cun
1066.0,1066.0,441900106210,村尾村,Cunwei Cun
1067.0,1067.0,130185100223,北新城村,Beixincheng Cun
1068.0,1068.0,130684101218,东柴家营村,DongChaijiaying Cun
1069.0,1069.0,130123101202,固营村,Guying Cun
1070.0,1070.0,440106019003,柯木塱村,Kemulang Cun
1071.0,1071.0,130925100241,韩桥村,Hanqiao Cun
1073.0,1073.0,130531203217,东董里村,Dongdongli Cun
1074.0,1074.0,441226103213,金林村,Jinlin Cun
1075.0,1075.0,110106101207,佃起村,Dianqi Cun
1076.0,1076.0,130921205213,干河村,Ganhe Cun
1077.0,1077.0,410104202211,河沟王村,Hegouwang Cun
1078.0,1078.0,320506005201,新齐村,Xinqi Cun
1079.0,1079.0,410102160212,关庄村,Guanzhuang Cun
1080.0,1080.0,320506107200,杨湾村,Yangwan Cun
1081.0,1081.0,320507003201,张庄村,Zhangzhuang Cun
1082.0,1082.0,410102360208,大谢村,DaXie Cun
1083.0,1083.0,410482103205,郝寨村,Haozhai Cun
1084.0,1084.0,410523104213,大寺台村,Dasitai Cun
1085.0,1085.0,410603201207,故县村,Guxian Cun
1086.0,1086.0,370783109226,地沟村,Digou Cun
1087.0,1087.0,140105002020,狄村,Di Cun
1088.0,1088.0,370212003029,雕龙嘴村,Diaolongzui Cun
1089.0,1089.0,371402103226,大申庄（村）,Dashenzhuang (cun)
1090.0,1090.0,370782110201,得利斯村,Delisi Cun
1091.0,1091.0,410728004211,小务口村,Xiaowukou Cun
1093.0,1093.0,370481109223,大宗村,Dazong Cun
1094.0,1094.0,320211009204,嶂青村,Zhangqing Cun
1095.0,1095.0,320582102210,占文村,Zhanwen Cun
1096.0,1096.0,320582102214,袁家桥村,Yuanjiaqiao Cun
1097.0,1097.0,410103201217,郭家咀村,Guojiaju Cun
1098.0,1098.0,370687102238,大辛家村,DaXinjia Cun
1099.0,1099.0,320582100210,章卿村,Zhangqing Cun
1100.0,1100.0,411224102208,河南村,Henan Cun
1101.0,1101.0,370213010004,大枣园村,Dazaoyuan Cun
1102.0,1102.0,320584110207,元荡村,Yuandang Cun
1103.0,1103.0,320412109223,查家村,Zhajia Cun
1104.0,1104.0,320583105208,杨湘泾村,Yangxiangjing Cun
1105.0,1105.0,140428100248,大京村,Dajing Cun
1106.0,1106.0,140724104200,大寨村,Dazhai Cun
1107.0,1107.0,140922205206,大建安村,Dajian'an Cun
1108.0,1108.0,140322101205,大吉村,Daji Cun
1109.0,1109.0,140221102206,大泉山村,Daquanshan Cun
1110.0,1110.0,140321100209,大峪村,Dayu Cun
1111.0,1111.0,141081005201,褚村,Chu Cun
1112.0,1112.0,140521100218,梁庄村,Liangzhuang Cun
1113.0,1113.0,140525101201,大南庄村,Da'nanzhuang Cun
1114.0,1114.0,140924102214,大营村,Daying Cun
1115.0,1115.0,141023100236,邓曲村,Dengqu Cun
1116.0,1116.0,370811105227,常营村,Changying Cun
1117.0,1117.0,130185105207,王屋村,Wangwu Cun
1118.0,1118.0,131022202222,北罗垡村,Beiluofa Cun
1119.0,1119.0,110114007203,东小口村,Dongxiaokou Cun
1120.0,1120.0,370683002002,大原村,Dayuan Cun
1124.0,1124.0,110115107257,崔指挥营村,Cuizhihuiying Cun
1125.0,1125.0,110115107238,崔庄屯村,Cuizhuangtun Cun
1126.0,1126.0,419001108209,涧南庄村,Jiannanzhuang Cun
1127.0,1127.0,410102160207,老俩河村,Laoliahe Cun
1128.0,1128.0,410482103201,临南村,Linnan Cun
1129.0,1129.0,320206102213,万马村,Wanma Cun
1130.0,1130.0,130185105211,高家台村,Gaojiatai Cun
1131.0,1131.0,310116113207,杨家村,Yangjia Cun
1132.0,1132.0,140121204200,集义村,Jiyi Cun
1133.0,1133.0,140481201215,潦河头村,Liaohetou Cun
1134.0,1134.0,141002103215,城隍村,Chenghuang Cun
1135.0,1135.0,140426201209,霞庄村,Xiazhuang Cun
1136.0,1136.0,330681001225,赵家村,Zhaojia Cun
1137.0,1137.0,140729100200,翠峰村,Cuifeng Cun
1138.0,1138.0,440111002012,三元里村,Sanyuanli Cun
1139.0,1139.0,421182100263,张牌村,Zhangpai Cun
1140.0,1140.0,410108100204,京水村,Jingshui Cun
1141.0,1141.0,110108104219,车耳营村,Cheerying Cun
1142.0,1142.0,110109106209,川底下村,Chuandixia Cun
1143.0,1143.0,371725209200,陈坡村,Chenpo Cun
1144.0,1144.0,410526211210,卜屯村,Butun Cun
1145.0,1145.0,140429100200,城关村,Chengguan Cun
1146.0,1146.0,140581203223,良户村,Lianghu Cun
1147.0,1147.0,411222102214,陈村,Chen Cun
1148.0,1148.0,140581203203,陈庄村,Chenzhuang Cun
1149.0,1149.0,440605012209,下柏村,Xiabai Cun
1150.0,1150.0,441424138200,红光村,Hongguang Cun
1151.0,1151.0,411327109222,段洼村,Duanwa Cun
1152.0,1152.0,321181109202,金桥村,Jinqiao Cun
1153.0,1153.0,130921210202,北白塔村,Beibaita Cun
1154.0,1154.0,410108006205,岗李村,Gangli Cun
1155.0,1155.0,411224103200,官道口村,Guandaokou Cun
1156.0,1156.0,441622106201,仁里村,Renli Cun
1157.0,1157.0,411224101216,荆彰村,Jingzhang Cun
1158.0,1158.0,110115005236,周村,Zhou Cun
1159.0,1159.0,610525203218,东富庄村,Dongfuzhuang Cun
1160.0,1160.0,330226112260,大里村,Dali Cun
1161.0,1161.0,331123105222,大田村,Datian Cun
1162.0,1162.0,330225200203,东陈村,Dongchen Cun
1163.0,1163.0,330523108207,大溪村,Daxi Cun
1164.0,1164.0,330322102202,东岙顶村,Dong'aoding Cun
1165.0,1165.0,330108003006,东冠村,Dongguan Cun
1166.0,1166.0,330681117250,丰江周村,Fengjiangzhou Cun
1167.0,1167.0,330621111206,六峰村,Liufeng Cun
1168.0,1168.0,330105102007,康桥村,Kangqiao Cun
1169.0,1169.0,330226111255,岭口村,Lingkou Cun
1170.0,1170.0,330185112228,林竹村,Linzhu Cun
1171.0,1171.0,370783001204,东关村,Dongguan Cun
1172.0,1172.0,330523200206,路西村,Luxi Cun
1173.0,1173.0,330281003209,兰墅桥村,Lanshuqiao Cun
1174.0,1174.0,330212110240,励江岸村,Lijiang'an Cun
1175.0,1175.0,330110109237,绿景村,Lüjing Cun
1176.0,1176.0,370725001015,东山王村,Dongshanwang Cun
1177.0,1177.0,370685101213,东良村,Dongliang Cun
1178.0,1178.0,370683107210,东坊北村,Dongfangbei Cun
1179.0,1179.0,371625101210,东鲁村,Donglu Cun
1180.0,1180.0,370212004028,大崂村,Dalao Cun
1181.0,1181.0,370212001025,董家下庄村,Dongjiaxiazhuang Cun
1182.0,1182.0,610524105211,团结村,Tuanjie Cun
1183.0,1183.0,610821105223,高念文村,Gaonianwen Cun
1184.0,1184.0,610303200203,宝陵村,Baoling Cun
1185.0,1185.0,370634202203,大濠村,Dahao Cun
1186.0,1186.0,610822101202,太家沟村,Taijiagou Cun
1187.0,1187.0,370112102215,大官庄村,Daguanzhuang Cun
1188.0,1188.0,370285106212,董格庄村,Donggezhuang Cun
1190.0,1190.0,610125101202,西屯村,Xitun Cun
1191.0,1191.0,610122204205,怀珍坊村,Huaizhenfang Cun
1192.0,1192.0,610222202216,杨柳塬村,Yangliuyuan Cun
1193.0,1193.0,610404103221,杨家村,Yangjia Cun
1195.0,1195.0,330621106223,大山西村,Dashanxi Cun
1196.0,1196.0,110106201217,郭庄子村,Guozhuangzi Cun
1197.0,1197.0,110105037212,沈家坟村,Shenjiafen Cun
1198.0,1198.0,110105036200,雷庄村,Leizhuang Cun
1199.0,1199.0,110114007204,中滩村,Zhongtan Cun
1200.0,1200.0,110106201212,郑常庄村,Zhengchangzhuang Cun
1201.0,1201.0,230204200205,查罕诺村,Chahannuo Cun
1202.0,1202.0,210212005206,寺沟村,Sigou Cun
1203.0,1203.0,510503102207,古纯村,Guchun Cun
1204.0,1204.0,532901102201,西门村,Ximen Cun
1205.0,1205.0,610821107203,贾家沟村,Jiajiagou Cun
1206.0,1206.0,420704400203,旭光村,Xuguang Cun
1208.0,1208.0,371102004201,荷疃村,Hetuan Cun
1209.0,1209.0,120112102209,东大站村,Dongdazhan Cun
1210.0,1210.0,610581100204,阳山庄村,Yangshanzhuang Cun
1211.0,1211.0,610323101201,岐星村,Qixing Cun
1212.0,1212.0,150430200214,何家窝铺村,Hejiawopu Cun
1213.0,1213.0,410727210205,贯台集村,Guantaiji Cun
1214.0,1214.0,350823200215,古楼村,Gulou Cun
1215.0,1215.0,610125100215,陈坪坊村,Chenpingfang Cun
1216.0,1216.0,430703208208,沧浪坪村,Canglangping Cun
1218.0,1218.0,320412109231,梧岗村,Wugang Cun
1219.0,1219.0,532931102208,官坪村,Guanping Cun
1220.0,1220.0,320582102217,封庄村,Fengzhuang Cun
1221.0,1221.0,140882001209,杨家巷村,Yangjiaxiang Cun
1222.0,1222.0,410104561209,王士明村,WangShiming Cun
1223.0,1223.0,520321108208,沙滩村,Shatan Cun
1224.0,1224.0,410482104218,杨其营村,Yangqiying Cun
1225.0,1225.0,410183104220,杏树岗村,Xingshugang Cun
1226.0,1226.0,370831104244,东音义村,Dongyinyi Cun
1227.0,1227.0,130127102219,东塔影村,Dongtaying Cun
1228.0,1228.0,130181104201,新垒头村,Xinleitou Cun
1229.0,1229.0,130127100204,西南关村,Xi'nanguan Cun
1230.0,1230.0,140421100203,西苗村,Ximiao Cun
1231.0,1231.0,511921231209,窄口村,Zhaikou Cun
1233.0,1233.0,370704008284,岞山站村,Zuoshanzhan Cun
1234.0,1234.0,511321235210,凤仪村,Fengyi Cun
1235.0,1235.0,330109113203,航民村,Hangmin Cun
1236.0,1236.0,410102010203,南陈伍寨村,Nanchenwuzhai Cun
1237.0,1237.0,411222101201,原店村,Yuandian Cun
1238.0,1238.0,430903107233,石坝口村,Shibakou Cun
1239.0,1239.0,371522202211,西江店村,Xijiangdian Cun
1240.0,1240.0,620725200210,静安村,Jingan Cun
1241.0,1241.0,321181002219,荆林村,Jinglin Cun
1243.0,1243.0,441421105204,澄江村,Chengjiang Cun
1245.0,1245.0,350123104214,斌溪村,Binxi Cun
1246.0,1246.0,530326102206,白雾村,Baiwu Cun
1247.0,1247.0,450123103204,镇流村,Zhenliu Cun
1248.0,1248.0,231102201201,四嘉子村,Sijiazi Cun
1249.0,1249.0,341822200203,甘溪村,Ganxi Cun
1251.0,1251.0,230126202201,新合村,Xinhe Cun
1252.0,1252.0,420527104206,大峪池村,Dayuchi Cun
1253.0,1253.0,370883109240,上九山村,Shangjiushan Cun
1254.0,1254.0,331126104200,荷地村,Hedi Cun
1255.0,1255.0,130930102208,卜老桥村,Bulaoqiao Cun
1256.0,1256.0,441900118220,杨屋村,Yangwu Cun
1257.0,1257.0,130521202211,东石善村,Dongshishan Cun
1258.0,1258.0,370685110239,半壁店村,Banbidian Cun
1259.0,1259.0,620725102215,汪庄村,Wangzhuang Cun
1260.0,1260.0,320412104212,留道村,Liudao Cun
1261.0,1261.0,511902102215,文丛村,Wencong Cun
1262.0,1262.0,510113002203,双元村,Shuangyuan Cun
1263.0,1263.0,NULL,常青村,Changqing Cun
1264.0,1264.0,440606104207,仙塘村,Xiantang Cun
1265.0,1265.0,440606104222,左滩村,Zuotan Cun
1266.0,1266.0,330211100205,十七房村,Shiqifang Cun
1267.0,1267.0,330282107022,泽山村,Zeshan Cun
1268.0,1268.0,331123100233,源口村,Yuankou Cun
1269.0,1269.0,330881108243,淤头村,Yutou Cun
1270.0,1270.0,330103009005,永丰村,Yongfeng Cun
1271.0,1271.0,330182202200,谢田村,Xietian Cun
1272.0,1272.0,330602101200,张市村,Zhangshi Cun
1273.0,1273.0,330211003211,尚志村,Shangzhi Cun
1275.0,1275.0,371102002011,石臼九村,Shijiujiu Cun
1277.0,1277.0,370611004025,穆家村,Mujia Cun
1278.0,1278.0,371102003220,牟家小庄村,Moujiaxiaozhuang Cun
1279.0,1279.0,370725116350,马宋村,Masong Cun
1280.0,1280.0,370783004203,后王村,Houwang Cun
1281.0,1281.0,330109110206,宁新村,Ningxin Cun
1282.0,1282.0,330329213200,西地村,Xidi Cun
1283.0,1283.0,330212001212,湾底村,Wandi Cun
1284.0,1284.0,330621105210,王化村,Wanghua Cun
1285.0,1285.0,371725209203,石堂村,Shitang Cun
1286.0,1286.0,370281001209,胜利村,Shengli Cun
1287.0,1287.0,370672008014,胜利西村,Shenglixi Cun
1288.0,1288.0,330602105209,宁六村,Ningliu Cun
1289.0,1289.0,NULL,南门村,Nanmen Cun
1290.0,1290.0,410482104231,史庄村,Shizhuang cun
1291.0,1291.0,410381100219,前杜楼村,Qiandulou Cun
1292.0,1292.0,410122105216,前程村,Qiancheng Cun
1293.0,1293.0,410902006015,前合村,Qianhe Cun
1294.0,1294.0,410181114202,苏家庄村,Sujiazhuang Cun
1295.0,1295.0,411324101200,石佛寺村,Shifosi Cun
1296.0,1296.0,410102160211,石佛村,Shifo Cun
1298.0,1298.0,410522203212,泉门村,Quanmen Cun
1299.0,1299.0,410102160216,孙庄村,Sunzhuang Cun
1300.0,1300.0,410105101202,王马庄村,Wangmazhuang Cun
1301.0,1301.0,411381113218,仝寨村,Tongzhai Cun
1302.0,1302.0,410883201201,汤王庙村,Tangwangmiao Cun
1303.0,1303.0,410102160204,洼刘村,Waliu Cun
1304.0,1304.0,410522101018,天池村,Tianchi Cun
1305.0,1305.0,370283002203,西河洼村,Xihewa Cun
1307.0,1307.0,370784103228,刘家庄子村,Liujiazhuangzi Cun
1308.0,1308.0,370702004017,刘家园村,Liujiayuan Cun
1309.0,1309.0,441621107201,东平村,Dongping Cun
1310.0,1310.0,440183106207,竹坑村,Zhukeng Cun
1311.0,1311.0,370502104242,刘营村,Liuying Cun
1312.0,1312.0,371082007023,马家庄村,Majiazhuang Cun
1313.0,1313.0,370612003003,马埠崖村,Mabuya Cun
1314.0,1314.0,370724116308,刘家营村,Liujiaying Cun
1315.0,1315.0,370285106221,刘建村,Liujian Cun
1316.0,1316.0,370704005211,刘家柳沟村,Liujialiugou Cun
1317.0,1317.0,370685101219,马连沟村,Maliangou Cun
1318.0,1318.0,370612001220,马家泊村,Majiabo Cun
1319.0,1319.0,370321105214,马车桥村,Macheqiao Cun
1320.0,1320.0,130928201221,西宋门村,Xisongmen Cun
1321.0,1321.0,442000113205,崖口村,Yakou Cun
1322.0,1322.0,445202104005,阳美村,Yangmei Cun
1323.0,1323.0,131102101239,徐家庄村,Xujiazhuang Cun
1324.0,1324.0,130703101205,许家庄村,Xujiazhuang Cun
1325.0,1325.0,130582104218,西左村,Xizuo Cun
1326.0,1326.0,130133101228,秀才营村,Xiucaiying Cun
1327.0,1327.0,130623201211,新庄头村,Xinzhuangtou Cun
1329.0,1329.0,440229113215,秀峰村,Xiufeng Cun
1330.0,1330.0,130425212220,阎庙村,Yanmiao Cun
1331.0,1331.0,440825204204,许家寮村,Xujialiao Cun
1332.0,1332.0,130426103201,西戌村,Xixu Cun
1333.0,1333.0,440114109205,义山村,Yishan Cun
1334.0,1334.0,130921205201,姚官屯村,Yaoguantun Cun
1335.0,1335.0,411104001201,万庄村,Wanzhuang Cun
1336.0,1336.0,411329104209,魏寨村,Weizhai Cun
1337.0,1337.0,410122104201,万滩村,Wantan Cun
1338.0,1338.0,411324313204,王洼村,Wangwa Cun
1339.0,1339.0,411282203227,西淹村,Xiyan Cun
1340.0,1340.0,411224102200,五里川村,Wulichuan Cun
1341.0,1341.0,410523100215,五里村,Wuli Cun
1342.0,1342.0,130984210201,行别营村,Xingbieying Cun
1343.0,1343.0,130481112217,固镇村,Guzhen Cun
1344.0,1344.0,410185100225,文村,Wen Cun
1345.0,1345.0,130185102207,西龙贵村,Xilonggui Cun
1346.0,1346.0,411282105203,阌峪村,Wenyu Cun
1349.0,1349.0,130185203204,西郭庄村,Xiguozhuang Cun
1350.0,1350.0,110115005251,郭上坡村,Guoshangpo Cun
1351.0,1351.0,NULL,龙眼洞村,Longyandong Cun
1352.0,1352.0,110114007201,贺家村,Hejia Cun
1353.0,1353.0,410825201216,仓头村,Cangtou Cun
1354.0,1354.0,320506107204,陆巷村,Luxiang Cun
1355.0,1355.0,440307012015,南岭村,Nanling Cun
1356.0,1356.0,130185102205,南降璧村,Nanjiangbi Cun
1357.0,1357.0,410703200202,八里营村,Baliying Cun
1358.0,1358.0,110105036204,长店村,Changdian Cun
1359.0,1359.0,130185100224,南海山村,Nanhaishan Cun
1360.0,1360.0,130185100226,东辛庄村,Dongxinzhuang Cun
1361.0,1361.0,130107100005,东王舍村,Dongwangshe Cun
1362.0,1362.0,110114115221,海䴖落村,Haijingluo Cun
1363.0,1363.0,320206102213,马盘村,Mapan Cun
1364.0,1364.0,320583105200,金家庄村,Jinjiazhuang Cun
1365.0,1365.0,410183106201,大隗村,Dakui Cun
1366.0,1366.0,NULL,石东村,Shidong Cun
1367.0,1367.0,440183101217,塘美村,Tangmei Cun
1368.0,1368.0,320584107218,开弦弓村,Kaixiangong Cun
1370.0,1370.0,110106100205,太子峪村,Taiziyu Cun
1371.0,1371.0,110106100200,张郭庄村,Zhangguozhuang Cun
1372.0,1372.0,440112007002,庙头村,Miaotou Cun
1373.0,1373.0,110106100201,东河沿村,Dongheyan Cun
1374.0,1374.0,110106012009,大灰厂村,Dahuichang Cun
1375.0,1375.0,110115005246,桂村,Gui Cun
1376.0,1376.0,411326107213,后湾村,Houwan Cun
1377.0,1377.0,310115137205,福善村,Fushan Cun
1378.0,1378.0,110106202204,郭公庄村,Guogongzhuang Cun
1379.0,1379.0,440605125225,东秀村,Dongxiu Cun
1380.0,1380.0,440605012208,上柏村,Shangbo Cun
1381.0,1381.0,320303003005,黄山垅村,Huangshanlong Cun
1382.0,1382.0,130121102237,乏驴岭村,Falüling Cun
1383.0,1383.0,410103201202,尖岗村,Jiangang Cun
1384.0,1384.0,130185101204,南甘子村,Nanganzi Cun
1385.0,1385.0,320324102219,马浅村,Maqian Cun
1386.0,1386.0,310116104208,油车村,Youche Cun
1387.0,1387.0,310116112214,金光村,Jinguang Cun
1388.0,1388.0,310116109214,农建村,Nongjian Cun
1389.0,1389.0,310116112218,海涯村,Haiya Cun
1390.0,1390.0,310116105205,马新村,Maxin Cun
1391.0,1391.0,310116104219,立新村,Lixin Cun
1392.0,1392.0,310116102223,贵泾村,Guijing Cun
1393.0,1393.0,310116112205,沙积村,Shaji Cun
1394.0,1394.0,410581107208,西丰村,Xifeng Cun
1395.0,1395.0,411282106202,冯佐村,Fengzuo Cun
1396.0,1396.0,410104100203,河西袁村,Hexiyuan Cun
1397.0,1397.0,320411101213,九龙村,Jiulong Cun
1398.0,1398.0,130185107206,杜童村,Dutong Cun
1399.0,1399.0,"130185105204, 130185105205, 130185105206",东焦村,Dongjiao Cun
1400.0,1400.0,130105202206,东营村,Dongying Cun
1402.0,1402.0,130582202212,渡口村,Dukou Cun
1403.0,1403.0,411325103220,河西村,Hexi Cun
1404.0,1404.0,310112110201,幸福村,Xingfu Cun
1405.0,1405.0,320582105210,金谷村,Jingu Cun
1406.0,1406.0,320582103208,联兴村,Lianxing Cun
1407.0,1407.0,320412411222,南周村,Nanzhou Cun
1408.0,1408.0,370503200233,郭局村,Guoju Cun
1409.0,1409.0,410522202205,李珍村,Lizhen Cun
1410.0,1410.0,130181104214,范家庄村,Fanjiazhuang Cun
1411.0,1411.0,370502002001,东赵村,Dongzhao Cun
1412.0,1412.0,442000114208,雍陌村,Yongmo Cun
1413.0,1413.0,320903110005,吴杨村,Wuyang Cun
1414.0,1414.0,411281006003,礼召村,Lizhao Cun
1415.0,1415.0,445281122201,果陇村,Guolong Cun
1416.0,1416.0,410108001200,毛庄村,Maozhuang Cun
1417.0,1417.0,140428106214,东旺村,Dongwang Cun
1418.0,1418.0,411523103203,马鞍村,Ma'an Cun
1419.0,1419.0,410325209200,黄庄村,Huangzhuang Cun
1420.0,1420.0,370306103208,东衣村,Dongyi Cun
1421.0,1421.0,411328103210,李庄村,Lizhuang Cun
1422.0,1422.0,370212004001,沟崖村,Gouya Cun
1423.0,1423.0,130983203204,孔家店村,Kongjiadian Cun
1424.0,1424.0,320903110200,朱庄村,Zhuzhuang Cun
1425.0,1425.0,419001105210,留庄村,Liuzhuang Cun
1426.0,1426.0,411222102230,人马寨村,Renmazhai Cun
1427.0,1427.0,370212003009,荷花村,Hehua Cun
1428.0,1428.0,140521103200,端氏村,Duanshi Cun
1429.0,1429.0,370611105246,房家疃村,Fangjiatuan Cun
1430.0,1430.0,441900110206,金美村,Jinmei Cun
1431.0,1431.0,320583105207,双护村,Shuanghu Cun
1432.0,1432.0,320583105204,晟泰村,Shengtai Cun
1433.0,1433.0,370303106202,傅山村,Fushan Cun
1434.0,1434.0,370672003002,古现东村,Guxiandong Cun
1435.0,1435.0,320583105203,永新村,Yongxin Cun
1436.0,1436.0,370112103260,盖家沟村,Gaijiagou Cun
1437.0,1437.0,140881101222,杜家营村,Dujiaying Cun
1438.0,1438.0,320506107201,三山村,Sanshan Cun
1439.0,1439.0,370302101210,公孙村,Gongsun Cun
1440.0,1440.0,441900110204,苏坑村,Sukeng Cun
1441.0,1441.0,440605125224,联安村,Lian'an Cun
1442.0,1442.0,370521101214,海中村,Haizhong Cun
1443.0,1443.0,440224107203,石塘村,Shitang Cun
1444.0,1444.0,440403105208,虎山村,Hushan Cun
1445.0,1445.0,440307003007,平湖村,Pinghu Cun
1446.0,1446.0,140421203200,东和村,Donghe Cun
1447.0,1447.0,370982101202,凤凰泉村,Fenghuangquan Cun
1448.0,1448.0,370612103204,蛤堆后村,Geduihou Cun
1449.0,1449.0,41072406205,刘固堤西街村,Liugudi Xijie Cun
1450.0,1450.0,130426104203,井店三街村,Jingdiansanjie Cun
1451.0,1451.0,140421204204,东掌村,Dongzhang Cun
1452.0,1452.0,140930102224,碓臼墕村,Duijiuyan Cun
1453.0,1453.0,320582105211,双龙村,Shuanglong Cun
1454.0,1454.0,NULL,石牌村,Shipai Cun
1455.0,1455.0,140521202206,冯村,Feng Cun
1456.0,1456.0,410523204211,南申庄村,Nanshenzhuang Cun
1457.0,1457.0,130481108208,尖山村,Jianshan Cun
1458.0,1458.0,320582401201,棋杆村,Qigan Cun
1459.0,1459.0,370112105204,合二庄村,He'erzhuang Cun
1460.0,1460.0,440114109204,西头村,Xitou Cun
1463.0,1463.0,320312102206,庄里寨村,Zhuanglizhai Cun
1464.0,1464.0,410704201202,何屯村,Hetun Cun
1466.0,1466.0,130406105223,三河底村,Sanhedi Cun
1467.0,1467.0,442000006204,南桥村,Nanqiao Cun
1468.0,1468.0,NULL,前进村,Qianjin Cun
1469.0,1469.0,130107101004,中凤山村,Zhongfengshan Cun
1470.0,1470.0,370612001207,东油坊村,Dongyoufang Cun
1472.0,1472.0,130123100236,教场庄村,Jiaochangzhuang Cu
1473.0,1473.0,140724203232,东寨村,Dongzhai Cun
1474.0,1474.0,320584110208,龙泾村,Longjing Cun
1475.0,1475.0,320206004214,谢村,Xie Cun
1476.0,1476.0,370982113201,北谷里村,Beiguli Cun
1477.0,1477.0,370303106202,傅山村,Fushan Cun
1478.0,1478.0,140311100232,东梁庄村,Dongliangzhuang Cun
1479.0,1479.0,370306101202,韩家窝村,Hanjiawo Cun
1480.0,1480.0,371626101209,东尉村,Dongwei Cun
1481.0,1481.0,370921105222,高桥村,Gaoqiao Cun
1482.0,1482.0,440306004003,桥头村,Qiaotou Cun
1483.0,1483.0,130582104208,后坡村,Houpo Cun
1484.0,1484.0,370112009204,东周家庄村,Dongzhoujiazhuang Cun
1485.0,1485.0,410105014204,柳园口村,Liuyuankou Cun
1486.0,1486.0,370305004223,范家村,Fanjia Cun
1487.0,1487.0,370502006002,东现河村,Dongxianhe Cun
1488.0,1488.0,410306200203,横涧村,Hengjian Cun
1489.0,1489.0,410184107220,唐河村,Tanghe Cun
1490.0,1490.0,370181109206,分水岭村,Fenshuiling Cun
1491.0,1491.0,140829100201,东韩窑村,Donghanyao Cun
1492.0,1492.0,130121100201,微水村,Weishui Cun
1493.0,1493.0,130521100218,景家屯村,Jingjiatun Cun
1494.0,1494.0,140728102200,东泉村,Dongquan Cun
1495.0,1495.0,NULL,青台村,Qingtai Cun
1497.0,1497.0,130521105211,喉咽村,Houyan Cun
1498.0,1498.0,140121102200,东于村,Dongyu Cun
1499.0,1499.0,321002004201,沙口村,Shakou Cun
1500.0,1500.0,320506005211,上林村,Shanglin Cun
NULL,NULL,NULL,NULL,NULL
NULL,NULL,NULL,NULL,NULL
